ticker,direction,entry_date,hold_days,ret_pct
AAPL,short,2022-09-30,17,-7.8284241606424
AAPL,short,2022-12-12,20,6.454093659454408
AAPL,long,2023-08-01,3,-7.261516307130556
AAPL,long,2023-10-11,11,-6.346800085456072
AAPL,short,2024-04-09,18,-8.701842442281848
AAPL,long,2024-10-21,10,-5.3060365124050435
AAPL,short,2025-08-05,3,-12.758118478724189
AAPL,long,2025-12-02,12,-3.819787123178009
AAPL,long,2026-04-14,20,13.71262788542671
ABBV,short,2022-08-02,20,3.9878098286579955
ABBV,long,2022-10-25,20,7.944331962313478
ABBV,long,2023-03-13,20,8.308728109270124
ABBV,short,2023-07-07,7,0.41559758716424033
ABBV,short,2023-08-28,12,-4.45305813776169
ABBV,short,2023-10-30,20,1.8411860180591044
ABBV,long,2024-02-06,20,5.482087967788796
ABBV,short,2024-05-28,7,-7.815798364991777
ABBV,long,2024-07-23,20,13.172158785776533
ABBV,long,2025-01-06,8,-5.100122404558293
ABBV,long,2025-06-11,10,-1.3467852017949533
ABBV,long,2025-07-11,11,-2.7696091258403444
ABBV,long,2025-08-08,20,5.379742493757322
ABBV,long,2026-03-05,6,-5.886387456493458
ABBV,short,2026-04-24,12,-4.489020390768594
ABBV,long,2026-07-29,4,-7.724911647329014
ABNB,short,2022-12-19,16,-10.032393602082458
ABNB,long,2023-07-13,19,-0.7844066954632023
ABNB,long,2023-11-17,20,16.46269105639191
ABNB,long,2024-03-04,20,0.131336286356043
ABNB,long,2024-07-03,8,-1.7217913665256046
ABNB,short,2024-07-25,20,18.26548888620022
ABNB,long,2024-11-08,3,-1.4182844643045533
ABNB,long,2025-02-14,12,-9.86502890184562
ABNB,long,2025-07-31,1,-4.994430966633812
ABNB,short,2025-10-09,7,-5.603519883199204
ABNB,short,2026-03-31,10,-9.94642587540242
ABNB,long,2026-06-22,20,2.2130872964462034
ADBE,short,2023-05-04,13,-6.451709092242153
ADBE,long,2023-07-14,19,-0.29187955449788694
ADBE,long,2023-08-31,14,-6.054843714293878
ADBE,long,2023-12-13,1,-7.260348098205016
ADBE,short,2024-05-31,11,-15.862590194772785
ADBE,short,2024-09-17,20,3.101333218160207
ADBE,short,2025-06-18,20,4.739702115241196
ADBE,short,2025-10-13,10,-5.467940395864046
ADBE,short,2026-06-01,1,2.922227647569442
AMAT,short,2022-08-25,20,17.3384329641316
AMAT,short,2022-12-23,12,-13.972483365095512
AMAT,long,2023-03-10,19,-3.2871383387079955
AMAT,long,2023-05-16,20,16.833564536670398
AMAT,long,2023-06-28,8,-3.6694715554486557
AMAT,long,2024-06-11,20,6.155669455439083
AMAT,short,2024-11-18,20,-1.586357215110712
AMAT,short,2025-01-07,20,-1.516074646803145
AMAT,short,2025-04-04,13,-16.311670249427014
AMAT,long,2025-09-16,20,26.516290123663786
AMAT,long,2025-10-30,12,-3.81444701488467
AMAT,long,2025-12-01,18,4.6637087352437545
AMAT,long,2026-02-18,15,-2.920111001855541
AMAT,long,2026-04-09,20,6.59052943502596
AMD,short,2022-08-29,20,25.408111168704583
AMD,short,2022-12-13,20,5.436088614288215
AMD,long,2024-03-01,13,-9.185997472673957
AMD,long,2024-05-17,17,-4.862546778341592
AMD,long,2024-07-09,10,-13.468562710733245
AMD,short,2025-01-13,20,3.6259545015943084
AMD,short,2025-02-26,17,-1.4197289533022905
AMD,long,2025-10-07,20,16.383521502569877
AMD,long,2026-04-07,20,62.769182950061065
AMD,long,2026-07-01,10,-10.150130734094597
AMZN,long,2023-04-28,20,11.491689285853134
AMZN,long,2023-06-28,19,-0.612694687423232
AMZN,long,2023-12-20,11,-2.4852766152112515
AMZN,long,2024-03-05,20,3.0972764444579415
AMZN,long,2024-09-12,18,-1.1255420977845598
AMZN,long,2024-11-04,20,8.648514002084884
AMZN,short,2025-04-04,16,-12.108887964242854
AMZN,long,2025-06-11,20,3.500299196065848
AMZN,long,2025-10-29,16,-6.271851726221744
AMZN,short,2026-03-30,6,-9.812390654998747
AMZN,long,2026-07-15,8,-7.351351595736366
ARKK,short,2022-12-16,17,-6.066953525220442
ARKK,short,2023-04-26,12,-3.3744842702086553
ARKK,long,2023-07-05,20,4.358508884859336
ARKK,short,2023-10-23,11,-14.690221327313658
ARKK,long,2024-02-13,20,4.763887934398947
ARKK,short,2024-05-31,12,-1.111110031850071
ARKK,long,2024-07-08,16,-2.303349332349236
ARKK,long,2024-10-30,20,18.9881386183028
ARKK,long,2025-01-23,20,-2.1138198976594302
ARKK,long,2025-09-16,20,8.310993130357858
ARKK,short,2026-03-27,11,-12.222557721323657
ARKK,short,2026-05-20,6,-10.19227366104747
ARKK,short,2026-07-20,16,-6.45885543360325
AVGO,short,2022-08-25,20,12.141720952237655
AVGO,long,2023-01-13,20,4.153165299824368
AVGO,long,2023-05-18,20,32.33383998251753
AVGO,short,2025-03-31,12,-6.152346512997142
AVGO,long,2025-09-08,17,-2.730849117888401
AVGO,long,2025-10-29,11,-8.898949928406063
AVGO,short,2026-03-27,8,-15.583275738932677
AVGO,long,2026-06-03,3,-19.84316118638735
AVGO,long,2026-07-24,19,-6.100390616820661
AXP,short,2022-12-20,15,-6.848742878521663
AXP,long,2023-02-28,1,1.091896566434758
AXP,short,2023-05-03,18,-3.099308475955964
AXP,short,2023-09-25,18,1.7016040223613804
AXP,short,2023-10-23,11,-8.113071185539965
AXP,long,2024-09-17,20,6.037782658401847
AXP,long,2025-01-17,17,-2.1148793526084897
AXP,long,2025-06-26,17,-1.7572104657218368
AXP,short,2026-05-12,18,0.009604834817844576
BA,short,2022-09-02,20,18.776982364344363
BA,long,2022-12-13,20,12.144841525687289
BA,long,2023-04-04,14,-4.627357338959315
BA,long,2023-06-05,15,-1.8051416567662404
BA,long,2023-07-27,18,-2.2019097452842695
BA,short,2024-02-27,20,6.6839163715353145
BA,short,2024-08-06,17,-1.9953787254226585
BA,short,2024-11-14,10,-10.397726613874303
BA,long,2025-02-07,13,-6.169703667652593
BA,long,2025-08-27,10,-6.530419390435494
BA,long,2025-10-28,2,-10.821892812107903
BA,long,2026-05-12,3,-7.744767576081979
BA,long,2026-07-07,5,-7.965236868288383
BAC,short,2022-09-26,16,-11.366543448208667
BAC,short,2022-12-06,19,1.2438539455357889
BAC,short,2023-08-16,20,1.8487369312959578
BAC,short,2023-09-25,20,7.018182927911932
BAC,long,2024-03-05,20,7.185795303761511
BAC,long,2024-07-09,16,-1.1040161108261337
BAC,long,2024-09-16,20,7.987627839288125
BAC,long,2025-06-24,17,1.219250684115969
BAC,short,2026-05-12,15,-3.02792154354381
BKNG,long,2023-03-03,9,-6.157310192401589
BKNG,long,2023-05-22,4,-6.265527269967331
BKNG,long,2023-06-23,20,9.693138157961334
BKNG,long,2023-09-22,20,-9.46995127335093
BKNG,long,2023-12-12,20,5.7241975874631645
BKNG,long,2024-02-01,17,-3.177117912240035
BKNG,long,2024-03-25,15,-3.898360863356931
BKNG,long,2024-05-09,20,4.755219061077276
BKNG,long,2024-06-20,20,-0.6946186415228262
BKNG,long,2025-02-13,14,-7.184361751512903
BKNG,short,2025-10-09,20,3.614940872000927
BKNG,short,2025-11-13,13,3.112478487474879
BKNG,short,2026-01-20,20,14.80585692451869
BKNG,long,2026-07-29,18,8.613316004204474
BLK,short,2022-07-21,1,0.09459756482964599
BLK,long,2023-01-10,20,-2.637303656800738
BLK,long,2023-07-13,17,-2.7726619263447327
BLK,long,2024-02-26,16,-1.0666532195395262
BLK,long,2024-05-09,15,-0.7545950550148062
BLK,long,2024-06-25,20,4.177680628786695
BLK,long,2024-08-14,20,3.398241279480163
BLK,long,2024-09-18,20,11.399304977978918
BLK,long,2024-12-17,3,-2.588026516498365
BLK,short,2025-03-12,7,-3.4489109205163127
BLK,long,2025-06-26,20,10.06937716056029
BLK,long,2026-01-06,3,-3.0572108373996376
BLK,long,2026-01-16,12,-7.187577906020914
BLK,short,2026-03-09,20,-3.12896952130044
BLK,long,2026-05-15,5,-1.9661604308038538
BMY,long,2022-08-26,20,-2.4610632482338968
BMY,long,2022-10-26,20,8.277470727716295
BMY,long,2022-11-29,12,-4.834408928589406
BMY,short,2023-02-22,20,5.694256681926168
BMY,short,2023-05-25,16,-1.6784667337733872
BMY,short,2023-07-10,20,3.4488261385512864
BMY,short,2023-09-08,20,5.817819163692295
BMY,short,2023-10-27,20,5.821323388491928
BMY,short,2024-01-18,20,0.3627575756760426
BMY,short,2024-05-24,18,-1.255736439700006
BMY,short,2024-07-08,10,-7.6437911855471
BMY,long,2024-08-30,8,-2.9766683545857653
BMY,long,2024-10-02,17,-1.7225130239811093
BMY,long,2024-11-05,20,5.857815701830971
BMY,long,2025-01-24,13,-5.007611324494365
BMY,short,2025-05-12,13,-4.502160134217892
BMY,short,2025-08-01,10,-11.075436708916131
BMY,short,2025-09-22,20,3.1978651249065626
BMY,long,2026-06-30,20,7.514056825016158
C,short,2023-06-06,20,1.753621092608948
C,short,2023-08-10,20,9.214938528852713
C,short,2023-10-25,10,-8.062012584952182
C,long,2024-03-04,20,13.409132513330624
C,long,2024-07-01,19,1.0212121135843688
C,long,2024-12-06,9,-5.379614881740691
C,long,2025-02-19,4,-7.0425866534421395
C,long,2025-08-29,20,6.7356461804993994
C,long,2025-11-04,12,-2.5162298892324686
C,long,2025-12-05,20,13.773569316667844
C,long,2026-02-10,8,-10.483350382098722
C,long,2026-04-02,20,13.461540943432503
C,long,2026-06-04,20,9.590916377026337
C,long,2026-08-13,7,-4.750880312674443
CAT,long,2022-12-28,20,8.801517318826036
CAT,short,2023-05-04,20,-4.89701535830116
CAT,long,2024-07-16,13,-7.484932808619504
CAT,short,2025-04-04,17,-8.51578561883224
CAT,long,2025-06-12,20,12.760867620201388
CAT,long,2025-12-05,13,-3.3509917606581174
CAT,long,2026-04-09,20,15.871927870815817
CAT,long,2026-06-16,17,-1.2017413275923539
CMCSA,short,2023-01-05,1,-2.68292249775004
CMCSA,long,2023-03-31,17,-2.0386347043275466
CMCSA,long,2023-05-26,20,5.627706525096454
CMCSA,long,2023-07-13,20,7.614803314208984
CMCSA,long,2023-08-28,4,0.37313299494128316
CMCSA,long,2023-12-15,15,-2.9813970510210397
CMCSA,long,2024-03-14,13,-3.642694594656104
CMCSA,short,2024-04-05,20,5.333981736812388
CMCSA,short,2024-06-14,18,-2.461872556278699
CMCSA,short,2024-08-13,11,-2.647817946847142
CMCSA,long,2024-09-27,20,1.0429320484022897
CMCSA,long,2024-11-01,16,-2.59301282639004
CMCSA,short,2024-12-10,20,6.936263047536039
CMCSA,short,2025-06-13,6,0.1418018906149121
CMCSA,short,2025-09-18,20,9.495824498704097
CMCSA,short,2026-03-19,20,-2.9176735620950245
COIN,short,2022-11-07,20,29.316666920979817
COIN,short,2022-12-16,16,-17.085559168298104
COIN,long,2023-03-21,10,-17.969566280316805
COIN,short,2023-04-25,15,-3.895175048113386
COIN,short,2023-06-13,9,-34.922780731713445
COIN,long,2023-09-22,1,-4.954295892972194
COIN,long,2023-11-07,20,56.18330585748112
COIN,long,2024-02-13,20,81.89897885523689
COIN,long,2024-05-29,17,-11.174799697275638
COIN,long,2025-01-22,15,-5.357019216534753
COIN,long,2025-09-19,20,-1.9663964756454155
COIN,short,2026-01-15,20,34.42674898216891
COIN,short,2026-05-28,20,12.56965642800074
COIN,short,2026-08-06,11,-27.071417602483994
COP,long,2023-01-13,14,-10.34168272627406
COP,long,2023-09-06,15,0.5062424357048956
COP,long,2024-03-14,20,10.09482165321689
COP,short,2024-07-26,16,-0.5308109129924299
COP,short,2025-03-05,9,-13.171222230181145
COP,long,2025-08-28,7,-6.332210771690661
COP,short,2025-10-13,20,0.14712228669081506
COP,long,2025-12-05,16,1.983311908131724
COP,long,2026-01-06,1,-6.247499698098302
COP,long,2026-02-02,20,16.756963992580598
COP,long,2026-05-07,2,-0.49943530128093716
COST,long,2023-04-25,8,-2.3614358791137824
COST,short,2023-05-25,3,-6.528395214877225
COST,long,2024-05-07,20,9.96586024703836
COST,long,2024-07-08,5,-4.291884042629556
COST,long,2024-09-16,11,-4.839478863035518
COST,long,2024-11-11,20,5.2553546580437205
COST,long,2024-12-23,20,-1.4886581262153364
COST,long,2025-04-15,20,0.6282034398717551
COST,long,2025-05-19,15,-1.1123067274932952
COST,short,2025-07-17,16,-3.221936486084309
COST,short,2025-11-12,20,3.3851454691160687
COST,long,2026-05-18,8,-8.92190406436012
COST,short,2026-07-02,17,-4.269689006455635
COST,long,2026-07-30,15,-2.254352567123874
CRM,short,2022-10-17,2,-5.2029783416506215
CRM,long,2023-07-13,15,-5.563829516285146
CRM,short,2023-10-30,6,-6.4522594662767
CRM,long,2024-02-28,17,2.7338282957799054
CRM,long,2024-05-17,8,-24.048917218201204
CRM,short,2024-08-07,6,-8.317879676766005
CRM,long,2024-11-07,20,17.72032202743903
CRM,short,2025-04-02,18,-0.6768004092265523
CRM,short,2025-09-18,20,-0.7536026827870579
CRM,short,2026-01-14,20,22.472615455282007
CRM,short,2026-03-30,16,-5.385894847036776
CRM,short,2026-05-14,11,-26.265063917780495
CRWD,short,2022-09-02,20,2.8517335641004893
CRWD,long,2023-07-20,14,-6.112429103209028
CRWD,long,2023-09-05,18,3.943368410639292
CRWD,long,2024-11-08,20,6.973232237716376
CRWD,long,2024-12-13,4,-4.090164267951668
CRWD,long,2024-12-27,20,9.946009700897317
CRWD,long,2025-05-28,20,6.815230264694527
CRWD,long,2025-07-01,9,-7.085222271403646
CRWD,long,2025-09-17,20,9.892132362622895
CRWD,long,2025-10-27,17,-2.243953818479605
CRWD,short,2026-01-21,5,-5.435955604810383
CRWD,short,2026-02-04,20,-3.451959299030638
CVX,long,2023-01-13,13,-4.562652887313812
CVX,short,2023-05-03,20,3.7875374426480812
CVX,short,2023-07-05,5,-1.2301854654080735
CVX,long,2023-09-06,20,-1.9485238855844078
CVX,short,2023-10-12,20,13.058919994351093
CVX,short,2024-03-08,7,-4.853719111600729
CVX,long,2024-07-19,10,-8.573358593103553
CVX,short,2024-09-09,11,-6.354585687665226
CVX,long,2024-11-07,20,-1.7095079818324366
CVX,long,2025-03-19,13,-12.934091548941973
CVX,long,2025-08-18,2,-1.8638337097943158
CVX,long,2025-08-26,17,-0.8253367013560053
CVX,long,2025-10-02,20,-0.28579008977570597
CVX,short,2025-11-26,20,-1.1871103674861105
CVX,long,2026-01-02,20,14.36551282998748
CVX,long,2026-03-06,20,4.18063470421548
CVX,long,2026-05-13,10,-1.4961513459038844
DDOG,short,2022-07-25,8,-17.542550918903753
DDOG,short,2022-08-31,20,17.95280977679162
DDOG,short,2022-10-12,20,18.649396762599324
DDOG,short,2023-04-26,6,-11.373714807584868
DDOG,long,2023-07-13,18,-17.33333247368325
DDOG,long,2023-09-07,11,-7.222740843490305
DDOG,short,2023-10-27,9,-22.530561879703658
DDOG,long,2024-02-13,8,2.252969251791015
DDOG,long,2024-11-22,19,0.6464691675873269
DDOG,long,2025-01-29,13,-11.673821894512294
DDOG,long,2025-09-08,20,15.459687696941549
DDOG,long,2025-11-07,12,-13.728356782610229
DDOG,short,2026-04-07,10,-12.426081118376352
DDOG,long,2026-08-05,1,-21.322444824263442
DE,short,2022-09-16,17,-2.2600616535838114
DE,long,2023-01-18,1,-6.943904550016711
DE,long,2023-02-23,12,-7.386392147107246
DE,short,2023-05-24,10,-6.262384752128658
DE,long,2023-07-19,17,0.6524019257880376
DE,short,2023-10-26,15,-2.0377351909956154
DE,long,2024-05-14,6,-5.851217130335362
DE,long,2024-09-16,20,2.959596267854314
DE,long,2024-11-22,18,-2.1333672720898367
DE,long,2025-02-19,8,-6.112950835613673
DE,short,2025-09-15,20,7.019443469396092
DE,long,2025-11-26,3,-1.6725024426598512
DE,short,2025-12-22,11,-6.214207379208636
DE,long,2026-04-10,12,-8.82691014277065
DHR,short,2022-11-11,20,-1.6540301591072115
DHR,short,2023-02-10,20,5.309801231444755
DHR,short,2023-04-26,20,0.4372402568985967
DHR,long,2023-07-24,18,-0.8432332611652993
DHR,short,2023-10-10,20,8.971942645896103
DHR,long,2024-02-01,20,6.897557847901314
DHR,long,2024-09-17,14,-2.5770154073399887
DHR,short,2025-01-07,20,11.760506509732805
DHR,short,2025-04-03,16,3.158674885444057
DHR,short,2025-05-27,9,-6.183363788552243
DHR,short,2025-07-21,6,-8.9314902145351
DHR,long,2026-01-06,16,-6.675734751893437
DIA,long,2022-12-12,20,1.0769307310745546
DIA,long,2023-09-22,20,-2.788458696152629
DIA,long,2024-01-29,20,2.2729668404486647
DIA,long,2024-03-13,17,-0.6612362638175995
DIA,long,2024-07-11,17,-2.6893087902908785
DIA,long,2024-09-20,20,3.1618125831559984
DIA,long,2025-01-22,20,0.20386066139002068
DIA,long,2025-06-11,20,3.189415726016809
DIA,long,2025-10-03,6,-1.097064294080452
DIA,long,2025-10-28,15,-3.654970853417594
DIA,long,2026-01-06,20,1.1076397475048072
DIA,long,2026-02-12,8,-1.651660103342334
DIA,long,2026-05-26,20,2.157340277995723
DIA,long,2026-06-30,15,-0.16847035970957158
DIA,long,2026-08-05,13,-1.7761758873043654
DIS,short,2023-05-12,20,-0.866366778736305
DIS,short,2023-07-19,16,-6.450122256183755
DIS,long,2024-01-23,20,12.826153017528252
DIS,long,2024-03-11,20,7.1577846715763505
DIS,short,2024-07-03,20,4.895741481418869
DIS,long,2024-12-17,20,-3.6116384583606664
DIS,long,2025-06-11,20,1.2586632266719633
DIS,long,2025-11-13,1,-2.8377227984302644
DIS,short,2026-02-03,20,1.6606202367253076
DIS,short,2026-03-09,20,4.743912608342327
DIS,short,2026-07-01,20,0.40393513963885574
FDX,short,2022-07-15,11,-9.40304346844647
FDX,short,2022-08-29,20,32.95559698776709
FDX,short,2022-10-17,20,-10.411925424225622
FDX,short,2022-12-20,9,-8.057418780153714
FDX,long,2024-06-27,20,2.394927807513758
FDX,short,2025-02-04,17,-5.573855235803538
FDX,short,2025-04-04,19,-3.6415124523548004
FDX,long,2026-04-10,19,-0.4317259166351728
FDX,long,2026-08-13,7,2.159086751717809
GE,long,2023-03-06,20,11.86518624785684
GE,long,2023-05-19,20,-0.47837485535249247
GE,long,2023-07-05,20,3.465167677809844
GE,long,2023-11-10,20,5.759255644872918
GE,long,2023-12-19,20,4.939369373477076
GE,long,2024-07-30,20,0.29916106194658454
GE,long,2024-10-15,6,-6.272893102523791
GE,long,2025-03-24,9,-19.384303578817295
GE,long,2025-09-05,20,5.2184120025649205
GE,long,2025-12-22,20,-4.731146192556313
GILD,short,2022-08-01,8,-4.483855252886593
GILD,long,2023-02-13,8,-6.966543827837201
GILD,long,2023-04-04,19,-3.270804594664123
GILD,short,2023-07-10,7,-5.98657595231229
GILD,short,2023-09-15,9,2.31835375825995
GILD,long,2024-10-17,20,5.971010757867834
GILD,long,2025-10-14,20,4.288632623803523
GILD,long,2025-11-20,12,-6.997035985490241
GILD,long,2026-01-23,20,14.147499696300558
GILD,short,2026-06-10,16,-3.159822699768511
GILD,long,2026-07-08,15,-2.8188651719875946
GILD,long,2026-08-18,4,4.814289637974323
GLD,short,2022-06-28,20,4.93914787647407
GLD,long,2023-01-04,20,2.9156503924199217
GLD,long,2024-07-08,20,1.2930232861876778
GLD,long,2024-09-16,20,2.6557247560610175
GLD,long,2025-07-23,6,-3.515926288191684
GLD,long,2026-04-30,1,-0.5078298962492789
GOOGL,long,2023-05-12,20,5.965031767456996
GOOGL,long,2023-09-01,15,-4.6195298947814045
GOOGL,long,2024-04-29,20,4.341651747242392
GOOGL,long,2024-06-26,16,-2.7213497715735224
GOOGL,long,2024-10-31,17,-3.1652578015217037
GOOGL,long,2025-02-03,5,-7.085555357873307
GOOGL,short,2025-03-28,18,0.7539452130673197
GOOGL,long,2025-10-24,20,16.790092503068355
GOOGL,long,2025-11-25,16,-7.280586316213611
GOOGL,long,2026-07-22,1,-8.751723604149076
GS,short,2022-09-21,20,4.050228708068271
GS,long,2023-09-15,10,-6.25235026912322
GS,long,2024-03-25,15,-2.4602477169007986
GS,long,2024-07-05,20,0.6781212525844404
GS,long,2024-11-07,20,1.6406767247086895
GS,long,2025-01-16,20,8.288660202303856
GS,long,2025-02-19,3,-6.417767881960268
GS,long,2025-06-18,20,13.410513633149112
GS,long,2025-07-31,20,3.3897993279992544
GS,long,2025-09-11,19,0.5841981561690357
GS,long,2025-11-03,14,-1.968157083373434
GS,long,2025-12-03,20,12.471863352726897
GS,long,2026-04-06,20,4.666282680330247
GS,long,2026-05-21,20,12.640878260961962
HD,long,2023-01-25,1,-0.48203123026598904
HD,short,2023-03-23,7,-4.371450884738004
HD,short,2023-05-09,13,-2.327278482031825
HD,long,2023-06-13,20,4.034395652536782
HD,long,2024-02-13,20,5.724325311405387
HD,long,2024-03-22,6,-8.029086687117392
HD,long,2024-05-13,9,-6.596561402093604
HD,long,2024-11-25,15,-3.889411477481619
HD,short,2025-04-09,9,-8.466222400329126
HD,short,2025-06-11,13,-1.0890146974449344
HD,short,2025-11-07,20,5.170868337145517
HD,short,2026-03-06,20,8.639596663363736
HON,short,2022-06-14,20,8.442258769766731
HON,long,2023-04-14,19,-0.8434232915405349
HON,long,2023-06-14,20,2.0495049232563733
HON,short,2023-07-28,20,5.747237299386931
HON,short,2024-02-07,13,-1.3864022413667465
HON,long,2024-03-04,10,-0.8416041192493062
HON,long,2024-04-01,3,-4.547444531870237
HON,long,2024-05-13,20,2.4652680456959564
HON,long,2024-07-18,5,-7.968906135968112
HON,long,2024-10-10,14,-3.4515353627331935
HON,short,2025-02-10,17,-2.2803131655491082
HON,long,2025-03-10,7,-2.6319499367481125
HON,short,2025-04-07,15,-10.838003018424036
HON,short,2025-10-02,15,-4.831353944671579
HON,long,2026-05-22,12,-8.716858093602408
HOOD,short,2022-10-06,2,2.230481096775072
HOOD,long,2022-11-02,6,-21.969693868139117
HOOD,short,2022-12-20,16,-14.63714100408884
HOOD,short,2023-03-13,15,-10.282483708333867
HOOD,short,2023-09-22,20,7.870834964491746
HOOD,long,2024-02-13,20,47.80362062752428
HOOD,long,2024-05-21,20,3.2794610108584754
HOOD,long,2024-07-18,5,-12.551606500263224
HOOD,long,2025-01-16,20,43.12650275317262
HOOD,long,2025-08-13,11,-10.341546845372395
HOOD,long,2025-11-10,3,-10.276853807729792
HOOD,short,2026-03-25,14,-21.573273101212777
HOOD,long,2026-08-24,0,-3.027467604437306
IBM,long,2023-01-18,6,-6.890579895297655
IBM,long,2023-07-21,20,2.3153149502894266
IBM,long,2024-03-05,16,-0.6249984105428097
IBM,long,2024-08-14,20,10.703639742173943
IBM,long,2025-01-31,20,-2.288609892963811
IBM,long,2025-05-07,20,6.979350016561714
IBM,long,2025-09-09,20,14.739185038141024
IBM,short,2026-02-12,20,8.886418830351383
IBM,short,2026-04-13,4,-8.492058350057508
IBM,short,2026-05-22,20,-1.10284861021277
INTC,short,2022-12-12,19,-4.656954896458365
INTC,short,2023-02-10,20,2.4610872909207937
INTC,short,2023-05-26,4,-14.103494375233172
INTC,long,2023-08-15,1,-5.309237718770088
INTC,short,2025-01-15,20,-24.381441418784267
INTC,long,2025-05-13,10,-8.89981984256697
INTC,long,2025-06-25,20,0.22143152005973388
INTC,short,2025-07-28,14,-17.963495801817487
INTC,long,2025-09-19,20,21.823565977344494
INTC,long,2025-10-31,5,-6.268434655680444
INTC,long,2026-04-07,20,108.3413635981171
INTC,long,2026-06-22,12,-19.105804438298424
ISRG,short,2022-06-14,15,-7.234240085197707
ISRG,long,2022-12-13,5,-8.11456708730981
ISRG,long,2023-03-22,20,21.174218018152892
ISRG,long,2023-05-18,5,-1.3317329290095326
ISRG,long,2023-06-06,20,4.177980753220845
ISRG,short,2023-10-13,18,-4.159954526141463
ISRG,long,2024-03-05,20,-4.144996643066401
ISRG,long,2024-05-16,20,6.904690188883644
ISRG,long,2024-08-09,20,3.631729705256226
ISRG,long,2024-10-21,20,2.42756572797751
ISRG,long,2025-01-16,19,1.50876063008063
ISRG,long,2025-02-25,2,-3.414423892235985
ISRG,short,2025-04-08,1,-9.043335178506329
ISRG,long,2025-05-01,20,6.604653759896184
ISRG,short,2025-09-04,20,-0.526448821476766
ISRG,long,2025-10-23,20,5.1125845787160396
ISRG,short,2026-03-24,20,-2.083376278034299
ISRG,short,2026-05-07,20,6.838250574343318
ISRG,short,2026-07-07,20,16.207055969585472
IWM,short,2022-12-12,20,-2.186182985678675
IWM,short,2023-03-10,20,2.5722043380164816
IWM,short,2023-05-04,10,-3.426333683303362
IWM,long,2023-07-05,1,-2.3245903863678863
IWM,long,2023-07-12,20,-0.6173413657028282
IWM,long,2024-02-13,20,4.836410882746844
IWM,long,2024-04-01,7,-4.668601507432513
IWM,long,2024-07-12,17,-4.00150495290752
IWM,long,2024-10-17,10,-4.032439737164994
IWM,long,2025-01-23,17,0.1233922562567491
IWM,short,2025-02-25,20,4.00702424763174
IWM,short,2025-04-04,15,-6.752095608040731
IWM,long,2025-08-14,20,4.333739183453078
IWM,long,2026-04-09,20,9.073348441566885
IWM,long,2026-06-25,14,-1.312096961783027
IWM,long,2026-08-10,10,-0.845232592053391
JNJ,short,2022-07-21,20,1.9288437050474783
JNJ,long,2022-11-25,17,-0.9640357801303012
JNJ,short,2023-01-17,20,6.873567076935161
JNJ,short,2023-05-17,16,-0.1376814756535838
JNJ,short,2023-09-27,20,4.42047826074824
JNJ,long,2024-01-04,17,-1.7451526266099915
JNJ,short,2024-02-05,13,-3.3395030375814816
JNJ,long,2024-02-27,14,-2.232756587763929
JNJ,short,2024-03-20,20,6.396911785675263
JNJ,long,2024-08-27,19,-0.4403677190844779
JNJ,short,2024-12-06,20,2.115271219639847
JNJ,short,2025-04-02,16,-0.37011060616163327
JNJ,short,2025-05-15,11,-4.9999958760029495
JNJ,long,2025-10-01,20,0.3225839266213004
JNJ,long,2026-01-15,20,11.556615366565094
JNJ,long,2026-04-07,8,-2.741094001568334
JNJ,long,2026-05-21,20,0.8590554242957182
JNJ,long,2026-08-20,2,-0.13166984623225186
JPM,short,2022-09-23,17,-7.987272187533501
JPM,long,2023-01-06,20,4.253282214392873
JPM,long,2023-02-08,18,-2.825095654908538
JPM,long,2023-04-17,17,-2.479457875219848
JPM,long,2023-06-08,20,3.1847556592405457
JPM,short,2023-10-25,13,-3.7063322071695604
JPM,long,2024-07-31,2,-7.281869577492528
JPM,long,2024-10-14,20,7.208779819841005
JPM,long,2024-12-06,3,-0.8831901489206873
JPM,long,2025-06-20,20,5.588414372818762
JPM,long,2025-07-28,9,-2.9899864902868334
JPM,long,2025-09-02,20,5.052282161050203
JPM,long,2025-11-07,9,-4.331658318992194
JPM,long,2026-04-09,20,-0.22154199912548522
JPM,short,2026-05-14,15,-3.3482200553142993
JPM,long,2026-06-09,20,7.004558314260856
JPM,long,2026-07-23,20,1.434012757013825
KLAC,long,2022-12-14,4,-5.499919431489908
KLAC,long,2023-05-09,20,22.2544465752295
KLAC,long,2023-06-29,4,-3.6812887973776243
KLAC,long,2023-09-05,8,-10.412022063412563
KLAC,long,2024-06-13,20,5.159186318810938
KLAC,long,2024-10-10,4,-13.743601639083325
KLAC,short,2024-11-18,11,-8.464258150598148
KLAC,long,2025-02-18,7,-7.767400693775284
KLAC,short,2025-03-03,16,-1.0244420792595132
KLAC,short,2025-04-04,13,-16.349950148331803
KLAC,long,2025-08-15,3,-4.95438897605569
KLAC,long,2026-04-09,20,5.5907865930553635
KLAC,long,2026-05-27,20,26.45177432830177
KO,short,2023-01-13,20,0.16474841443397947
KO,long,2023-03-30,20,3.668391109536251
KO,short,2023-09-06,20,6.107127399502865
KO,long,2024-02-22,9,-2.36104673188533
KO,long,2024-03-27,6,-2.1056137106706174
KO,long,2024-07-18,20,5.941355390131653
KO,short,2025-01-08,11,-4.722080954516161
KO,long,2025-04-14,18,-1.0939780859829495
KO,long,2025-08-12,12,-3.4735937518684312
KO,short,2026-01-06,6,-5.043376264428234
KO,long,2026-04-22,20,8.878506529243847
KO,long,2026-07-29,18,3.7676212976889945
LLY,long,2022-09-29,20,6.695207734177888
LLY,long,2022-12-08,7,-4.1472460433273355
LLY,short,2023-02-21,19,-1.9715764411941672
LLY,long,2024-01-04,20,6.779581931735423
LLY,short,2025-01-21,5,-10.081087523645515
LLY,short,2025-04-07,11,-18.839997079113612
LLY,long,2025-07-29,2,-4.445447730894935
LLY,long,2026-06-29,16,-4.888043482818338
LLY,long,2026-08-13,7,0.6969235679978869
LMT,long,2022-07-15,20,7.562358976863237
LMT,short,2022-09-29,14,-10.271186360299712
LMT,long,2023-04-06,13,-6.073617113837015
LMT,long,2023-06-09,20,0.1933848746549227
LMT,long,2023-07-14,5,-2.412015071754292
LMT,short,2023-07-31,17,-1.0806999981066934
LMT,short,2023-09-07,20,6.285375918982162
LMT,short,2023-11-24,7,1.206582429890779
LMT,long,2024-01-04,13,-6.631914478168621
LMT,long,2024-03-22,20,3.786273694547937
LMT,long,2024-04-30,20,-3.074416751817033
LMT,long,2024-07-19,20,16.8056877219539
LMT,long,2024-09-03,20,6.791455960564319
LMT,short,2025-06-30,11,-2.6161690487137346
LMT,short,2025-07-23,17,-5.752123750782556
LMT,long,2026-05-29,14,-4.716167851690855
LMT,long,2026-08-21,1,-1.2843784683921888
LOW,short,2022-10-21,7,-8.650501692437329
LOW,long,2023-02-03,12,-6.68232225643437
LOW,short,2023-03-27,6,-6.802752763472797
LOW,short,2023-05-17,4,-3.651501709180338
LOW,long,2023-06-14,20,5.512252676376472
LOW,long,2023-09-01,12,-7.486009109424696
LOW,short,2024-05-24,15,-4.147147309399868
LOW,long,2024-08-27,20,6.047386765965435
LOW,long,2024-11-20,17,0.3085300224485943
LOW,short,2025-04-09,15,-6.475097737000302
LOW,long,2026-01-12,20,6.822028541248493
LOW,long,2026-02-12,8,-9.11227903519788
LOW,short,2026-07-14,15,-4.189959569420898
LRCX,short,2022-12-23,12,-15.881863071723767
LRCX,long,2023-03-24,13,-3.2330114864608572
LRCX,long,2023-05-08,20,15.509436265477605
LRCX,long,2023-07-03,20,11.361716192376182
LRCX,long,2023-10-17,5,-5.346787214146531
LRCX,long,2023-12-12,19,2.27694222206678
LRCX,long,2024-05-16,20,9.044789819229004
LRCX,short,2025-04-04,15,-14.49368359712475
LRCX,long,2025-06-11,20,11.314152572864945
LRCX,long,2025-08-13,14,-8.225354118526262
LRCX,long,2026-02-23,8,-12.500514638175463
LRCX,long,2026-05-07,20,2.1041645711495915
LULU,long,2022-10-28,20,15.6427012922417
LULU,short,2023-01-11,3,-4.202599159539089
LULU,short,2023-03-09,12,-3.758214706271934
LULU,long,2023-04-28,9,0.042423284695036756
LULU,long,2024-03-22,20,-13.083481430649401
LULU,short,2024-07-05,20,22.148186119969093
LULU,short,2024-09-16,6,1.2884387307503409
LULU,long,2024-12-03,20,11.617100456775574
LULU,short,2025-10-22,20,8.481675198946615
LULU,short,2026-01-21,20,3.1919954806005513
LULU,short,2026-03-11,20,0.5197815453438892
LULU,short,2026-07-08,1,-3.106196580734921
MA,short,2022-08-26,20,15.922331367932241
MA,long,2023-04-03,20,3.700949772445794
MA,long,2023-07-03,20,1.4642027495141985
MA,long,2023-08-30,17,-2.9630186077177156
MA,long,2024-01-22,20,2.909013780600045
MA,long,2024-07-02,20,6.599998035650145
MA,long,2024-10-17,13,-2.078285638963484
MA,long,2024-11-12,20,1.0111579792021264
MA,long,2024-12-13,6,-0.9753376461021146
MA,long,2025-07-24,20,5.323840375472644
MA,short,2025-10-30,20,0.18673730261037358
MA,short,2026-01-14,18,0.7548182463842923
MA,short,2026-05-11,20,-0.048482875631306044
MCD,long,2022-08-01,20,-2.6205548331256656
MCD,short,2022-09-23,18,-1.4319781521749508
MCD,long,2023-01-30,5,-1.3803510931093332
MCD,long,2023-03-07,3,-3.4951350244409207
MCD,long,2023-03-28,20,5.755691847632871
MCD,short,2023-09-20,20,8.147374704283628
MCD,long,2024-01-22,10,-4.977574473737844
MCD,long,2024-02-27,11,-4.696766514400941
MCD,short,2024-05-24,20,0.5256185370999589
MCD,short,2024-07-02,10,-4.53380633462217
MCD,long,2024-09-24,20,5.226377653450687
MCD,long,2024-12-09,10,-2.113710031308258
MCD,long,2025-05-01,9,-1.804245251990022
MCD,long,2025-07-31,20,3.720687202112205
MCD,short,2025-10-09,5,-3.9775218520517353
MCD,long,2025-11-24,20,0.5987268720622163
MCD,long,2026-01-28,20,6.199999612475193
MCD,short,2026-04-28,20,3.8603690308214977
META,short,2022-06-14,19,1.5298399715759858
META,short,2022-10-28,16,-10.323356688361685
META,long,2023-09-12,16,-0.24483401327838328
META,long,2023-10-11,11,-10.73031875614584
META,long,2024-03-05,9,0.4000022194602382
META,long,2024-04-09,8,-7.881579894663715
META,long,2024-06-07,20,6.874230422082395
META,long,2024-08-12,18,-3.2097660503949244
META,long,2025-01-27,20,4.9297035429632485
META,short,2025-04-04,18,-12.946592611351026
META,long,2025-09-18,9,-8.121674434137848
META,long,2025-10-29,3,-15.507118652182017
META,short,2026-01-15,8,-8.124757726501542
META,short,2026-03-19,16,-3.6559673266752135
MPC,long,2022-07-26,20,15.219325557104213
MPC,long,2023-01-12,17,3.1912254166989173
MPC,long,2023-03-14,4,1.2348656297272775
MPC,long,2023-04-04,11,-6.397078057774763
MPC,long,2023-07-05,20,15.437551945677153
MPC,long,2024-01-29,20,6.5898484147919545
MPC,long,2024-03-08,20,21.830425767321728
MPC,short,2024-07-11,13,-10.300664414349558
MPC,short,2024-10-17,19,-0.43555261291594594
MPC,short,2025-03-05,13,-6.162077426613188
MPC,long,2025-06-18,20,2.7605780500612243
MPC,long,2026-02-05,20,14.315229842743914
MPC,long,2026-06-05,8,-7.7952456815080335
MRK,long,2022-08-19,9,-4.806118382531743
MRK,long,2022-10-12,20,11.331502836044516
MRK,long,2022-11-22,20,4.692361712817439
MRK,long,2023-01-09,6,-5.301180782983894
MRK,long,2023-04-10,20,4.798157058138952
MRK,long,2023-06-28,10,-6.28470466744111
MRK,short,2023-09-26,20,1.9882076794876302
MRK,short,2023-12-05,20,-11.523069174875001
MRK,long,2024-03-04,1,-1.309655524191089
MRK,long,2024-05-29,20,2.9173996768484978
MRK,short,2024-07-31,19,-0.4310344827586299
MRK,short,2024-10-02,20,8.485378403972
MRK,short,2024-12-24,14,-1.49163042665863
MRK,short,2025-01-23,20,6.877536747866408
MRK,short,2025-09-16,13,-10.097518935278993
MRK,long,2026-02-05,20,-2.1299946708378203
MRK,long,2026-04-06,11,-6.519396947735389
MRK,long,2026-05-26,16,-6.069974769611219
MRK,long,2026-07-28,19,13.38049226817619
MRVL,short,2022-08-25,20,15.941745795092533
MRVL,short,2022-12-19,18,-5.367232219557283
MRVL,short,2023-03-08,16,-5.077745773410869
MRVL,short,2023-04-21,13,-3.13775387320705
MRVL,short,2023-10-23,14,-11.197068647389251
MRVL,long,2024-03-04,10,-14.655830871996024
MRVL,long,2024-10-16,20,13.423996399840599
MRVL,long,2025-01-06,3,-6.51729590402772
MRVL,long,2025-01-21,6,-15.145012149136505
MRVL,short,2025-07-21,7,-11.226017471511241
MRVL,short,2025-08-21,20,-5.393135255653481
MRVL,long,2025-11-10,6,-15.552214391476959
MRVL,short,2026-02-05,6,-7.862244199885549
MRVL,long,2026-03-10,20,23.63616433569171
MRVL,long,2026-05-22,20,43.30320809142108
MS,short,2022-09-27,20,0.23543348103665096
MS,long,2023-02-15,6,-1.818917846580248
MS,long,2023-04-19,12,-2.5935301263026345
MS,long,2023-09-15,8,-7.4158076136493385
MS,short,2024-02-15,8,-1.8946194924035709
MS,long,2024-03-06,20,6.3501237171832425
MS,long,2024-07-05,19,1.6583453420716543
MS,long,2025-08-14,20,6.387754686835678
MS,long,2025-10-28,16,-2.305563414177114
MS,long,2026-04-07,20,14.219323562944242
MS,long,2026-05-26,20,8.385503571617159
MSFT,long,2023-04-28,20,9.499688811258999
MSFT,long,2023-07-19,7,-6.463028302090534
MSFT,long,2023-09-07,11,-4.3104224126821356
MSFT,long,2023-11-03,20,5.580187481953747
MSFT,long,2024-01-12,20,7.722643981793165
MSFT,long,2024-03-15,20,-1.3475145558778712
MSFT,long,2024-10-30,4,-5.939102697816956
MSFT,long,2024-12-05,16,-2.98913647563378
MSFT,short,2025-04-07,5,-10.524963566423562
MSFT,long,2025-09-23,17,-0.42623637474445975
MSFT,long,2025-10-29,5,-6.932873088787261
MSFT,short,2026-01-14,20,13.853277087197014
MSFT,long,2026-07-31,16,8.291110568576388
MU,short,2022-08-23,20,14.138817850456276
MU,short,2023-02-23,20,-3.7199878012249776
MU,long,2023-05-17,18,5.094457761296112
MU,long,2024-06-13,12,-7.143355576607324
MU,short,2024-12-20,16,-20.126441956397855
MU,long,2026-03-18,6,-23.51751786167361
MU,long,2026-08-17,5,-8.916011825878433
NET,short,2022-06-14,15,-26.353616573223036
NET,short,2022-09-27,20,-4.068716150166085
NET,long,2023-07-19,10,-13.259372975490557
NET,short,2023-09-22,12,-14.126552192323704
NET,short,2023-10-26,10,-9.955793358217345
NET,long,2024-02-09,17,-11.45322505459937
NET,short,2024-06-04,6,-12.382651591440986
NET,short,2024-09-23,20,-9.76170300419299
NET,long,2024-11-21,20,12.961106684339075
NET,long,2025-01-23,20,23.554768154550597
NET,short,2025-04-07,12,-30.662275064941056
NET,long,2025-07-21,20,2.05244175632584
NET,long,2025-11-03,10,-20.658272686666212
NET,long,2025-12-17,9,-0.8299844718029803
NET,short,2026-02-24,7,-20.570531384698263
NET,short,2026-04-13,9,-21.80588666130514
NET,long,2026-08-11,9,-8.858907496519898
NFLX,long,2023-05-16,20,31.994001560142582
NFLX,long,2024-01-25,20,5.726966782449527
NFLX,long,2024-03-27,12,-3.47530371541962
NFLX,long,2024-06-20,16,-3.718104503905284
NFLX,long,2024-08-16,18,2.5947440227216845
NFLX,long,2024-09-25,16,-4.625518939046424
NFLX,long,2024-10-21,20,10.615605169249797
NFLX,long,2025-06-25,14,-2.8387424578478426
NFLX,short,2025-11-24,20,10.311750599520387
NFLX,short,2026-01-12,20,8.339840732884607
NFLX,short,2026-06-04,20,8.618831094986367
NFLX,short,2026-07-21,10,-9.121924789241076
NKE,short,2022-07-19,1,-5.217805128643804
NKE,long,2023-04-17,18,-3.023087832656257
NKE,short,2023-08-22,20,6.854197931554451
NKE,long,2024-02-13,14,-6.362511135435456
NKE,short,2024-07-01,20,1.5629143114911037
NKE,short,2025-01-06,15,-3.83729061837923
NKE,long,2025-06-30,20,9.629118511784295
NKE,short,2026-02-03,12,-5.859506018305605
NKE,short,2026-03-05,20,24.590444065925787
NKE,short,2026-06-22,16,4.146119494411538
NKE,short,2026-08-13,7,-0.02454177987549766
NOW,short,2022-12-21,15,-7.170710283738857
NOW,long,2023-03-22,20,4.586525719009216
NOW,long,2023-06-27,20,6.676650927767902
NOW,long,2023-08-31,15,-6.08644000554489
NOW,long,2023-11-03,20,14.4926613856184
NOW,long,2024-08-23,20,11.512048560452758
NOW,long,2024-11-06,20,13.050301733338543
NOW,short,2025-04-07,11,-18.124989881072384
NOW,long,2025-07-07,5,-7.807479458562582
NOW,short,2025-11-07,20,-0.25606066091663493
NVDA,short,2022-10-12,9,-14.526290161761413
NVDA,long,2023-05-05,20,40.77122523397683
NVDA,long,2023-07-14,17,-4.119525815680913
NVDA,long,2025-01-24,1,-20.18602004036375
NVDA,long,2025-12-24,16,-5.251673400538904
NVDA,short,2026-03-30,7,-8.964335224695109
ORCL,long,2023-01-05,20,5.435297348920032
ORCL,long,2023-05-12,20,19.280810959065153
ORCL,long,2023-08-02,1,-2.0270228825721825
ORCL,long,2023-09-01,10,-7.272128664084276
ORCL,short,2023-12-13,20,-5.4610175534944405
ORCL,long,2024-05-16,20,13.277023222289785
ORCL,short,2026-01-22,20,17.44438542560598
ORCL,short,2026-03-31,10,-21.03349527080869
OXY,long,2022-08-01,20,15.482590533650242
OXY,long,2023-01-23,9,-9.017970732866221
OXY,short,2023-02-07,20,-0.24193794496598642
OXY,short,2023-06-23,10,-4.784006217915637
OXY,short,2023-12-01,14,-2.267343802343169
OXY,long,2024-03-18,20,6.215227876165619
OXY,short,2024-07-24,20,7.603497491567623
OXY,short,2024-09-04,20,3.537911272898342
OXY,short,2024-11-13,4,0.5122110522665424
OXY,short,2024-12-09,16,-3.770836194356275
OXY,short,2025-10-06,20,9.066670735677086
OXY,short,2025-12-17,12,-6.181633732597214
OXY,long,2026-08-11,9,2.7872795500587966
PANW,short,2022-07-28,6,-4.86718342928083
PANW,long,2023-03-31,16,-6.133672326879824
PANW,short,2024-04-05,10,-4.488672108726988
PANW,long,2024-10-10,17,0.311109754774308
PANW,short,2025-04-01,16,-4.462371720281744
PANW,long,2025-07-01,7,-8.12864721862433
PEP,long,2022-08-02,20,-2.232393406657851
PEP,short,2022-10-12,2,-0.8652917387758086
PEP,long,2022-11-25,15,-2.297109898744565
PEP,long,2023-03-22,20,4.21165409772799
PEP,long,2023-06-26,20,2.793294395116397
PEP,short,2024-03-01,13,-4.246026916222445
PEP,long,2024-07-18,20,2.2583115446468627
PEP,long,2024-09-05,12,-3.7039082836879844
PEP,short,2024-12-17,20,4.809300904700963
PEP,short,2025-03-21,20,3.585036920041451
PEP,short,2025-05-23,4,-1.4587831315709066
PEP,short,2025-07-02,20,-1.9741206424734203
PEP,short,2025-09-09,20,0.2762426759321812
PEP,long,2025-10-13,16,-3.8681468120369655
PEP,long,2025-12-16,5,-5.467473200240502
PEP,short,2026-05-15,20,2.2131570022906555
PEP,short,2026-07-01,20,-2.1791342380809153
PFE,short,2022-08-03,20,9.158468145094867
PFE,short,2023-02-17,20,4.849610738999988
PFE,short,2023-09-07,20,2.901073294419809
PFE,short,2024-03-05,5,-8.27212725251636
PFE,short,2024-04-05,20,-4.706325395837685
PFE,long,2024-06-05,3,-5.040594715960234
PFE,long,2024-07-16,18,-2.2260325647110446
PFE,long,2024-09-17,10,-4.592343413655242
PFE,short,2025-02-14,7,-2.6816966433480305
PFE,short,2025-03-28,20,7.910512965512506
PFE,long,2025-11-13,20,-0.3469550914994235
PFE,long,2025-12-16,4,-4.652047748639731
PFE,long,2026-01-23,20,5.785768360635335
PFE,long,2026-04-02,7,-4.877190840871714
PFE,short,2026-05-11,18,-0.9693679376703068
PFE,short,2026-06-24,17,0.2016098330593019
PG,short,2022-09-29,18,0.7659016791032647
PG,short,2023-01-20,20,1.6231117892794744
PG,long,2023-03-20,20,5.372826978304657
PG,long,2023-07-25,19,-1.1141461445657974
PG,long,2023-11-17,11,-3.9025711538949626
PG,long,2024-02-26,20,-0.5216396598511475
PG,long,2024-08-09,20,3.491654486184581
PG,long,2025-02-27,13,-1.8378690532477648
PG,short,2025-05-06,11,-4.676031196906449
PG,short,2025-07-15,20,-0.9963524378886923
PG,short,2025-09-23,20,1.031332808438945
PG,short,2025-11-06,15,-1.5629275452303526
PG,short,2025-12-09,13,-3.8652236428239783
PG,short,2026-05-18,14,-2.1111892126271847
PLTR,short,2022-11-08,20,0.14123943718128418
PLTR,short,2022-12-20,16,-10.651829576427607
PLTR,short,2023-04-26,11,-25.540028692631257
PLTR,long,2023-12-04,1,-7.341776014883306
PLTR,long,2024-02-07,20,22.499993598019753
PLTR,long,2024-03-11,4,-9.269987157627602
PLTR,long,2024-06-07,20,17.85714139157499
PLTR,long,2024-11-06,20,34.48728404469277
PLTR,long,2025-03-26,20,11.932700960143716
PLTR,long,2025-06-13,20,11.033889414689213
PLTR,long,2025-09-18,20,4.610319285694753
PLTR,long,2025-10-31,9,-13.584336331905023
PLTR,short,2026-04-02,14,1.3346295975097622
PLTR,long,2026-08-05,13,8.574073697313844
PYPL,short,2022-09-26,20,4.301387057448691
PYPL,long,2023-02-03,6,-6.956320978878394
PYPL,short,2023-05-04,20,10.88198122320556
PYPL,short,2023-06-08,20,-7.912775813915007
PYPL,short,2023-10-23,14,-3.4958472275684604
PYPL,short,2024-01-17,3,-11.006624366176943
PYPL,long,2024-01-31,6,-10.904760209340903
PYPL,long,2024-03-15,20,1.4536739130885268
PYPL,long,2024-10-18,9,-0.2515684883549474
PYPL,long,2024-11-12,20,4.454423191674062
PYPL,long,2025-01-22,10,-12.000003390842018
PYPL,short,2025-04-02,17,0.49042098823635083
PYPL,short,2025-09-15,13,-2.4219868937664035
PYPL,long,2025-10-08,7,-10.400740193741086
PYPL,short,2025-11-17,17,1.7831598823341177
PYPL,short,2026-01-05,20,28.115838701101136
PYPL,short,2026-06-05,15,-5.944143506199495
PYPL,long,2026-08-13,7,3.230126033767
QCOM,short,2022-08-29,20,12.67687506726446
QCOM,short,2022-12-19,17,-5.464429094646306
QCOM,short,2023-02-22,20,1.8902819175432573
QCOM,short,2023-04-20,20,8.807231435264795
QCOM,short,2023-10-30,4,-12.004495987722041
QCOM,long,2024-04-10,5,-4.697825618110619
QCOM,short,2024-11-18,20,2.878233554057119
QCOM,short,2024-12-23,10,-2.197095007378458
QCOM,short,2025-02-26,20,2.1256889343655216
QCOM,short,2025-04-04,15,-9.885364851354584
QCOM,long,2025-09-18,16,-7.963811215282779
QCOM,short,2026-03-12,20,4.053348027744086
QQQ,short,2022-12-19,17,-2.592473155183561
QQQ,long,2023-03-20,20,4.798519397006529
QQQ,long,2023-05-09,20,8.329194821185947
QQQ,long,2023-07-14,16,-1.1591437969739715
QQQ,long,2023-12-14,20,1.1210375584431054
QQQ,long,2024-10-18,11,-1.629354295581087
QQQ,long,2024-11-08,20,1.8205261296364128
QQQ,long,2025-02-19,6,-7.111428001873543
QQQ,short,2025-04-04,14,-7.8559322954729005
QQQ,long,2025-10-28,13,-3.41074949229353
QQQ,long,2026-01-29,4,-4.251959752783751
QQQ,short,2026-03-24,11,-4.339871922293814
RBLX,short,2022-06-17,4,-47.21098830187762
RBLX,short,2022-12-19,15,-19.246108531800598
RBLX,short,2023-02-15,14,1.7114362394248017
RBLX,long,2023-04-05,8,-10.34709806042926
RBLX,long,2023-07-14,9,-14.559385260274215
RBLX,long,2023-12-11,19,3.678273773665519
RBLX,short,2024-03-19,16,-8.542992283701278
RBLX,long,2024-07-08,20,-6.333336463341343
RBLX,long,2024-09-20,7,-5.3489950193277185
RBLX,long,2024-11-01,18,-3.40442507863008
RBLX,long,2025-01-17,18,-1.131563086621945
RBLX,short,2026-03-10,20,12.777339149281087
RBLX,short,2026-05-04,18,-4.964388797493924
RCL,long,2023-05-02,20,21.759400331884393
RCL,long,2024-02-01,4,-8.307101493147195
RCL,long,2024-09-16,20,15.752940458409936
RCL,long,2025-01-22,20,0.5193069618262935
RCL,short,2025-04-07,12,-26.76064872646775
RCL,long,2025-12-12,20,3.6747445299807113
RCL,short,2026-04-30,19,-4.955038355063768
RIVN,short,2022-11-22,20,26.41707227856953
RIVN,short,2023-03-02,20,7.48474136370223
RIVN,long,2023-12-08,19,2.836129108262475
RIVN,short,2024-03-22,20,20.235938323755633
RIVN,short,2024-09-23,20,15.358654767172297
RIVN,long,2024-11-29,20,11.038433622237665
RIVN,long,2025-01-10,20,-7.214287349155968
RIVN,long,2025-02-19,6,-19.050938986539013
RIVN,long,2025-04-30,20,16.408066057296654
RIVN,long,2025-09-24,9,-14.50676961184164
RIVN,long,2025-11-06,20,17.627788294304136
RIVN,long,2026-04-20,11,-14.268938386369678
RIVN,short,2026-08-03,15,-7.792212939379128
ROKU,short,2022-06-14,10,-13.869281843596815
ROKU,short,2022-08-01,13,-20.194390664784855
ROKU,short,2023-04-27,20,0.4377925302910812
ROKU,long,2023-06-05,17,5.98923528859463
ROKU,short,2023-10-19,12,-30.05464337674484
ROKU,long,2024-02-08,7,-29.76501305483029
ROKU,short,2024-05-29,20,-6.308415123533395
ROKU,short,2024-11-01,8,-18.721390522521396
ROKU,long,2025-01-30,20,0.8574867853915924
ROKU,long,2025-07-29,3,-14.738017060141074
ROKU,long,2025-10-06,5,-10.497445843015175
ROKU,long,2025-11-04,10,-9.978271761580526
ROKU,long,2026-03-03,16,-0.7258103647425185
ROKU,short,2026-03-30,7,-12.822829571867667
ROKU,long,2026-04-13,20,25.068364663893504
ROKU,long,2026-07-15,20,6.639031327364608
RTX,long,2022-07-13,4,1.0882471315580178
RTX,long,2022-07-22,2,-5.160277018780657
RTX,long,2022-08-17,9,-3.485281859552014
RTX,long,2022-12-02,15,0.6282962552337068
RTX,long,2023-04-12,14,-2.108908171700963
RTX,short,2023-07-26,20,0.8984091016339568
RTX,short,2023-08-25,2,0.18711689640057427
RTX,short,2023-09-11,20,8.990024138187557
RTX,long,2024-03-20,20,6.01052535207649
RTX,long,2024-05-10,20,1.0282984319722965
RTX,long,2024-08-23,14,0.7016669411030074
RTX,long,2024-10-03,19,-2.1204814374686243
RTX,long,2025-01-16,20,2.563892104826282
RTX,long,2025-07-16,20,4.608666663796357
RTX,long,2025-08-29,6,-5.780453060796031
RTX,long,2025-12-15,20,10.626455024478677
RTX,long,2026-03-03,13,-6.9714995670074
RTX,long,2026-06-15,20,6.5430211788107595
SBUX,long,2022-11-10,20,8.414103288139874
SBUX,short,2023-08-18,19,-0.22914406396008502
SBUX,short,2024-03-05,20,3.691641240183363
SBUX,short,2024-04-05,16,-0.4891926026294513
SBUX,short,2024-07-02,19,1.5300833287743565
SBUX,long,2024-08-14,20,4.0779949832671525
SBUX,long,2024-11-26,10,-3.500342944994228
SBUX,long,2025-02-28,4,-8.334778847015844
SBUX,short,2025-08-04,20,-3.100593582302058
SBUX,short,2025-12-26,6,-5.7696821326223
SBUX,long,2026-02-27,2,0.2904551606482064
SBUX,long,2026-03-16,4,-6.731835210311942
SBUX,long,2026-07-14,8,-4.051668604797087
SCHW,long,2022-10-07,5,-8.635757143134315
SCHW,short,2022-10-18,8,-15.149343975046058
SCHW,long,2022-12-02,8,-4.8720461908782875
SCHW,long,2023-03-03,20,-31.41285952034417
SCHW,short,2023-06-30,1,-0.2953987591594931
SCHW,short,2023-08-16,19,2.9416605993582423
SCHW,short,2023-09-22,20,9.160716193062923
SCHW,long,2024-02-29,20,9.572856734593561
SCHW,long,2024-04-24,20,1.0742519259431482
SCHW,long,2024-06-25,15,-14.131902265714446
SCHW,short,2024-08-15,3,1.7575813062263301
SCHW,short,2024-09-16,5,-3.0471386046465376
SCHW,long,2025-01-22,20,0.9250123126079313
SCHW,long,2025-07-03,20,4.404370250597678
SCHW,long,2026-04-16,4,-4.229326400803735
SCHW,short,2026-05-29,11,-5.755810404932782
SCHW,long,2026-08-05,13,6.224884377126139
SLB,long,2022-08-24,18,-1.6351543168845906
SLB,short,2022-09-26,8,-21.57367882956578
SLB,long,2022-12-28,20,6.745366986821533
SLB,short,2023-06-01,1,-8.615882410941754
SLB,long,2023-07-10,20,9.7085561190408
SLB,long,2023-09-06,17,-3.348807141882326
SLB,short,2023-12-07,9,-6.398056056818668
SLB,short,2024-04-17,20,6.2669761056663775
SLB,short,2024-12-09,20,6.481924401708394
SLB,short,2025-02-21,19,2.4113486434061526
SLB,short,2025-04-07,20,-1.6343852922642288
SLB,short,2025-09-25,20,-4.619408010377035
SLB,long,2025-12-08,15,0.573956158352229
SLB,long,2026-04-24,20,5.429775168084006
SLB,long,2026-07-27,20,3.250479517664706
SMCI,short,2025-01-29,8,-50.60028949673205
SMCI,short,2025-04-02,17,-9.55320386910319
SMCI,long,2025-06-27,20,21.362166112797997
SMCI,short,2026-03-23,17,-39.83259657960072
SNOW,short,2022-06-15,6,-27.711754598036364
SNOW,short,2022-07-27,7,-21.329625203946367
SNOW,short,2023-01-06,7,-14.759607513288486
SNOW,long,2023-05-08,20,13.80925646497193
SNOW,long,2023-07-28,3,-3.7201686713759785
SNOW,long,2023-09-11,10,-9.941660163916122
SNOW,short,2024-04-05,2,-2.033057575011288
SNOW,long,2025-01-22,20,5.300320603978759
SNOW,short,2025-04-04,13,-19.01583269654892
SNOW,long,2025-06-26,12,-4.1702362703713085
SNOW,long,2025-10-06,20,15.302052731190564
SNOW,long,2026-01-08,4,-12.581095678488142
SNOW,short,2026-03-27,19,11.374972714301757
SNOW,long,2026-08-04,14,5.829507796490785
SOFI,short,2022-09-22,20,12.412580198469303
SOFI,short,2022-11-23,20,1.9271980967356606
SOFI,short,2023-05-03,18,-21.32797715019268
SOFI,long,2023-07-19,15,-7.889348767483462
SOFI,long,2023-09-13,8,-16.555553012424042
SOFI,long,2024-02-12,17,-8.00492739566926
SOFI,short,2024-06-05,20,4.431317453176808
SOFI,long,2025-08-19,20,10.280368616621228
SOFI,long,2025-10-29,13,-14.145101778046154
SOFI,short,2026-03-24,15,-10.561929906764945
SOFI,short,2026-07-27,9,-8.500581943984532
SPY,long,2023-03-30,20,2.930039457841538
SPY,long,2023-05-02,1,-1.6274080041450367
SPY,long,2023-05-19,20,4.048356309218737
SPY,long,2024-01-16,20,3.9599327567917397
SPY,long,2025-01-22,20,0.7360744155086918
SPY,short,2025-04-04,14,-5.150196233972104
SPY,long,2025-09-09,20,3.1049240063035555
SPY,long,2025-10-28,14,-3.111855798366603
SPY,long,2025-12-26,20,0.7022436411255883
SPY,long,2026-07-10,12,-1.4879333319644639
T,short,2022-07-22,20,1.2325806222781233
T,short,2022-08-24,20,10.127282537974924
T,short,2022-12-20,11,-9.41176621441313
T,long,2023-03-31,15,-8.315900014634314
T,long,2024-04-05,3,-4.509137527888985
T,long,2024-09-03,20,11.03862931211037
T,long,2024-11-01,20,0.7545498052057731
T,long,2024-12-18,20,-1.3596468259459038
T,long,2025-03-28,10,-5.502643544802344
T,long,2025-05-22,1,-0.5801299777183244
T,long,2025-07-02,5,-4.130505549351837
T,long,2025-08-13,20,3.4736834074321488
T,short,2025-12-10,18,2.402280803816992
T,short,2026-01-13,12,-10.637393387949468
T,short,2026-05-13,20,8.838682452225942
TFC,short,2022-10-21,6,-11.0587624150277
TFC,short,2023-08-07,20,5.583129809857934
TFC,short,2023-10-12,1,3.56415230716679
TFC,long,2024-03-08,20,4.632365624904011
TFC,long,2024-10-17,12,-4.624803643844444
TFC,long,2024-12-06,2,-1.6094919876818103
TFC,long,2025-01-21,20,-0.9791692097981808
TFC,short,2025-04-04,17,-7.939188227706917
TFC,short,2025-08-04,13,-1.8959530516166945
TFC,short,2025-10-13,13,-3.116279424623003
TFC,long,2025-11-28,20,7.778497354493874
TFC,long,2026-02-04,12,-8.108600816447408
TFC,long,2026-06-10,20,4.51051699874363
TFC,long,2026-07-29,7,-0.4374350493037582
TGT,short,2022-06-17,12,-6.294304485086721
TGT,short,2023-03-30,2,-3.9173932335961004
TGT,long,2023-04-05,13,-4.939687750698996
TGT,short,2023-05-24,20,9.581619292383614
TGT,short,2023-08-16,20,7.577780264395251
TGT,short,2023-09-20,20,8.600101666204562
TGT,long,2024-01-17,1,-1.9131981007557197
TGT,long,2024-02-09,20,14.271148512273268
TGT,long,2024-07-15,11,-3.2057631400779774
TGT,long,2024-10-14,7,-6.415925469205364
TGT,long,2024-11-19,1,-22.074261460430257
TGT,short,2025-02-10,20,14.43314373899851
TGT,short,2025-08-04,11,-5.349463413502886
TGT,short,2025-08-22,20,11.293301973431447
TGT,long,2026-06-15,15,-2.632354287540206
TLT,short,2022-08-19,20,5.219467885626871
TLT,short,2023-02-13,19,-2.0441642708484364
TLT,short,2023-05-16,19,1.1621117418689764
TLT,short,2024-11-27,20,6.384353378069374
TLT,short,2025-03-26,7,-3.870678049107723
TLT,short,2026-02-03,7,-3.168002729610242
TLT,short,2026-05-05,18,-0.3758070335758701
TMO,short,2022-06-14,13,-6.847138368444439
TMO,short,2022-08-25,20,9.952450936006107
TMO,short,2022-11-14,20,-5.699538846245078
TMO,short,2023-02-23,15,-0.6722503516825906
TMO,long,2023-04-06,13,-8.215541483837896
TMO,short,2023-10-16,20,7.807810237233159
TMO,long,2024-02-29,18,-1.014533514688054
TMO,long,2024-07-25,20,4.811325372017383
TMO,short,2025-04-02,20,12.61394075995057
TMO,short,2025-05-12,20,-0.8269674016993189
TMO,short,2025-09-26,4,-13.85937291294541
TMO,long,2026-01-05,18,-2.553182828539502
TMO,short,2026-03-16,13,-4.328440319662663
TMO,short,2026-05-22,4,-10.230533397829156
TMO,short,2026-06-26,20,-9.76988155242886
TSLA,short,2022-09-01,9,-11.43518048397536
TSLA,short,2023-03-10,12,-8.028320200186112
TSLA,short,2023-04-20,18,-0.21063134583403365
TSLA,long,2023-12-22,8,-7.505064472481882
TSLA,short,2024-04-18,8,-21.17685869705579
TSLA,long,2024-09-16,19,-5.015263779741074
TSLA,short,2025-04-22,4,-23.779007868225797
TSLA,long,2025-07-07,20,6.139964631993844
TSLA,long,2025-08-12,20,0.8086981289628703
TSLA,short,2026-03-23,18,-7.378916360535226
TSLA,short,2026-06-08,18,-5.914264182766371
TXN,short,2022-10-03,20,-2.045614094270065
TXN,short,2022-12-20,14,-7.32628776357942
TXN,long,2023-02-03,9,-3.087677106593001
TXN,long,2023-03-31,10,-2.157374811721624
TXN,short,2023-06-27,3,-6.000119137691096
TXN,short,2023-09-20,20,7.415531601503844
TXN,short,2024-01-17,20,2.8850901278561936
TXN,short,2024-04-19,5,-8.830018233260928
TXN,long,2024-07-11,13,-1.3836377504587105
TXN,long,2025-01-24,3,-5.121050382915293
TXN,short,2025-10-16,20,7.503280522210942
TXN,long,2026-04-09,20,34.1863764436521
UAL,short,2022-12-15,16,-15.384610944188037
UAL,long,2023-04-20,20,4.972743009535829
UAL,long,2024-02-23,13,-4.588782236347844
UAL,long,2024-05-16,6,-6.675087033318972
UAL,short,2024-08-05,15,-15.185782127988956
UAL,long,2025-01-10,20,-3.0967382404736066
UAL,long,2025-06-10,5,-11.518140429054924
UAL,long,2025-12-01,20,11.197522808876936
UAL,short,2026-05-04,9,-0.9239113849142333
UBER,short,2022-12-06,20,7.761738146792574
UBER,long,2023-06-07,20,6.635184039701669
UBER,long,2023-07-19,15,-6.348190999225556
UBER,long,2023-09-05,14,-4.181777531766285
UBER,short,2024-12-06,20,0.4514604005128042
UBER,long,2025-02-10,18,-1.0765263910261669
UBER,short,2025-04-07,8,-20.345485145348086
UBER,long,2025-08-20,20,-0.1370925659625266
UBER,long,2025-09-23,13,-6.469055723000872
UBER,short,2026-03-30,12,-9.711668858662925
UBER,short,2026-05-28,16,-1.7956422532559024
UBER,short,2026-07-27,10,-17.55047003301742
UNH,long,2022-07-29,20,-1.992557465794953
UNH,long,2022-10-25,15,-6.467202752512124
UNH,long,2022-12-20,1,0.10436399232633953
UNH,short,2023-05-26,4,-4.501524729860762
UNH,short,2023-08-25,18,-2.2901700100394384
UNH,long,2023-11-17,20,-2.539476787955963
UNH,long,2024-02-20,8,-6.615673439980196
UNH,long,2024-07-15,20,7.830380848018925
UNH,long,2024-08-29,14,-2.304121609047438
UNH,long,2024-10-14,5,-4.613512597727465
UNH,short,2025-11-04,20,-3.687081888786836
UNH,long,2026-01-07,13,-18.992491458742467
UNH,short,2026-02-26,1,-2.1917826282484176
UNH,short,2026-03-24,10,-13.802215398920259
UPS,short,2023-01-05,6,-4.1571299237688875
UPS,long,2023-02-03,12,-6.5852095149761425
UPS,long,2023-04-03,16,-10.50666095236904
UPS,long,2023-06-16,20,2.544586749972977
UPS,short,2024-01-31,17,-1.8576082361425383
UPS,short,2024-05-24,20,4.226953424743951
UPS,short,2024-08-21,3,0.30080941612679046
UPS,short,2024-12-05,20,4.018240035920229
UPS,short,2025-03-26,20,10.64137227104407
UPS,short,2025-09-10,17,-2.8808540001590055
UPS,long,2025-12-10,20,11.241505288818221
UPS,long,2026-02-05,17,-2.387928140574491
UPS,long,2026-04-13,17,-0.9813619059510725
UPS,long,2026-07-14,12,-7.152937737531195
V,short,2022-08-29,20,11.617393730590065
V,long,2022-12-12,3,-0.9952363513764828
V,long,2023-04-04,20,-1.3187791582798813
V,long,2023-07-03,18,-0.5274261603375519
V,long,2023-09-01,13,-4.388410941440213
V,long,2023-11-03,20,3.8022223849029535
V,long,2024-01-16,20,4.663786072138998
V,long,2024-02-26,20,-0.6465577425791014
V,long,2024-05-10,13,-2.951171654534235
V,short,2024-07-01,20,0.26157262180335206
V,long,2024-12-27,7,-2.0891355716714854
V,long,2025-07-16,11,-0.5240598000052499
V,long,2025-10-08,13,-1.6846603752735723
V,short,2025-11-17,17,-4.369489389022729
V,short,2026-02-24,20,0.5695549048690629
V,short,2026-06-04,10,-3.2987093682190105
V,long,2026-06-29,20,8.372012961242659
V,long,2026-08-03,13,-0.7516930837644153
VLO,long,2022-08-18,14,-6.0753528362948455
VLO,long,2023-01-05,20,10.123719029343569
VLO,long,2023-03-03,6,-6.869727475981491
VLO,long,2023-04-11,5,-6.906396030077266
VLO,long,2023-09-11,16,-6.58741130695476
VLO,short,2023-11-08,15,-2.636319990825231
VLO,long,2023-12-19,15,-2.9788470355177177
VLO,long,2024-01-29,20,3.6086925561877203
VLO,long,2024-03-08,20,21.68034100200542
VLO,long,2024-07-10,1,0.728120308601099
VLO,short,2024-12-06,20,7.276400888506085
VLO,short,2025-03-03,13,-2.329999584251241
VLO,long,2026-02-09,20,6.948554223707593
VLO,long,2026-05-01,18,-2.216448853135
VLO,long,2026-08-14,6,0.8981647182032093
VRTX,long,2022-10-06,20,3.766662597656256
VRTX,short,2023-03-10,4,-4.906144439582638
VRTX,long,2023-03-22,20,8.4585415779864
VRTX,long,2023-07-20,11,-5.605766713724824
VRTX,long,2023-10-12,20,0.6004891875295515
VRTX,long,2023-12-14,20,8.262802184245977
VRTX,long,2024-05-10,20,14.883396332769049
VRTX,long,2024-07-12,18,-6.081922158335818
VRTX,short,2024-12-20,18,-8.129488862958013
VRTX,long,2025-07-09,16,-2.3969752202531502
VRTX,short,2025-08-06,19,-5.55141175469247
VRTX,short,2025-09-24,7,-6.817456934213584
VRTX,long,2025-12-04,20,-2.8571454993574164
VRTX,long,2026-05-14,16,-2.3542947818737225
VRTX,long,2026-06-18,20,3.966070069392713
VRTX,long,2026-08-11,9,4.2988850871572115
VZ,short,2022-07-22,20,3.3297117923622555
VZ,short,2022-12-07,14,-5.634185085074295
VZ,short,2023-08-25,20,0.5100569286023315
VZ,long,2024-03-28,11,-3.67434870730865
VZ,long,2024-05-17,20,-2.302550926539826
VZ,long,2024-07-23,20,5.446558348568975
VZ,long,2024-09-03,20,7.745472046977864
VZ,long,2025-05-21,15,-1.998185853363521
VZ,short,2025-06-17,14,0.4439220329342075
VZ,long,2025-08-19,13,-2.673553519621863
VZ,short,2025-10-07,20,5.503486858776075
VZ,short,2025-12-23,20,1.1999988555908225
VZ,long,2026-05-11,17,-5.536844353926806
VZ,long,2026-08-24,0,1.3336023944797715
WFC,short,2022-09-23,16,-7.692306254589654
WFC,short,2022-12-06,20,2.884620255099146
WFC,long,2023-09-15,10,-4.241850565419158
WFC,long,2024-04-22,20,0.4966874660293108
WFC,long,2024-07-02,20,-1.901143154188878
WFC,long,2024-10-07,20,11.305261702698765
WFC,long,2025-01-16,20,5.444963699269678
WFC,long,2025-12-05,20,7.111903186804702
WFC,long,2026-07-07,16,-4.72565726502453
WMT,short,2022-10-03,12,-2.702700090373522
WMT,long,2022-10-25,20,9.058875897142226
WMT,long,2023-01-20,3,2.1090377292163787
WMT,long,2023-02-16,8,-3.6637299685122304
WMT,short,2023-12-18,4,-2.151936935780552
WMT,long,2024-05-17,20,4.950187439170595
WMT,long,2024-07-08,18,-0.15736853784020788
WMT,long,2024-10-16,20,4.869374806995874
WMT,long,2025-01-27,20,1.8665285579211544
WMT,long,2025-04-14,20,2.7983281915831215
WMT,long,2025-10-16,11,-7.344319475455352
WMT,long,2025-11-26,20,4.235075601466032
WMT,long,2026-04-06,20,3.5927226453969396
WMT,long,2026-05-22,20,-1.5823291799010542
XLE,long,2022-07-26,20,10.088422884340464
XLE,long,2023-01-17,14,-5.09095361673565
XLE,short,2023-05-03,20,2.4408685952037157
XLE,short,2023-07-05,3,0.3427157769347988
XLE,long,2023-09-07,16,-1.148297270038512
XLE,short,2023-11-28,3,-0.25942639550888824
XLE,short,2023-12-12,7,-3.8739777785114837
XLE,long,2024-02-27,20,7.18091827728724
XLE,long,2024-07-05,20,-3.2293344253069733
XLE,long,2024-08-30,4,-4.454559716032602
XLE,short,2025-03-06,9,-8.840427757756842
XLE,long,2025-09-29,6,-2.03612549690243
XLE,short,2025-10-13,14,-2.6318789269235143
XLE,long,2025-11-11,20,1.6173409952410456
XLE,long,2025-12-17,1,0.0
XLE,long,2026-08-11,9,5.200864885130807
XLF,short,2023-05-25,5,-3.2095611339733487
XLF,long,2023-07-05,20,3.946581561564977
XLF,long,2023-09-14,7,-3.4068096659382374
XLF,short,2023-10-23,10,-4.824149348064344
XLF,long,2024-01-26,20,4.291281348353082
XLF,long,2024-07-11,18,-1.0727074010854487
XLF,long,2024-10-15,20,5.560277601808572
XLF,long,2025-01-17,20,4.528147322064924
XLF,long,2025-06-30,20,1.1881926566858825
XLF,long,2025-08-04,20,3.8565925141738955
XLF,short,2026-02-13,20,4.364694535984437
XLF,long,2026-06-15,20,5.208339172578236
XLI,long,2023-06-07,20,5.221437260608197
XLI,long,2024-05-10,13,-3.258284945487999
XLI,long,2024-07-16,15,-2.7024867057316326
XLI,long,2024-09-17,20,5.0798423389971425
XLI,short,2025-04-04,14,-5.529647858352504
XLI,long,2025-07-01,20,3.288934640830554
XLI,long,2025-10-07,7,-2.4201818306284206
XLI,long,2026-06-16,20,0.31740286202130985
XLI,long,2026-08-06,12,-4.124261957206576
XLK,short,2022-12-19,18,-3.107059437563642
XLK,long,2023-05-09,20,8.707507602242659
XLK,long,2023-07-14,15,-3.1297745785762388
XLK,long,2024-10-10,16,-2.192805300431455
XLK,short,2025-04-01,17,-1.366331570824264
XLK,long,2025-08-14,5,-3.011803025761428
XLK,long,2025-10-21,18,0.04860391170893319
XLK,short,2026-03-30,7,-8.227319799077314
XLV,long,2022-08-15,7,-3.0250905672807415
XLV,long,2022-11-25,17,-1.509155720581501
XLV,short,2023-02-27,20,1.075773505778932
XLV,long,2023-04-04,20,1.838995502470575
XLV,short,2023-05-19,16,-0.41984965783039563
XLV,short,2023-07-14,5,-4.214801457737893
XLV,short,2023-09-19,19,0.045719393848275836
XLV,long,2024-02-06,20,1.7277491307836845
XLV,long,2024-08-16,20,3.000132137551792
XLV,long,2025-03-04,7,-3.978898272392062
XLV,short,2025-07-22,20,-4.150481341537038
XLV,short,2025-09-29,3,-5.5350900435046535
XLV,long,2026-05-26,20,2.2674286258552057
XLV,long,2026-07-29,18,4.516902977832893
XOM,long,2022-07-29,20,3.6209697287909792
XOM,long,2023-01-05,20,5.247321819839534
XOM,short,2023-06-01,4,-6.663389463682434
XOM,short,2023-06-28,9,-2.089924605693927
XOM,short,2023-07-17,10,-6.473388169227112
XOM,long,2023-09-05,20,1.5162168098766138
XOM,short,2023-11-28,19,2.014580311931291
XOM,short,2024-01-17,9,-8.540372805709872
XOM,long,2024-03-07,20,13.855538915459364
XOM,long,2024-08-19,2,-3.8429079333781146
XOM,long,2025-03-20,13,-12.160045701881684
XOM,long,2025-10-28,20,-0.8485546330125104
XOM,long,2025-12-30,20,16.028072896188128
XOM,long,2026-03-19,15,-3.63326184732784
XOM,long,2026-05-18,8,-7.665911680596659
XOM,long,2026-08-19,3,-1.216357068327989
XYZ,short,2022-06-14,18,-2.3772013706726103
XYZ,short,2023-04-24,20,4.835167651750838
XYZ,long,2023-07-12,18,-12.110393344880265
XYZ,long,2024-02-26,20,6.578955526788954
XYZ,long,2024-07-15,9,-13.397608065617405
XYZ,short,2024-09-16,3,-7.183008132977342
XYZ,long,2024-10-16,20,19.376826294954164
XYZ,long,2025-08-29,7,-8.725250972134013
XYZ,long,2025-10-09,15,-8.842025518251273
XYZ,long,2026-08-04,5,-3.696490515828077
ZS,short,2022-07-27,7,-13.101247114754134
ZS,short,2023-03-07,19,5.680865159339621
ZS,long,2023-07-20,14,-11.32600052502115
ZS,long,2023-09-05,15,-6.934489468499894
ZS,short,2024-04-05,20,2.7829576623447094
ZS,short,2024-05-30,7,-13.17538686899038
ZS,short,2024-12-20,18,-6.066136608522266
ZS,long,2025-01-29,19,-3.948588799612962
ZS,long,2025-03-26,8,-16.35075833877758
ZS,long,2025-09-22,20,4.111356024484691
ZS,long,2025-10-27,15,-9.478199976132974
ZS,short,2026-03-26,19,4.461842061986776
ZS,short,2026-06-26,3,-16.944815956625714
