alert_id,fired_at,session_date,ticker,signal_type,price,pct_b,rsi,vol_ratio,adx,dist_52w_high,tier,checked_at
1,2026-07-20T13:47:29.334689+00:00,2026-07-20,DDOG,BREAKOUT,265.63,69.9,61.2,0.13,16.746941639627092,-23.230952143162238,PREFER-HIGH,2026-09-14T15:25:38.793110+00:00
2,2026-07-20T13:50:26.049931+00:00,2026-07-20,RIVN,BREAKOUT,17.89,66.9,55.2,0.1,8.619359680199372,-28.596881327915614,PREFER-HIGH,2026-09-14T15:25:38.857107+00:00
3,2026-07-20T13:50:27.029504+00:00,2026-07-20,SBUX,PRE-BREAKOUT,106.52,75.5,56.8,0.13,16.06634701071627,-9.037314520673725,AVOID,2026-09-14T15:25:38.978147+00:00
4,2026-07-20T13:50:27.983784+00:00,2026-07-20,RTX,PRE-BREAKOUT,196.32,66.6,58.5,0.09,28.235486895094862,-12.333146543040861,NEUTRAL,2026-09-14T15:25:39.090850+00:00
5,2026-07-20T13:53:27.273732+00:00,2026-07-20,NET,PRE-BREAKOUT,278.65,78.0,65.3,0.39,16.619991698393942,-7.345158776186307,AVOID,2026-09-14T15:25:39.151612+00:00
6,2026-07-20T13:53:28.325980+00:00,2026-07-20,TGT,PRE-BREAKOUT,141.71,87.2,64.2,0.2,28.740299421578573,-8.275941850083047,NEUTRAL,2026-09-14T15:25:39.263003+00:00
7,2026-07-20T13:53:29.504323+00:00,2026-07-20,ROKU,PRE-BREAKOUT,144.75,85.7,66.4,0.04,35.25256899003702,-3.0232861774716806,PREFER-LOW,2026-09-14T15:25:39.324887+00:00
8,2026-07-20T13:56:27.062430+00:00,2026-07-20,ZS,PRE-BREAKOUT,150.57,74.4,57.5,0.13,19.498686073659794,-51.069081790869234,NEUTRAL,2026-09-14T15:25:39.417636+00:00
9,2026-07-20T13:59:27.267206+00:00,2026-07-20,DHR,PRE-BREAKOUT,203.89,81.2,66.2,0.3,16.729652018992102,-17.31460571522807,AVOID,2026-09-14T15:25:39.521082+00:00
10,2026-07-20T14:05:28.922870+00:00,2026-07-20,VLO,BREAKOUT,312.32,92.9,73.4,0.25,40.96471611205763,0.0,PREFER-MID,2026-09-14T15:25:39.634195+00:00
11,2026-07-20T14:05:30.971758+00:00,2026-07-20,MPC,BREAKOUT,316.86,94.3,79.0,0.12,47.371715259669315,-0.8787326617693686,PREFER-MID,2026-09-14T15:25:39.737005+00:00
12,2026-07-20T14:05:32.319767+00:00,2026-07-20,SNOW,BREAKOUT,275.72,78.8,68.2,0.14,24.090846255041818,-7.708926667664885,PREFER-HIGH,2026-09-14T15:25:39.795399+00:00
13,2026-07-20T14:08:26.587873+00:00,2026-07-20,XLE,BREAKOUT,57.9,94.9,62.8,0.38,27.662997703344736,-0.2602942509572081,PREFER-HIGH,2026-09-14T15:25:39.886746+00:00
14,2026-07-20T14:11:27.336737+00:00,2026-07-20,V,PRE-BREAKOUT,358.99,73.5,62.6,0.22,18.157003030939507,-3.563805362462761,PREFER-MID,2026-09-14T15:25:39.966076+00:00
15,2026-07-20T14:16:48.621976+00:00,2026-07-20,MA,PRE-BREAKOUT,543.36,77.0,63.9,0.21,26.126584782312023,-5.112856943138383,AVOID,2026-09-14T15:25:40.072809+00:00
16,2026-07-20T14:40:47.693211+00:00,2026-07-20,LLY,BREAKOUT,1180.36,51.0,55.1,0.38,14.945514514035883,-12.859085793120018,PREFER-HIGH,2026-09-14T15:25:40.239645+00:00
17,2026-07-20T15:16:48.341177+00:00,2026-07-20,AMZN,BREAKOUT,251.05,80.0,55.0,0.3,14.006349146324117,-9.59087081475232,PREFER-HIGH,2026-09-14T15:25:40.305293+00:00
18,2026-07-20T15:16:49.368272+00:00,2026-07-20,META,PRE-BREAKOUT,647.88,71.3,57.2,0.36,18.470743853175605,-16.945846934075618,NEUTRAL,2026-09-14T15:25:40.378613+00:00
19,2026-07-20T15:16:50.325186+00:00,2026-07-20,ABNB,PRE-BREAKOUT,146.59,57.8,55.0,0.31,31.87945404647732,-10.661416041256562,NEUTRAL,2026-09-14T15:25:40.431426+00:00
20,2026-07-20T15:19:49.125559+00:00,2026-07-20,XYZ,PRE-BREAKOUT,80.23,75.3,60.0,0.36,13.415059879803092,-6.647023560487882,AVOID,2026-09-14T15:25:40.526377+00:00
21,2026-07-20T15:46:48.246156+00:00,2026-07-20,SCHW,PRE-BREAKOUT,102.09,71.2,65.3,0.48,24.535270778782998,-5.6313255080965225,NEUTRAL,2026-09-14T15:25:40.653494+00:00
22,2026-07-20T15:55:50.626564+00:00,2026-07-20,PLTR,PRE-BREAKOUT,134.1,74.2,55.0,0.52,24.356858159841323,-19.282748508810148,NEUTRAL,2026-09-14T15:25:40.728519+00:00
23,2026-07-20T16:04:49.498883+00:00,2026-07-20,CRM,PRE-BREAKOUT,172.13,81.4,55.3,0.46,36.21564787413694,-6.95263832092001,AVOID,2026-09-14T15:25:40.794365+00:00
24,2026-07-20T16:07:48.995977+00:00,2026-07-20,MSFT,BREAKOUT,399.83,85.1,55.0,0.47,34.29939996003118,-8.567159557608564,PREFER-MID,2026-09-14T15:25:40.889815+00:00
25,2026-07-20T16:13:48.706730+00:00,2026-07-20,RBLX,BREAKOUT,54.78,59.6,55.0,0.67,22.86428644834892,-67.85815146601222,PREFER-HIGH,2026-09-14T15:25:40.943591+00:00
26,2026-07-20T17:16:48.852338+00:00,2026-07-20,ADBE,PRE-BREAKOUT,234.64,83.4,58.8,0.57,22.68681973173206,-31.358514779050683,AVOID,2026-09-14T15:25:41.020290+00:00
27,2026-09-14T13:48:56.141539+00:00,2026-09-14,COIN,BREAKOUT,187.25,70.7,57.4,0.75,27.405627459701442,-54.74475185820591,PREFER-HIGH,2026-09-14T15:25:41.078013+00:00
28,2026-09-14T13:48:56.177969+00:00,2026-09-14,MSFT,BREAKOUT,499.96,63.6,59.1,0.4,34.29939996003118,-8.567159557608564,PREFER-MID,2026-09-14T15:25:41.078049+00:00
29,2026-09-14T13:48:57.187350+00:00,2026-09-14,DIS,BREAKOUT,108.36,66.4,58.4,0.25,22.391863232716247,-8.658378347196507,PREFER-HIGH,2026-09-14T15:25:41.222097+00:00
30,2026-09-14T13:48:57.440616+00:00,2026-09-14,V,BREAKOUT,375.89,57.9,56.2,0.18,18.157003030939507,-3.563805362462761,PREFER-HIGH,2026-09-14T15:25:41.222133+00:00
31,2026-09-14T13:52:01.161068+00:00,2026-09-14,ROKU,BREAKOUT,156.85,50.6,57.6,0.15,35.25256899003702,-3.0232861774716806,PREFER-MID,2026-09-14T15:25:41.222152+00:00
32,2026-09-14T13:52:02.182029+00:00,2026-09-14,JNJ,BREAKOUT,270.5,55.8,55.0,0.15,21.030870720316877,-4.615165909399301,PREFER-HIGH,2026-09-14T15:25:41.376004+00:00
33,2026-09-14T13:55:01.697431+00:00,2026-09-14,NFLX,BREAKOUT,80.06,55.8,55.3,0.53,19.389276186033957,-37.648527656255084,PREFER-HIGH,2026-09-14T15:25:41.441269+00:00
34,2026-09-14T13:55:06.910500+00:00,2026-09-14,HOOD,BREAKOUT,114.64,68.5,57.6,0.4,22.023161652339777,-26.164243252269724,PREFER-HIGH,2026-09-14T15:25:41.497486+00:00
35,2026-09-14T13:57:59.311515+00:00,2026-09-14,CRWD,BREAKOUT,226.7,85.1,59.2,1.07,16.4321376832993,-10.502162124171402,PREFER-HIGH,2026-09-14T15:25:41.557683+00:00
36,2026-09-14T14:04:22.325604+00:00,2026-09-14,ZS,BREAKOUT,181.08,64.6,56.5,0.97,19.498686073659794,-51.069081790869234,PREFER-HIGH,2026-09-14T15:25:41.557729+00:00
37,2026-09-14T14:04:32.028516+00:00,2026-09-14,VZ,BREAKOUT,51.19,94.5,66.9,0.36,18.551504375683614,-1.498638461962799,PREFER-HIGH,2026-09-14T15:25:41.765963+00:00
38,2026-09-14T14:16:00.548334+00:00,2026-09-14,DE,PRE-BREAKOUT,681.29,71.2,62.5,0.31,25.738374164076152,-3.240403373718132,PREFER-MID,2026-09-14T15:25:41.869728+00:00
39,2026-09-14T14:21:59.916655+00:00,2026-09-14,COP,BREAKOUT,139.26,93.0,70.7,0.37,27.20119963633402,0.0,PREFER-HIGH,2026-09-14T15:25:41.964832+00:00
40,2026-09-14T14:52:00.679633+00:00,2026-09-14,SNOW,BREAKOUT,332.09,60.7,55.0,0.37,24.090846255041818,-7.708926667664885,PREFER-HIGH,2026-09-14T15:25:41.964867+00:00
41,2026-09-14T14:57:59.939410+00:00,2026-09-14,NOW,BREAKOUT,139.89,68.8,58.7,0.82,22.798874110351747,-31.056545947625754,PREFER-HIGH,2026-09-14T15:25:42.022915+00:00
42,2026-09-14T15:10:00.480376+00:00,2026-09-14,RBLX,BREAKOUT,50.01,115.4,73.3,1.52,22.86428644834892,-67.85815146601222,PREFER-HIGH,2026-09-14T15:25:42.022945+00:00
43,2026-09-14T15:31:01.112345+00:00,2026-09-14,ABBV,PRE-BREAKOUT,262.46,67.4,57.6,0.68,18.051580162451113,-3.3274452242348374,PREFER-MID,2026-09-14T15:45:06.341655+00:00
44,2026-09-14T17:28:02.874925+00:00,2026-09-14,ARKK,PRE-BREAKOUT,85.07,57.5,55.0,0.7,22.569755088678406,-9.672535465595084,NEUTRAL,2026-09-14T17:30:08.696916+00:00
45,2026-09-14T17:34:03.621360+00:00,2026-09-14,GOOGL,PRE-BREAKOUT,348.91,89.4,55.0,1.02,7.181823258137965,-15.925685732156591,NEUTRAL,2026-09-14T17:45:18.315575+00:00
46,2026-09-14T17:46:03.672909+00:00,2026-09-14,PANW,PRE-BREAKOUT,377.36,82.1,58.6,1.31,17.67928776197076,-16.502526793817076,AVOID,2026-09-14T18:00:03.367165+00:00
47,2026-09-14T17:52:03.953374+00:00,2026-09-14,QCOM,PRE-BREAKOUT,180.16,94.0,64.3,0.58,20.08420723919218,-27.507769052863967,NEUTRAL,2026-09-14T18:00:03.460978+00:00
48,2026-09-15T13:35:48.422095+00:00,2026-09-15,TMO,BREAKOUT,626.92,72.0,62.5,0.13,28.60824180986797,-4.039411462467985,PREFER-HIGH,2026-09-15T13:45:14.864951+00:00
49,2026-09-15T13:36:00.806176+00:00,2026-09-15,XLE,PRE-BREAKOUT,65.18,78.9,64.2,0.18,26.819394808812717,-1.194302263749265,AVOID,2026-09-15T13:45:15.038614+00:00
50,2026-09-15T13:36:01.203101+00:00,2026-09-15,META,PRE-BREAKOUT,665.37,92.1,70.7,0.09,20.1770936025942,-14.694011459668378,NEUTRAL,2026-09-15T13:45:15.105922+00:00
51,2026-09-15T13:36:01.736061+00:00,2026-09-15,COP,PRE-BREAKOUT,138.83,90.3,69.1,0.12,27.31888265369201,-0.4950913027683564,PREFER-MID,2026-09-15T13:45:15.237212+00:00
52,2026-09-15T13:36:01.751492+00:00,2026-09-15,DE,PRE-BREAKOUT,684.68,71.4,63.4,0.04,25.65654880939058,-2.421348749625724,PREFER-MID,2026-09-15T13:45:15.374536+00:00
53,2026-09-15T13:38:25.691930+00:00,2026-09-15,CVX,PRE-BREAKOUT,215.09,86.9,68.4,0.09,31.98206367992162,-0.8829297445596278,PREFER-MID,2026-09-15T13:45:15.531892+00:00
54,2026-09-15T13:44:26.779523+00:00,2026-09-15,ZS,PRE-BREAKOUT,191.3,87.4,61.2,0.24,19.882725541892366,-42.98331638517293,NEUTRAL,2026-09-15T13:45:15.589592+00:00
55,2026-09-15T13:53:26.760751+00:00,2026-09-15,AMD,BREAKOUT,509.07,84.2,55.2,0.32,11.613921637336167,-15.062569679906623,PREFER-HIGH,2026-09-15T14:00:09.834114+00:00
56,2026-09-15T13:56:25.632571+00:00,2026-09-15,WFC,BREAKOUT,91.3,92.7,62.3,0.62,14.903995414156165,-7.967631864100371,PREFER-HIGH,2026-09-15T14:00:10.061931+00:00
57,2026-09-15T14:02:26.091397+00:00,2026-09-15,C,BREAKOUT,138.92,84.3,58.2,0.45,13.022416853364966,-6.514728916353615,PREFER-HIGH,2026-09-15T14:15:12.494446+00:00
58,2026-09-15T14:47:27.435918+00:00,2026-09-15,ABBV,PRE-BREAKOUT,261.75,62.3,56.9,0.37,18.311695630643403,-1.5791300476575405,PREFER-MID,2026-09-15T15:00:08.364031+00:00
59,2026-09-15T14:59:27.075267+00:00,2026-09-15,NOW,PRE-BREAKOUT,142.5,74.0,60.5,0.42,23.023178804963866,-25.94807820457002,NEUTRAL,2026-09-15T15:00:08.523172+00:00
60,2026-09-15T15:32:28.727046+00:00,2026-09-15,PG,PRE-BREAKOUT,146.99,81.6,55.0,0.56,8.192977774323692,-12.601670125599366,AVOID,2026-09-15T15:45:06.352890+00:00
61,2026-09-15T15:44:29.194582+00:00,2026-09-15,V,PRE-BREAKOUT,375.42,54.1,55.8,0.48,17.771665843429894,-2.306454816285998,PREFER-LOW,2026-09-15T15:45:06.466069+00:00
62,2026-09-15T16:29:31.790874+00:00,2026-09-15,PANW,PRE-BREAKOUT,377.67,82.8,58.7,0.74,17.708151627370036,-5.570706454190341,AVOID,2026-09-15T16:30:07.898183+00:00
63,2026-09-15T17:05:30.175730+00:00,2026-09-15,ROKU,PRE-BREAKOUT,157.09,54.8,57.8,0.29,33.37491463889721,-1.4459173998625219,PREFER-MID,2026-09-15T17:15:05.377299+00:00
64,2026-09-15T17:32:30.588826+00:00,2026-09-15,PLTR,PRE-BREAKOUT,175.85,50.7,55.5,0.61,23.25174102383875,-16.348101319894877,NEUTRAL,2026-09-15T17:45:03.120086+00:00
65,2026-09-15T18:05:30.993803+00:00,2026-09-15,AAPL,PRE-BREAKOUT,330.62,85.9,60.6,0.43,14.424318235973619,-2.0583392955740805,PREFER-LOW,2026-09-15T18:15:23.520771+00:00
66,2026-09-16T13:30:13.099078+00:00,2026-09-16,WFC,PRE-BREAKOUT,89.76,76.3,58.1,0.0,14.60621304859765,-6.919803103206182,AVOID,2026-09-16T13:45:13.034076+00:00
67,2026-09-16T13:33:11.376548+00:00,2026-09-16,DHR,BREAKOUT,210.94,52.5,56.1,0.01,15.811142918292964,-13.505474913964827,PREFER-HIGH,2026-09-16T13:45:13.130788+00:00
68,2026-09-16T13:36:11.191400+00:00,2026-09-16,PG,PRE-BREAKOUT,147.24,82.7,55.8,0.06,7.674985446820615,-12.278707627998383,AVOID,2026-09-16T13:45:13.275385+00:00
69,2026-09-16T13:45:12.602329+00:00,2026-09-16,GILD,BREAKOUT,147.43,52.4,57.7,0.09,30.68158756189475,-6.097560856172792,PREFER-MID,2026-09-16T14:00:16.347229+00:00
70,2026-09-16T13:45:23.278183+00:00,2026-09-16,PANW,PRE-BREAKOUT,378.71,83.8,59.0,0.14,17.813218306845098,-5.280303955078125,AVOID,2026-09-16T14:00:16.443779+00:00
71,2026-09-16T13:45:23.289301+00:00,2026-09-16,DIS,PRE-BREAKOUT,107.47,51.9,55.0,0.18,22.168635450832245,-8.769827023674798,NEUTRAL,2026-09-16T14:00:16.576989+00:00
72,2026-09-16T13:45:23.300392+00:00,2026-09-16,ABBV,PRE-BREAKOUT,263.45,69.3,58.6,0.11,18.074935778259825,-1.1016252443259302,PREFER-HIGH,2026-09-16T14:00:16.695626+00:00
73,2026-09-16T13:48:11.093080+00:00,2026-09-16,AAPL,BREAKOUT,334.49,91.8,63.6,0.27,14.525938433328545,-2.5699807631925404,PREFER-HIGH,2026-09-16T14:00:16.800046+00:00
74,2026-09-16T13:48:12.320521+00:00,2026-09-16,AMD,BREAKOUT,519.77,92.3,57.7,0.39,11.710935703765736,-13.205137540032291,PREFER-HIGH,2026-09-16T14:00:16.913795+00:00
75,2026-09-16T13:54:10.969683+00:00,2026-09-16,META,BREAKOUT,681.93,94.7,73.8,0.41,22.067050825258896,-14.099328390339636,PREFER-HIGH,2026-09-16T14:00:17.014275+00:00
76,2026-09-16T14:45:11.950492+00:00,2026-09-16,SNOW,PRE-BREAKOUT,334.4,65.9,55.4,0.43,21.91224312084225,-9.39489721987578,NEUTRAL,2026-09-16T15:00:06.486247+00:00
77,2026-09-16T14:48:08.330313+00:00,2026-09-16,CRWD,PRE-BREAKOUT,242.81,94.7,64.7,0.89,18.163497130955253,0.0,PREFER-MID,2026-09-16T15:00:06.584710+00:00
78,2026-09-16T15:03:11.009982+00:00,2026-09-16,ISRG,BREAKOUT,385.55,83.5,57.0,0.52,12.481058947829283,-36.38188088152538,PREFER-HIGH,2026-09-16T15:15:07.002192+00:00
79,2026-09-16T15:30:11.565317+00:00,2026-09-16,ZS,PRE-BREAKOUT,195.5,92.7,63.1,0.91,20.40269950000972,-42.34097429914706,NEUTRAL,2026-09-16T15:45:08.944852+00:00
