ticker,wing_step,entry_date,status,reason,morning_spot,close_spot,k1,k2,k3,entry_debit,long_exit_value,long_payoff,long_win,gamma_oi,gamma_dir,snapshot_time,prior_day_high,prior_day_low,dist_to_prior_high_pct,dist_to_prior_low_pct,near_prior_day_range_edge,payoff_dollar
SPY,2,2026-04-23,ok,,710.5301,708.4500122070312,709.0,711.0,713.0,0.52,0.0,-0.52,False,-2406247217.85,80866609.89,2026-04-23T13:44:32.000000Z,711.4500122070312,708.219970703125,0.0012946843589473583,0.0032512757684367596,True,-52.0
SPY,4,2026-04-23,ok,,710.5301,708.4500122070312,707.0,711.0,715.0,1.7400000000000009,1.45001220703125,-0.2899877929687506,False,-2406247217.85,80866609.89,2026-04-23T13:44:32.000000Z,711.4500122070312,708.219970703125,0.0012946843589473583,0.0032512757684367596,True,-28.99877929687506
SPY,2,2026-04-24,ok,,710.0599,713.9400024414062,708.0,710.0,712.0,0.4400000000000004,0.0,-0.4400000000000004,False,-1698573707.39,939197582.51,2026-04-24T13:44:34.000000Z,712.3599853515625,702.280029296875,0.0032392835471521902,0.0109566400005478,False,-44.00000000000004
SPY,4,2026-04-24,ok,,710.0599,713.9400024414062,706.0,710.0,714.0,1.63,0.05999755859375,-1.57000244140625,False,-1698573707.39,939197582.51,2026-04-24T13:44:34.000000Z,712.3599853515625,702.280029296875,0.0032392835471521902,0.0109566400005478,False,-157.000244140625
SPY,2,2026-04-27,ok,,713.465,715.1699829101562,711.0,713.0,715.0,0.4500000000000002,0.0,-0.4500000000000002,False,-391994866.21,-689987372.59,2026-04-27T13:44:40.000000Z,714.469970703125,709.010009765625,0.001408577439853347,0.006244160868963483,True,-45.000000000000014
SPY,4,2026-04-27,ok,,713.465,715.1699829101562,709.0,713.0,717.0,1.6400000000000006,1.83001708984375,0.1900170898437494,True,-391994866.21,-689987372.59,2026-04-27T13:44:40.000000Z,714.469970703125,709.010009765625,0.001408577439853347,0.006244160868963483,True,19.00170898437494
SPY,2,2026-04-28,ok,,712.3,711.6900024414062,710.0,712.0,714.0,0.4500000000000002,1.69000244140625,1.2400024414062498,True,-3445043717.72,-47633315.85,2026-04-28T13:44:50.000000Z,715.6300048828125,712.2999877929688,0.004675003345237324,1.7137485897129393e-08,True,124.00024414062499
SPY,4,2026-04-28,ok,,712.3,711.6900024414062,708.0,712.0,716.0,1.6900000000000004,3.69000244140625,2.0000024414062496,True,-3445043717.72,-47633315.85,2026-04-28T13:44:50.000000Z,715.6300048828125,712.2999877929688,0.004675003345237324,1.7137485897129393e-08,True,200.00024414062497
SPY,2,2026-04-29,ok,,709.78,711.5800170898438,708.0,710.0,712.0,0.2700000000000004,0.41998291015625,0.1499829101562495,True,-4231225564.35,380003236.45,2026-04-29T13:44:38.000000Z,712.8800048828125,709.25,0.0043675573879406685,0.000746710248245897,True,14.99829101562495
SPY,4,2026-04-29,ok,,709.78,711.5800170898438,706.0,710.0,714.0,1.040000000000001,2.41998291015625,1.379982910156249,True,-4231225564.35,380003236.45,2026-04-29T13:44:38.000000Z,712.8800048828125,709.25,0.0043675573879406685,0.000746710248245897,True,137.99829101562491
SPY,2,2026-05-07,ok,,733.92,731.5800170898438,732.0,734.0,736.0,0.4900000000000002,0.0,-0.4900000000000002,False,3917562047.71,219563899.8,2026-05-07T13:44:38.000000Z,734.5900268554688,727.8200073242188,0.000912942630625669,0.008311522612520723,True,-49.00000000000002
SPY,4,2026-05-07,ok,,733.92,731.5800170898438,730.0,734.0,738.0,1.8300000000000003,1.58001708984375,-0.2499829101562505,False,3917562047.71,219563899.8,2026-05-07T13:44:38.000000Z,734.5900268554688,727.8200073242188,0.000912942630625669,0.008311522612520723,True,-24.99829101562505
SPY,2,2026-05-08,ok,,735.7,737.6199951171875,734.0,736.0,738.0,0.5500000000000003,0.3800048828125,-0.1699951171875002,False,5338857472.58,-145451733.94,2026-05-08T13:44:36.000000Z,736.1300048828125,729.75,0.0005844840054539276,0.008087535680304533,True,-16.99951171875002
SPY,4,2026-05-08,ok,,735.7,737.6199951171875,732.0,736.0,740.0,1.9199999999999997,2.3800048828125,0.4600048828125005,True,5338857472.58,-145451733.94,2026-05-08T13:44:36.000000Z,736.1300048828125,729.75,0.0005844840054539276,0.008087535680304533,True,46.00048828125005
SPY,2,2026-05-11,ok,,738.72,739.2999877929688,737.0,739.0,741.0,0.6000000000000001,1.70001220703125,1.10001220703125,True,3029111759.5,-1334882220.99,2026-05-11T13:44:52.000000Z,738.0800170898438,734.5700073242188,-0.0008663403050631867,0.005617815513024254,True,110.00122070312499
SPY,4,2026-05-11,ok,,738.72,739.2999877929688,735.0,739.0,743.0,2.06,3.70001220703125,1.64001220703125,True,3029111759.5,-1334882220.99,2026-05-11T13:44:52.000000Z,738.0800170898438,734.5700073242188,-0.0008663403050631867,0.005617815513024254,True,164.001220703125
SPY,2,2026-05-12,ok,,736.735,738.1799926757812,735.0,737.0,739.0,0.48,0.82000732421875,0.34000732421875,True,-3210086185.91,-295169039.85,2026-05-12T13:44:42.000000Z,740.7899780273438,736.4500122070312,0.005503984509143364,0.00038682537543182233,True,34.000732421875
SPY,4,2026-05-12,ok,,736.735,738.1799926757812,733.0,737.0,741.0,1.739999999999999,2.82000732421875,1.080007324218751,True,-3210086185.91,-295169039.85,2026-05-12T13:44:42.000000Z,740.7899780273438,736.4500122070312,0.005503984509143364,0.00038682537543182233,True,108.00073242187509
SPY,2,2026-05-13,ok,,736.55,742.3099975585938,735.0,737.0,739.0,0.3999999999999999,0.0,-0.3999999999999999,False,1726433237.49,-971701310.12,2026-05-13T13:44:52.000000Z,738.8400268554688,731.8300170898438,0.003109126135997279,0.006408231498413149,False,-39.99999999999999
SPY,4,2026-05-13,ok,,736.55,742.3099975585938,733.0,737.0,741.0,1.6,0.0,-1.6,False,1726433237.49,-971701310.12,2026-05-13T13:44:52.000000Z,738.8400268554688,731.8300170898438,0.003109126135997279,0.006408231498413149,False,-160.0
SPY,2,2026-05-21,ok,,738.0601,742.719970703125,736.0,738.0,740.0,0.2999999999999998,0.0,-0.2999999999999998,False,-3593474361.31,541960156.58,2026-05-21T13:44:36.000000Z,741.8699951171875,733.8900146484375,0.005162039130942678,0.005650062036360635,False,-29.999999999999982
SPY,4,2026-05-21,ok,,738.0601,742.719970703125,734.0,738.0,742.0,1.0499999999999998,0.0,-1.0499999999999998,False,-3593474361.31,541960156.58,2026-05-21T13:44:36.000000Z,741.8699951171875,733.8900146484375,0.005162039130942678,0.005650062036360635,False,-104.99999999999999
SPY,2,2026-05-22,ok,,747.93,745.6400146484375,746.0,748.0,750.0,0.3500000000000001,0.0,-0.3500000000000001,False,7833358109.09,-439175770.92,2026-05-22T13:44:36.000000Z,744.8699951171875,737.030029296875,-0.00409129849426076,0.014573517178245225,False,-35.00000000000001
SPY,4,2026-05-22,ok,,747.93,745.6400146484375,744.0,748.0,752.0,1.4200000000000004,1.6400146484375,0.2200146484374996,True,7833358109.09,-439175770.92,2026-05-22T13:44:36.000000Z,744.8699951171875,737.030029296875,-0.00409129849426076,0.014573517178245225,False,22.00146484374996
SPY,2,2026-05-26,ok,,750.89,750.5900268554688,749.0,751.0,753.0,0.4999999999999995,1.59002685546875,1.0900268554687504,True,5305520400.59,-1049931670.74,2026-05-26T13:44:46.000000Z,748.9400024414062,744.47998046875,-0.002596915072239258,0.008536562653983922,True,109.00268554687504
SPY,4,2026-05-26,ok,,750.89,750.5900268554688,747.0,751.0,755.0,1.7899999999999996,3.59002685546875,1.8000268554687504,True,5305520400.59,-1049931670.74,2026-05-26T13:44:46.000000Z,748.9400024414062,744.47998046875,-0.002596915072239258,0.008536562653983922,True,180.00268554687503
SPY,2,2026-05-27,ok,,750.07,750.4600219726562,748.0,750.0,752.0,0.3999999999999994,1.53997802734375,1.1399780273437503,True,3541519157.95,-27136862.82,2026-05-27T13:44:42.000000Z,752.1300048828125,748.3699951171875,0.0027464168448444143,0.0022664616406636046,True,113.99780273437503
SPY,4,2026-05-27,ok,,750.07,750.4600219726562,746.0,750.0,754.0,1.54,3.53997802734375,1.99997802734375,True,3541519157.95,-27136862.82,2026-05-27T13:44:42.000000Z,752.1300048828125,748.3699951171875,0.0027464168448444143,0.0022664616406636046,True,199.997802734375
SPY,2,2026-05-28,ok,,749.6399,754.5999755859375,748.0,750.0,752.0,0.48,0.0,-0.48,False,485779879.87,-22772343.22,2026-05-28T13:44:52.000000Z,751.3800048828125,748.219970703125,0.002321254355341129,0.0018941485063361909,True,-48.0
SPY,4,2026-05-28,ok,,749.6399,754.5999755859375,746.0,750.0,754.0,1.93,0.0,-1.93,False,485779879.87,-22772343.22,2026-05-28T13:44:52.000000Z,751.3800048828125,748.219970703125,0.002321254355341129,0.0018941485063361909,True,-193.0
SPY,2,2026-06-05,ok,,750.02,737.5499877929688,748.0,750.0,752.0,0.4300000000000001,0.0,-0.4300000000000001,False,-7683552219.64,283669480.47,2026-06-05T13:44:50.000000Z,758.3099975585938,751.469970703125,0.011053035330516211,-0.001933242717694219,True,-43.00000000000001
SPY,4,2026-06-05,ok,,750.02,737.5499877929688,746.0,750.0,754.0,1.5099999999999998,0.0,-1.5099999999999998,False,-7683552219.64,283669480.47,2026-06-05T13:44:50.000000Z,758.3099975585938,751.469970703125,0.011053035330516211,-0.001933242717694219,True,-150.99999999999997
SPY,2,2026-06-08,ok,,743.08,739.219970703125,741.0,743.0,745.0,0.2800000000000002,0.0,-0.2800000000000002,False,-7656481432.48,63746629.86,2026-06-08T13:44:50.000000Z,752.8200073242188,735.530029296875,0.01310761603625277,0.010160373988164183,False,-28.000000000000018
SPY,4,2026-06-08,ok,,743.08,739.219970703125,739.0,743.0,747.0,1.1399999999999997,0.219970703125,-0.9200292968749996,False,-7656481432.48,63746629.86,2026-06-08T13:44:50.000000Z,752.8200073242188,735.530029296875,0.01310761603625277,0.010160373988164183,False,-92.00292968749996
SPY,2,2026-06-09,ok,,745.68,737.0499877929688,744.0,746.0,748.0,0.4499999999999997,0.0,-0.4499999999999997,False,-3517047470.1,-382431057.71,2026-06-09T13:44:50.000000Z,745.3400268554688,738.1900024414062,-0.00045592364624396525,0.010044519845769902,True,-44.999999999999964
SPY,4,2026-06-09,ok,,745.68,737.0499877929688,742.0,746.0,750.0,1.6500000000000004,0.0,-1.6500000000000004,False,-3517047470.1,-382431057.71,2026-06-09T13:44:50.000000Z,745.3400268554688,738.1900024414062,-0.00045592364624396525,0.010044519845769902,True,-165.00000000000003
SPY,2,2026-06-10,ok,,736.15,725.4299926757812,734.0,736.0,738.0,0.2400000000000002,0.0,-0.2400000000000002,False,-11183114294.75,-217822605.55,2026-06-10T13:44:48.000000Z,746.9000244140625,722.5900268554688,0.01460303527007067,0.018420122454025984,False,-24.00000000000002
SPY,4,2026-06-10,ok,,736.15,725.4299926757812,732.0,736.0,740.0,0.8100000000000005,0.0,-0.8100000000000005,False,-11183114294.75,-217822605.55,2026-06-10T13:44:48.000000Z,746.9000244140625,722.5900268554688,0.01460303527007067,0.018420122454025984,False,-81.00000000000006
SPY,2,2026-06-11,ok,,728.82,737.760009765625,727.0,729.0,731.0,0.2099999999999999,0.0,-0.2099999999999999,False,-12446535061.59,339690554.08,2026-06-11T13:44:36.000000Z,738.3800048828125,725.3300170898438,0.0131171000834396,0.004788538884987102,False,-20.99999999999999
SPY,4,2026-06-11,ok,,728.82,737.760009765625,725.0,729.0,733.0,0.8399999999999999,0.0,-0.8399999999999999,False,-12446535061.59,339690554.08,2026-06-11T13:44:36.000000Z,738.3800048828125,725.3300170898438,0.0131171000834396,0.004788538884987102,False,-83.99999999999999
SPY,2,2026-06-22,ok,,748.47,744.3900146484375,746.0,748.0,750.0,0.4399999999999995,0.0,-0.4399999999999995,False,-1277961382.81,-424825525.43,2026-06-22T13:44:38.000000Z,748.22998046875,743.8599853515625,-0.0003206802293345455,0.0061592510700997066,True,-43.99999999999995
SPY,4,2026-06-22,ok,,748.47,744.3900146484375,744.0,748.0,752.0,1.5700000000000005,0.3900146484375,-1.1799853515625005,False,-1277961382.81,-424825525.43,2026-06-22T13:44:38.000000Z,748.22998046875,743.8599853515625,-0.0003206802293345455,0.0061592510700997066,True,-117.99853515625006
SPY,2,2026-06-23,ok,,735.2,733.5800170898438,733.0,735.0,737.0,0.2399999999999993,0.58001708984375,0.3400170898437507,True,-13410204014.6,696611232.19,2026-06-23T13:44:30.000000Z,750.1799926757812,743.1300048828125,0.020375398090017958,-0.01078618727259583,False,34.00170898437507
SPY,4,2026-06-23,ok,,735.2,733.5800170898438,731.0,735.0,739.0,0.9799999999999996,2.58001708984375,1.6000170898437505,True,-13410204014.6,696611232.19,2026-06-23T13:44:30.000000Z,750.1799926757812,743.1300048828125,0.020375398090017958,-0.01078618727259583,False,160.00170898437506
SPY,2,2026-06-24,ok,,735.89,733.239990234375,734.0,736.0,738.0,0.3299999999999992,0.0,-0.3299999999999992,False,-9536280084.08,69769903.47,2026-06-24T13:44:50.000000Z,739.6300048828125,732.2999877929688,0.005082287954466719,0.004878463095070237,False,-32.999999999999915
SPY,4,2026-06-24,ok,,735.89,733.239990234375,732.0,736.0,740.0,1.2299999999999995,1.239990234375,0.0099902343750004,True,-9536280084.08,69769903.47,2026-06-24T13:44:50.000000Z,739.6300048828125,732.2999877929688,0.005082287954466719,0.004878463095070237,False,0.99902343750004
SPY,2,2026-06-25,ok,,733.3398,734.2999877929688,731.0,733.0,735.0,0.2700000000000004,0.70001220703125,0.4300122070312495,True,-10311819288.36,373889324.31,2026-06-25T13:44:56.000000Z,739.9500122070312,730.8400268554688,0.009013846251125715,0.0034087515017338734,False,43.00122070312495
SPY,4,2026-06-25,ok,,733.3398,734.2999877929688,729.0,733.0,737.0,0.9300000000000006,2.70001220703125,1.7700122070312494,True,-10311819288.36,373889324.31,2026-06-25T13:44:56.000000Z,739.9500122070312,730.8400268554688,0.009013846251125715,0.0034087515017338734,False,177.00122070312494
SPY,2,2026-06-26,ok,,728.09,728.989990234375,726.0,728.0,730.0,0.2200000000000006,1.010009765625,0.7900097656249994,True,-14601103276.57,600182791.26,2026-06-26T13:44:36.000000Z,739.3699951171875,729.5999755859375,0.01549258349542978,-0.0020738859013823404,True,79.00097656249994
SPY,4,2026-06-26,ok,,728.09,728.989990234375,724.0,728.0,732.0,1.0999999999999996,3.010009765625,1.9100097656250004,True,-14601103276.57,600182791.26,2026-06-26T13:44:36.000000Z,739.3699951171875,729.5999755859375,0.01549258349542978,-0.0020738859013823404,True,191.00097656250003
SPY,2,2026-07-07,ok,,749.91,747.7100219726562,748.0,750.0,752.0,0.4100000000000001,0.0,-0.4100000000000001,False,-584104134.0,478634950.02,2026-07-07T13:44:54.000000Z,752.4099731445312,747.4099731445312,0.003333697569750079,0.003333769192928109,False,-41.00000000000001
SPY,4,2026-07-07,ok,,749.91,747.7100219726562,746.0,750.0,754.0,1.75,1.71002197265625,-0.03997802734375,False,-584104134.0,478634950.02,2026-07-07T13:44:54.000000Z,752.4099731445312,747.4099731445312,0.003333697569750079,0.003333769192928109,False,-3.997802734375
SPY,2,2026-07-08,ok,,744.55,745.4000244140625,743.0,745.0,747.0,0.3199999999999998,1.5999755859375,1.2799755859375002,True,-6939329586.45,429326068.5,2026-07-08T13:44:42.000000Z,750.9600219726562,745.2100219726562,0.008609256561219926,-0.0008864709860402867,True,127.99755859375001
SPY,4,2026-07-08,ok,,744.55,745.4000244140625,741.0,745.0,749.0,1.1999999999999995,3.5999755859375,2.3999755859375003,True,-6939329586.45,429326068.5,2026-07-08T13:44:42.000000Z,750.9600219726562,745.2100219726562,0.008609256561219926,-0.0008864709860402867,True,239.99755859375003
SPY,2,2026-07-09,ok,,748.6901,751.7100219726562,747.0,749.0,751.0,0.4300000000000001,0.0,-0.4300000000000001,False,-1896012356.84,-321560432.08,2026-07-09T13:44:46.000000Z,746.1500244140625,739.510009765625,-0.003392692899154843,0.012261535492956336,False,-43.00000000000001
SPY,4,2026-07-09,ok,,748.6901,751.7100219726562,745.0,749.0,753.0,1.5900000000000003,1.28997802734375,-0.3000219726562503,False,-1896012356.84,-321560432.08,2026-07-09T13:44:46.000000Z,746.1500244140625,739.510009765625,-0.003392692899154843,0.012261535492956336,False,-30.00219726562503
SPY,2,2026-07-10,ok,,752.22,754.9500122070312,750.0,752.0,753.0,0.8500000000000001,1.0,0.1499999999999999,True,2846154055.97,496854117.58,2026-07-10T13:44:34.000000Z,751.969970703125,745.5900268554688,-0.00033238852579701056,0.008813875122346224,True,14.999999999999991
SPY,4,2026-07-10,ok,,752.22,754.9500122070312,748.0,752.0,755.0,1.97,1.04998779296875,-0.9200122070312502,False,2846154055.97,496854117.58,2026-07-10T13:44:34.000000Z,751.969970703125,745.5900268554688,-0.00033238852579701056,0.008813875122346224,True,-92.00122070312501
SPY,2,2026-07-13,ok,,752.406,749.1699829101562,750.0,752.0,754.0,0.3999999999999999,0.0,-0.3999999999999999,False,-128091720.05,169316407.35,2026-07-13T13:44:50.000000Z,755.4199829101562,748.0999755859375,0.004005793295317025,0.005723006480626749,False,-39.99999999999999
SPY,4,2026-07-13,ok,,752.406,749.1699829101562,748.0,752.0,756.0,1.7400000000000002,1.16998291015625,-0.5700170898437502,False,-128091720.05,169316407.35,2026-07-13T13:44:50.000000Z,755.4199829101562,748.0999755859375,0.004005793295317025,0.005723006480626749,False,-57.00170898437502
SPY,2,2026-07-21,ok,,744.54,748.280029296875,743.0,745.0,747.0,0.3500000000000001,0.0,-0.3500000000000001,False,-7294705354.35,166286760.07,2026-07-21T13:44:50.000000Z,748.72998046875,741.510009765625,0.0056276096230558955,0.0040696137673932415,False,-35.00000000000001
SPY,4,2026-07-21,ok,,744.54,748.280029296875,741.0,745.0,749.0,1.5399999999999996,0.719970703125,-0.8200292968749996,False,-7294705354.35,166286760.07,2026-07-21T13:44:50.000000Z,748.72998046875,741.510009765625,0.0056276096230558955,0.0040696137673932415,False,-82.00292968749996
SPY,2,2026-07-22,ok,,747.94,747.4099731445312,746.0,748.0,750.0,0.3900000000000001,1.40997314453125,1.01997314453125,True,-8330563435.21,738259489.33,2026-07-22T13:44:58.000000Z,749.0399780273438,744.1799926757812,0.0014706768288147384,0.0050271510070577915,True,101.99731445312501
SPY,4,2026-07-22,ok,,747.94,747.4099731445312,744.0,748.0,752.0,1.5500000000000007,3.40997314453125,1.8599731445312493,True,-8330563435.21,738259489.33,2026-07-22T13:44:58.000000Z,749.0399780273438,744.1799926757812,0.0014706768288147384,0.0050271510070577915,True,185.99731445312494
SPY,2,2026-07-23,ok,,741.81,738.1799926757812,740.0,742.0,744.0,0.33,0.0,-0.33,False,-15305539607.71,650744941.26,2026-07-23T13:44:32.000000Z,750.02001953125,746.3699951171875,0.011067550358245448,-0.006147120040424846,False,-33.0
SPY,4,2026-07-23,ok,,741.81,738.1799926757812,738.0,742.0,746.0,1.2299999999999995,0.17999267578125,-1.0500073242187495,False,-15305539607.71,650744941.26,2026-07-23T13:44:32.000000Z,750.02001953125,746.3699951171875,0.011067550358245448,-0.006147120040424846,False,-105.00073242187496
SPY,2,2026-07-24,ok,,738.9725,738.9299926757812,737.0,739.0,741.0,0.3999999999999999,1.92999267578125,1.52999267578125,True,-13011404229.01,583869075.06,2026-07-24T13:44:36.000000Z,742.5599975585938,735.2100219726562,0.004854710504915653,0.005091499382377177,False,152.999267578125
SPY,4,2026-07-24,ok,,738.9725,738.9299926757812,735.0,739.0,743.0,1.5900000000000003,3.92999267578125,2.3399926757812497,True,-13011404229.01,583869075.06,2026-07-24T13:44:36.000000Z,742.5599975585938,735.2100219726562,0.004854710504915653,0.005091499382377177,False,233.99926757812497
SPY,2,2026-07-27,ok,,743.9,739.0900268554688,742.0,744.0,746.0,0.4699999999999997,0.0,-0.4699999999999997,False,0.0,-588375.37,2026-07-27T13:44:30.000000Z,743.719970703125,737.2899780273438,-0.00024200738926599983,0.00888563244072621,True,-46.99999999999997
SPY,4,2026-07-27,ok,,743.9,739.0900268554688,740.0,744.0,748.0,1.6399999999999997,0.0,-1.6399999999999997,False,0.0,-588375.37,2026-07-27T13:44:30.000000Z,743.719970703125,737.2899780273438,-0.00024200738926599983,0.00888563244072621,True,-163.99999999999997
SPY,2,2026-08-04,ok,,762.4701,771.3300170898438,760.0,762.0,764.0,0.4500000000000002,0.0,-0.4500000000000002,False,6378145230.89,-2271595810.49,2026-08-04T13:44:58.000000Z,758.5800170898438,748.7999877929688,-0.005101948142171414,0.017928719050138823,False,-45.000000000000014
SPY,4,2026-08-04,ok,,762.4701,771.3300170898438,758.0,762.0,766.0,1.6299999999999994,0.0,-1.6299999999999994,False,6378145230.89,-2271595810.49,2026-08-04T13:44:58.000000Z,758.5800170898438,748.7999877929688,-0.005101948142171414,0.017928719050138823,False,-162.99999999999994
SPY,2,2026-08-05,ok,,775.53,769.7899780273438,774.0,776.0,778.0,0.2800000000000002,0.0,-0.2800000000000002,False,9221560596.15,10835939.53,2026-08-05T13:44:34.000000Z,773.4099731445312,760.52001953125,-0.002733649059957349,0.019354480766379085,True,-28.000000000000018
SPY,4,2026-08-05,ok,,775.53,769.7899780273438,772.0,776.0,780.0,1.1500000000000004,0.0,-1.1500000000000004,False,9221560596.15,10835939.53,2026-08-05T13:44:34.000000Z,773.4099731445312,760.52001953125,-0.002733649059957349,0.019354480766379085,True,-115.00000000000003
SPY,2,2026-08-06,ok,,770.68,768.5599975585938,769.0,771.0,773.0,0.4500000000000002,0.0,-0.4500000000000002,False,2452961335.61,1130137584.99,2026-08-06T13:44:44.000000Z,776.8499755859375,769.510009765625,0.008005885174050903,0.0015181271531309363,True,-45.000000000000014
SPY,4,2026-08-06,ok,,770.68,768.5599975585938,767.0,771.0,775.0,1.5999999999999996,1.55999755859375,-0.0400024414062496,False,2452961335.61,1130137584.99,2026-08-06T13:44:44.000000Z,776.8499755859375,769.510009765625,0.008005885174050903,0.0015181271531309363,True,-4.00024414062496
SPY,2,2026-08-07,ok,,771.57,773.260009765625,770.0,772.0,774.0,0.4100000000000001,0.739990234375,0.3299902343749998,True,6505607754.07,450551659.09,2026-08-07T13:44:42.000000Z,771.8200073242188,767.4600219726562,0.00032402416400158115,0.005326772719706312,True,32.99902343749998
SPY,4,2026-08-07,ok,,771.57,773.260009765625,768.0,772.0,776.0,1.5500000000000005,2.739990234375,1.1899902343749995,True,6505607754.07,450551659.09,2026-08-07T13:44:42.000000Z,771.8200073242188,767.4600219726562,0.00032402416400158115,0.005326772719706312,True,118.99902343749996
SPY,2,2026-08-10,ok,,772.8423,773.030029296875,771.0,773.0,775.0,0.6099999999999999,1.969970703125,1.359970703125,True,10014541323.5,1502533273.35,2026-08-10T13:44:48.000000Z,773.9199829101562,769.6099853515625,0.0013944408971354532,0.004182372844288573,True,135.9970703125
SPY,4,2026-08-10,ok,,772.8423,773.030029296875,769.0,773.0,777.0,2.09,3.969970703125,1.879970703125,True,10014541323.5,1502533273.35,2026-08-10T13:44:48.000000Z,773.9199829101562,769.6099853515625,0.0013944408971354532,0.004182372844288573,True,187.9970703125
SPY,2,2026-08-18,ok,,768.9326,767.4500122070312,767.0,769.0,771.0,0.4599999999999999,0.45001220703125,-0.0099877929687499,False,-7696259434.64,291934390.95,2026-08-18T13:44:52.000000Z,776.780029296875,772.510009765625,0.010205613986030792,-0.0046524360725829815,False,-0.99877929687499
SPY,4,2026-08-18,ok,,768.9326,767.4500122070312,765.0,769.0,773.0,1.7799999999999998,2.45001220703125,0.6700122070312502,True,-7696259434.64,291934390.95,2026-08-18T13:44:52.000000Z,776.780029296875,772.510009765625,0.010205613986030792,-0.0046524360725829815,False,67.00122070312501
SPY,2,2026-08-19,ok,,770.28,769.0599975585938,768.0,770.0,772.0,0.5599999999999996,1.05999755859375,0.4999975585937504,True,-3287027983.41,965401764.42,2026-08-19T13:44:54.000000Z,769.5,766.9199829101562,-0.0010126187879731692,0.004362072350111288,True,49.99975585937504
SPY,4,2026-08-19,ok,,770.28,769.0599975585938,766.0,770.0,774.0,1.92,3.05999755859375,1.13999755859375,True,-3287027983.41,965401764.42,2026-08-19T13:44:54.000000Z,769.5,766.9199829101562,-0.0010126187879731692,0.004362072350111288,True,113.999755859375
SPY,2,2026-08-20,ok,,767.18,762.5999755859375,765.0,767.0,769.0,0.56,0.0,-0.56,False,-9498078022.78,115033500.95,2026-08-20T13:44:52.000000Z,772.469970703125,768.0999755859375,0.006895344903575498,-0.0011991652362386273,True,-56.00000000000001
SPY,4,2026-08-20,ok,,767.18,762.5999755859375,763.0,767.0,771.0,1.7999999999999994,0.0,-1.7999999999999994,False,-9498078022.78,115033500.95,2026-08-20T13:44:52.000000Z,772.469970703125,768.0999755859375,0.006895344903575498,-0.0011991652362386273,True,-179.99999999999994
SPY,2,2026-08-21,ok,,765.14,765.719970703125,763.0,765.0,767.0,0.6999999999999997,1.280029296875,0.5800292968750003,True,-7409728580.05,963293603.98,2026-08-21T13:44:50.000000Z,768.1500244140625,762.0399780273438,0.003933952497663844,0.004051574839449299,False,58.00292968750003
SPY,4,2026-08-21,ok,,765.14,765.719970703125,761.0,765.0,769.0,1.97,3.280029296875,1.3100292968749998,True,-7409728580.05,963293603.98,2026-08-21T13:44:50.000000Z,768.1500244140625,762.0399780273438,0.003933952497663844,0.004051574839449299,False,131.00292968749997
SPY,2,2026-08-24,ok,,762.38,763.469970703125,760.0,762.0,764.0,0.4900000000000002,0.530029296875,0.0400292968749997,True,-12874382179.37,-825639335.55,2026-08-24T13:44:58.000000Z,767.8499755859375,764.1699829101562,0.00717486763285698,-0.002347888074393681,True,4.00292968749997
SPY,4,2026-08-24,ok,,762.38,763.469970703125,758.0,762.0,766.0,1.84,2.530029296875,0.6900292968750001,True,-12874382179.37,-825639335.55,2026-08-24T13:44:58.000000Z,767.8499755859375,764.1699829101562,0.00717486763285698,-0.002347888074393681,True,69.00292968750001
QQQ,2,2026-04-23,ok,,654.46,651.4199829101562,652.0,654.0,656.0,0.2699999999999996,0.0,-0.2699999999999996,False,873112741.68,155691510.57,2026-04-23T13:44:30.000000Z,655.3300170898438,648.52001953125,0.0013293663323101696,0.009076155103062122,True,-26.999999999999957
QQQ,4,2026-04-23,ok,,654.46,651.4199829101562,650.0,654.0,658.0,1.2700000000000005,1.41998291015625,0.1499829101562495,True,873112741.68,155691510.57,2026-04-23T13:44:30.000000Z,655.3300170898438,648.52001953125,0.0013293663323101696,0.009076155103062122,True,14.99829101562495
QQQ,2,2026-04-24,ok,,658.84,663.8800048828125,657.0,659.0,661.0,0.3700000000000001,0.0,-0.3700000000000001,False,3571971041.67,224007291.87,2026-04-24T13:44:34.000000Z,656.9199829101562,645.52001953125,-0.0029142387982572125,0.020217322064158265,True,-37.000000000000014
QQQ,4,2026-04-24,ok,,658.84,663.8800048828125,655.0,659.0,663.0,1.2599999999999998,0.0,-1.2599999999999998,False,3571971041.67,224007291.87,2026-04-24T13:44:34.000000Z,656.9199829101562,645.52001953125,-0.0029142387982572125,0.020217322064158265,True,-125.99999999999997
QQQ,2,2026-04-27,ok,,662.2,664.22998046875,660.0,662.0,664.0,0.4099999999999997,0.0,-0.4099999999999997,False,1988969974.74,294557332.07,2026-04-27T13:44:30.000000Z,664.510009765625,656.530029296875,0.003488386840267222,0.008562323622961408,False,-40.99999999999997
QQQ,4,2026-04-27,ok,,662.2,664.22998046875,658.0,662.0,666.0,1.5299999999999998,1.77001953125,0.2400195312500002,True,1988969974.74,294557332.07,2026-04-27T13:44:30.000000Z,664.510009765625,656.530029296875,0.003488386840267222,0.008562323622961408,False,24.00195312500002
QQQ,2,2026-04-28,ok,,658.73,657.5499877929688,657.0,659.0,661.0,0.2999999999999994,0.54998779296875,0.2499877929687506,True,476489271.41,279360090.36,2026-04-28T13:44:46.000000Z,664.4299926757812,660.6900024414062,0.008653003014560186,-0.002975426109948282,True,24.99877929687506
QQQ,4,2026-04-28,ok,,658.73,657.5499877929688,655.0,659.0,663.0,1.3299999999999996,2.54998779296875,1.2199877929687504,True,476489271.41,279360090.36,2026-04-28T13:44:46.000000Z,664.4299926757812,660.6900024414062,0.008653003014560186,-0.002975426109948282,True,121.99877929687504
QQQ,2,2026-04-29,ok,,657.54,661.5700073242188,656.0,658.0,660.0,0.2600000000000007,0.0,-0.2600000000000007,False,1791261464.79,57500963.22,2026-04-29T13:44:38.000000Z,659.6400146484375,653.8099975585938,0.0031937443325691767,0.005672662410509192,False,-26.000000000000068
QQQ,4,2026-04-29,ok,,657.54,661.5700073242188,654.0,658.0,662.0,0.9800000000000004,0.42999267578125,-0.5500073242187504,False,1791261464.79,57500963.22,2026-04-29T13:44:38.000000Z,659.6400146484375,653.8099975585938,0.0031937443325691767,0.005672662410509192,False,-55.00073242187504
QQQ,2,2026-05-07,ok,,695.61,694.9400024414062,694.0,696.0,698.0,0.3999999999999999,0.94000244140625,0.5400024414062501,True,3013427365.67,41983096.88,2026-05-07T13:44:38.000000Z,695.9299926757812,686.47998046875,0.0004600173599879765,0.01312519879134862,True,54.00024414062501
QQQ,4,2026-05-07,ok,,695.61,694.9400024414062,692.0,696.0,700.0,1.3699999999999997,2.94000244140625,1.5700024414062503,True,3013427365.67,41983096.88,2026-05-07T13:44:38.000000Z,695.9299926757812,686.47998046875,0.0004600173599879765,0.01312519879134862,True,157.00024414062503
QQQ,2,2026-05-08,ok,,703.81,711.22998046875,702.0,704.0,706.0,0.3999999999999999,0.0,-0.3999999999999999,False,3302914335.16,-787671994.76,2026-05-08T13:44:38.000000Z,701.239990234375,691.77001953125,-0.003651567561735334,0.01710686189276928,False,-39.99999999999999
QQQ,4,2026-05-08,ok,,703.81,711.22998046875,700.0,704.0,708.0,1.44,0.0,-1.44,False,3302914335.16,-787671994.76,2026-05-08T13:44:38.000000Z,701.239990234375,691.77001953125,-0.003651567561735334,0.01710686189276928,False,-144.0
QQQ,2,2026-05-11,ok,,712.66,713.2899780273438,711.0,713.0,715.0,0.3500000000000001,1.71002197265625,1.36002197265625,True,1588225593.87,29061994.02,2026-05-11T13:44:52.000000Z,711.22998046875,699.5,-0.002006594352496237,0.018466028681278546,True,136.002197265625
QQQ,4,2026-05-11,ok,,712.66,713.2899780273438,709.0,713.0,717.0,1.1200000000000006,3.71002197265625,2.590021972656249,True,1588225593.87,29061994.02,2026-05-11T13:44:52.000000Z,711.22998046875,699.5,-0.002006594352496237,0.018466028681278546,True,259.0021972656249
QQQ,2,2026-05-12,ok,,709.71,707.239990234375,708.0,710.0,712.0,0.3600000000000003,0.0,-0.3600000000000003,False,123465870.42,325777117.71,2026-05-12T13:44:40.000000Z,714.5900268554688,708.9099731445312,0.006876085803312217,0.0011272588176421162,True,-36.00000000000003
QQQ,4,2026-05-12,ok,,709.71,707.239990234375,706.0,710.0,714.0,1.2299999999999995,1.239990234375,0.0099902343750004,True,123465870.42,325777117.71,2026-05-12T13:44:40.000000Z,714.5900268554688,708.9099731445312,0.006876085803312217,0.0011272588176421162,True,0.99902343750004
QQQ,2,2026-05-13,ok,,707.091,714.7100219726562,705.0,707.0,709.0,0.2800000000000002,0.0,-0.2800000000000002,False,1711058668.05,255720823.35,2026-05-13T13:44:48.000000Z,710.1799926757812,696.6400146484375,0.00436859283427627,0.014780255089603046,False,-28.000000000000018
QQQ,4,2026-05-13,ok,,707.091,714.7100219726562,703.0,707.0,711.0,1.0799999999999992,0.0,-1.0799999999999992,False,1711058668.05,255720823.35,2026-05-13T13:44:48.000000Z,710.1799926757812,696.6400146484375,0.00436859283427627,0.014780255089603046,False,-107.99999999999991
QQQ,2,2026-05-21,ok,,709.45,714.510009765625,707.0,709.0,711.0,0.0899999999999998,0.0,-0.0899999999999998,False,-782018838.71,-26440995.49,2026-05-21T13:44:32.000000Z,713.1500244140625,703.7899780273438,0.0052153420453343495,0.007978042106781725,False,-8.99999999999998
QQQ,4,2026-05-21,ok,,709.45,714.510009765625,705.0,709.0,713.0,0.71,0.0,-0.71,False,-782018838.71,-26440995.49,2026-05-21T13:44:32.000000Z,713.1500244140625,703.7899780273438,0.0052153420453343495,0.007978042106781725,False,-71.0
QQQ,2,2026-05-22,ok,,720.15,717.5399780273438,718.0,720.0,722.0,0.2400000000000002,0.0,-0.2400000000000002,False,2793472606.28,21939878.18,2026-05-22T13:44:34.000000Z,717.1199951171875,706.77001953125,-0.004207463560108974,0.018579435490869926,False,-24.00000000000002
QQQ,4,2026-05-22,ok,,720.15,717.5399780273438,716.0,720.0,724.0,0.9599999999999992,1.53997802734375,0.5799780273437509,True,2793472606.28,21939878.18,2026-05-22T13:44:34.000000Z,717.1199951171875,706.77001953125,-0.004207463560108974,0.018579435490869926,False,57.99780273437509
QQQ,2,2026-05-26,ok,,727.43,730.280029296875,725.0,727.0,729.0,0.29,0.0,-0.29,False,2573433188.33,169489991.44,2026-05-26T13:44:44.000000Z,722.1199951171875,715.9500122070312,-0.0072996781584653515,0.015781570450721996,False,-28.999999999999996
QQQ,4,2026-05-26,ok,,727.43,730.280029296875,723.0,727.0,731.0,1.1899999999999995,0.719970703125,-0.4700292968749995,False,2573433188.33,169489991.44,2026-05-26T13:44:44.000000Z,722.1199951171875,715.9500122070312,-0.0072996781584653515,0.015781570450721996,False,-47.00292968749995
QQQ,2,2026-05-27,ok,,729.108,729.4500122070312,727.0,729.0,731.0,0.2999999999999998,1.54998779296875,1.2499877929687502,True,1085141660.54,82910360.97,2026-05-27T13:44:40.000000Z,731.1699829101562,724.1599731445312,0.002828089816812191,0.006786411417058512,True,124.99877929687501
QQQ,4,2026-05-27,ok,,729.108,729.4500122070312,725.0,729.0,733.0,1.0300000000000011,3.54998779296875,2.519987792968749,True,1085141660.54,82910360.97,2026-05-27T13:44:40.000000Z,731.1699829101562,724.1599731445312,0.002828089816812191,0.006786411417058512,True,251.9987792968749
QQQ,2,2026-05-28,ok,,727.28,735.5999755859375,725.0,727.0,729.0,0.5199999999999996,0.0,-0.5199999999999996,False,1163610193.23,53793634.8,2026-05-28T13:44:52.000000Z,733.3200073242188,725.4400024414062,0.008304927021530604,0.0025299713433529353,True,-51.99999999999996
QQQ,4,2026-05-28,ok,,727.28,735.5999755859375,723.0,727.0,731.0,1.4299999999999995,0.0,-1.4299999999999995,False,1163610193.23,53793634.8,2026-05-28T13:44:52.000000Z,733.3200073242188,725.4400024414062,0.008304927021530604,0.0025299713433529353,True,-142.99999999999994
QQQ,2,2026-06-05,ok,,726.98,705.0599975585938,725.0,727.0,729.0,0.25,0.0,-0.25,False,-4481214174.65,42046638.59,2026-06-05T13:44:50.000000Z,743.5,732.6199951171875,0.022724146468953727,-0.007758115927793724,False,-25.0
QQQ,4,2026-06-05,ok,,726.98,705.0599975585938,723.0,727.0,731.0,1.04,0.0,-1.04,False,-4481214174.65,42046638.59,2026-06-05T13:44:50.000000Z,743.5,732.6199951171875,0.022724146468953727,-0.007758115927793724,False,-104.0
QQQ,2,2026-06-08,ok,,717.58,716.0700073242188,716.0,718.0,720.0,0.1299999999999999,0.07000732421875,-0.0599926757812498,False,-1594211495.47,-199613560.07,2026-06-08T13:44:50.000000Z,731.6900024414062,704.3200073242188,0.019663316203637517,0.018478765678783256,False,-5.9992675781249805
QQQ,4,2026-06-08,ok,,717.58,716.0700073242188,714.0,718.0,722.0,0.71,2.07000732421875,1.36000732421875,True,-1594211495.47,-199613560.07,2026-06-08T13:44:50.000000Z,731.6900024414062,704.3200073242188,0.019663316203637517,0.018478765678783256,False,136.000732421875
QQQ,2,2026-06-09,ok,,724.13,707.8300170898438,722.0,724.0,726.0,0.2700000000000004,0.0,-0.2700000000000004,False,-801723468.77,547116604.06,2026-06-09T13:44:50.000000Z,723.030029296875,713.0700073242188,-0.0015190237983856427,0.015273490500022434,True,-27.00000000000004
QQQ,4,2026-06-09,ok,,724.13,707.8300170898438,720.0,724.0,728.0,1.12,0.0,-1.12,False,-801723468.77,547116604.06,2026-06-09T13:44:50.000000Z,723.030029296875,713.0700073242188,-0.0015190237983856427,0.015273490500022434,True,-112.00000000000001
QQQ,2,2026-06-10,ok,,707.07,693.6900024414062,705.0,707.0,709.0,0.1099999999999994,0.0,-0.1099999999999994,False,-4166288216.18,82514583.17,2026-06-10T13:44:48.000000Z,725.6599731445312,686.3699951171875,0.02629155973882529,0.029275750467156785,False,-10.99999999999994
QQQ,4,2026-06-10,ok,,707.07,693.6900024414062,703.0,707.0,711.0,0.5199999999999996,0.0,-0.5199999999999996,False,-4166288216.18,82514583.17,2026-06-10T13:44:48.000000Z,725.6599731445312,686.3699951171875,0.02629155973882529,0.029275750467156785,False,-51.99999999999996
QQQ,2,2026-06-11,ok,,700.9,717.1199951171875,699.0,701.0,703.0,0.1799999999999997,0.0,-0.1799999999999997,False,-4951559420.01,53318424.85,2026-06-11T13:44:36.000000Z,711.280029296875,692.9299926757812,0.014809572402446887,0.011371104757053399,False,-17.999999999999968
QQQ,4,2026-06-11,ok,,700.9,717.1199951171875,697.0,701.0,705.0,0.6300000000000008,0.0,-0.6300000000000008,False,-4951559420.01,53318424.85,2026-06-11T13:44:36.000000Z,711.280029296875,692.9299926757812,0.014809572402446887,0.011371104757053399,False,-63.00000000000008
QQQ,2,2026-06-22,ok,,741.94,737.9500122070312,740.0,742.0,744.0,0.3100000000000005,0.0,-0.3100000000000005,False,77816008.26,250552719.74,2026-06-22T13:44:38.000000Z,741.8200073242188,732.510009765625,-0.00016172827422878476,0.012709909472969586,True,-31.00000000000005
QQQ,4,2026-06-22,ok,,741.94,737.9500122070312,738.0,742.0,746.0,1.1400000000000006,0.0,-1.1400000000000006,False,77816008.26,250552719.74,2026-06-22T13:44:38.000000Z,741.8200073242188,732.510009765625,-0.00016172827422878476,0.012709909472969586,True,-114.00000000000006
QQQ,2,2026-06-23,ok,,716.7,713.6500244140625,715.0,717.0,719.0,0.1299999999999999,0.0,-0.1299999999999999,False,-4939160728.63,144622548.13,2026-06-23T13:44:30.000000Z,745.4500122070312,734.3900146484375,0.04011443031537771,-0.024682593342315408,False,-12.99999999999999
QQQ,4,2026-06-23,ok,,716.7,713.6500244140625,713.0,717.0,721.0,0.7300000000000004,0.6500244140625,-0.0799755859375004,False,-4939160728.63,144622548.13,2026-06-23T13:44:30.000000Z,745.4500122070312,734.3900146484375,0.04011443031537771,-0.024682593342315408,False,-7.99755859375004
QQQ,2,2026-06-24,ok,,714.72,710.6199951171875,713.0,715.0,717.0,0.1699999999999999,0.0,-0.1699999999999999,False,-4225673974.96,39099923.06,2026-06-24T13:44:50.000000Z,723.6099853515625,712.1099853515625,0.012438416934691169,0.003651800213282862,False,-16.99999999999999
QQQ,4,2026-06-24,ok,,714.72,710.6199951171875,711.0,715.0,719.0,0.8600000000000003,0.0,-0.8600000000000003,False,-4225673974.96,39099923.06,2026-06-24T13:44:50.000000Z,723.6099853515625,712.1099853515625,0.012438416934691169,0.003651800213282862,False,-86.00000000000003
QQQ,2,2026-06-25,ok,,714.975,716.3800048828125,713.0,715.0,717.0,0.1300000000000007,0.6199951171875,0.4899951171874992,True,-2719857526.88,-70610724.08,2026-06-25T13:44:56.000000Z,719.9299926757812,704.4500122070312,0.006930302004659222,0.014720777360003878,False,48.99951171874992
QQQ,4,2026-06-25,ok,,714.975,716.3800048828125,711.0,715.0,719.0,0.6099999999999994,2.6199951171875,2.009995117187501,True,-2719857526.88,-70610724.08,2026-06-25T13:44:56.000000Z,719.9299926757812,704.4500122070312,0.006930302004659222,0.014720777360003878,False,200.9995117187501
QQQ,2,2026-06-26,ok,,704.545,706.52001953125,703.0,705.0,707.0,0.2400000000000002,0.47998046875,0.2399804687499998,True,-5788590182.78,294984216.33,2026-06-26T13:44:36.000000Z,726.8300170898438,705.2999877929688,0.03163036724388618,-0.0010715962684694248,True,23.99804687499998
QQQ,4,2026-06-26,ok,,704.545,706.52001953125,701.0,705.0,709.0,0.6799999999999997,2.47998046875,1.7999804687500005,True,-5788590182.78,294984216.33,2026-06-26T13:44:36.000000Z,726.8300170898438,705.2999877929688,0.03163036724388618,-0.0010715962684694248,True,179.99804687500006
QQQ,2,2026-07-07,ok,,713.49,709.4299926757812,711.0,713.0,715.0,0.2299999999999995,0.0,-0.2299999999999995,False,-4376507342.48,200579544.77,2026-07-07T13:44:54.000000Z,726.0800170898438,718.4500122070312,0.017645681214654364,-0.006951761351989854,False,-22.99999999999995
QQQ,4,2026-07-07,ok,,713.49,709.4299926757812,709.0,713.0,717.0,1.1100000000000003,0.42999267578125,-0.6800073242187503,False,-4376507342.48,200579544.77,2026-07-07T13:44:54.000000Z,726.0800170898438,718.4500122070312,0.017645681214654364,-0.006951761351989854,False,-68.00073242187503
QQQ,2,2026-07-08,ok,,709.39,711.4400024414062,707.0,709.0,711.0,0.2600000000000007,0.0,-0.2600000000000007,False,-4150017014.76,260944648.84,2026-07-08T13:44:42.000000Z,716.3499755859375,704.9000244140625,0.009811211866445135,0.0063293471657867835,False,-26.000000000000068
QQQ,4,2026-07-08,ok,,709.39,711.4400024414062,705.0,709.0,713.0,0.7400000000000002,1.55999755859375,0.8199975585937498,True,-4150017014.76,260944648.84,2026-07-08T13:44:42.000000Z,716.3499755859375,704.9000244140625,0.009811211866445135,0.0063293471657867835,False,81.99975585937497
QQQ,2,2026-07-09,ok,,721.5614,723.280029296875,720.0,722.0,724.0,0.2299999999999995,0.719970703125,0.4899707031250004,True,51814504.53,-331009562.6,2026-07-09T13:44:46.000000Z,712.260009765625,700.9099731445312,-0.012890642756631727,0.028620470628651695,False,48.99707031250004
QQQ,4,2026-07-09,ok,,721.5614,723.280029296875,718.0,722.0,726.0,0.9699999999999998,2.719970703125,1.7499707031250002,True,51814504.53,-331009562.6,2026-07-09T13:44:46.000000Z,712.260009765625,700.9099731445312,-0.012890642756631727,0.028620470628651695,False,174.99707031250003
QQQ,2,2026-07-10,ok,,721.659,725.510009765625,720.0,722.0,723.0,0.6800000000000006,1.0,0.3199999999999994,True,-1794450260.98,261008908.38,2026-07-10T13:44:34.000000Z,724.22998046875,715.1300048828125,0.003562597388448018,0.009047202511418124,False,31.99999999999994
QQQ,4,2026-07-10,ok,,721.659,725.510009765625,718.0,722.0,725.0,1.239999999999999,1.0,-0.2399999999999993,False,-1794450260.98,261008908.38,2026-07-10T13:44:34.000000Z,724.22998046875,715.1300048828125,0.003562597388448018,0.009047202511418124,False,-23.99999999999993
QQQ,2,2026-07-13,ok,,713.82,711.739990234375,712.0,714.0,716.0,0.2800000000000002,0.0,-0.2800000000000002,False,-4436288339.33,131738468.83,2026-07-13T13:44:50.000000Z,726.3900146484375,717.0,0.01760950190305322,-0.004454904597797694,False,-28.000000000000018
QQQ,4,2026-07-13,ok,,713.82,711.739990234375,710.0,714.0,718.0,1.0699999999999994,1.739990234375,0.6699902343750006,True,-4436288339.33,131738468.83,2026-07-13T13:44:50.000000Z,726.3900146484375,717.0,0.01760950190305322,-0.004454904597797694,False,66.99902343750006
QQQ,2,2026-07-21,ok,,704.5001,708.969970703125,703.0,705.0,707.0,0.2600000000000007,0.0,-0.2600000000000007,False,-2821026911.54,-63545332.73,2026-07-21T13:44:50.000000Z,705.7999877929688,695.510009765625,0.0018451208068938176,0.01276094955043296,True,-26.000000000000068
QQQ,4,2026-07-21,ok,,704.5001,708.969970703125,701.0,705.0,709.0,0.9200000000000008,0.030029296875,-0.8899707031250008,False,-2821026911.54,-63545332.73,2026-07-21T13:44:50.000000Z,705.7999877929688,695.510009765625,0.0018451208068938176,0.01276094955043296,True,-88.99707031250009
QQQ,2,2026-07-22,ok,,706.36,705.3499755859375,704.0,706.0,708.0,0.2299999999999995,1.3499755859375,1.1199755859375005,True,-4682575890.95,87357769.46,2026-07-22T13:44:58.000000Z,710.0499877929688,702.7999877929688,0.0052239478353371315,0.005039940267046922,False,111.99755859375004
QQQ,4,2026-07-22,ok,,706.36,705.3499755859375,702.0,706.0,710.0,1.0799999999999992,3.3499755859375,2.269975585937501,True,-4682575890.95,87357769.46,2026-07-22T13:44:58.000000Z,710.0499877929688,702.7999877929688,0.0052239478353371315,0.005039940267046922,False,226.99755859375009
QQQ,2,2026-07-23,ok,,697.97,691.9600219726562,696.0,698.0,700.0,0.2199999999999997,0.0,-0.2199999999999997,False,-7141027087.61,318149522.35,2026-07-23T13:44:32.000000Z,709.6500244140625,703.6199951171875,0.016734278570801713,-0.008094896796692511,False,-21.999999999999968
QQQ,4,2026-07-23,ok,,697.97,691.9600219726562,694.0,698.0,702.0,0.7999999999999998,0.0,-0.7999999999999998,False,-7141027087.61,318149522.35,2026-07-23T13:44:32.000000Z,709.6500244140625,703.6199951171875,0.016734278570801713,-0.008094896796692511,False,-79.99999999999999
QQQ,2,2026-07-24,ok,,688.77,684.22998046875,687.0,689.0,691.0,0.3399999999999998,0.0,-0.3399999999999998,False,-8019793984.04,138408491.4,2026-07-24T13:44:36.000000Z,698.6599731445312,687.7899780273438,0.014358890695778372,0.0014228580987212449,True,-33.99999999999998
QQQ,4,2026-07-24,ok,,688.77,684.22998046875,685.0,689.0,693.0,0.9799999999999996,0.0,-0.9799999999999996,False,-8019793984.04,138408491.4,2026-07-24T13:44:36.000000Z,698.6599731445312,687.7899780273438,0.014358890695778372,0.0014228580987212449,True,-97.99999999999997
QQQ,2,2026-07-27,ok,,688.83,682.1199951171875,687.0,689.0,691.0,0.2999999999999998,0.0,-0.2999999999999998,False,0.0,847489.82,2026-07-27T13:44:30.000000Z,692.6300048828125,682.47998046875,0.005516607701192542,0.009218558325348838,False,-29.999999999999982
QQQ,4,2026-07-27,ok,,688.83,682.1199951171875,685.0,689.0,693.0,1.0700000000000005,0.0,-1.0700000000000005,False,0.0,847489.82,2026-07-27T13:44:30.000000Z,692.6300048828125,682.47998046875,0.005516607701192542,0.009218558325348838,False,-107.00000000000006
QQQ,2,2026-08-04,ok,,713.49,723.8499755859375,711.0,713.0,715.0,0.2299999999999995,0.0,-0.2299999999999995,False,3650988189.09,-518866645.55,2026-08-04T13:44:58.000000Z,701.5900268554688,685.8200073242188,-0.01667854229846425,0.03878119199397505,False,-22.99999999999995
QQQ,4,2026-08-04,ok,,713.49,723.8499755859375,709.0,713.0,717.0,0.92,0.0,-0.92,False,3650988189.09,-518866645.55,2026-08-04T13:44:58.000000Z,701.5900268554688,685.8200073242188,-0.01667854229846425,0.03878119199397505,False,-92.0
QQQ,2,2026-08-05,ok,,727.43,717.2999877929688,725.0,727.0,729.0,0.2199999999999997,0.0,-0.2199999999999997,False,4342408950.68,57935556.77,2026-08-05T13:44:34.000000Z,725.6599731445312,707.530029296875,-0.002433260733635814,0.027356543864186178,True,-21.999999999999968
QQQ,4,2026-08-05,ok,,727.43,717.2999877929688,723.0,727.0,731.0,0.9899999999999992,0.0,-0.9899999999999992,False,4342408950.68,57935556.77,2026-08-05T13:44:34.000000Z,725.6599731445312,707.530029296875,-0.002433260733635814,0.027356543864186178,True,-98.99999999999991
QQQ,2,2026-08-06,ok,,713.97,714.6500244140625,712.0,714.0,716.0,0.2399999999999993,1.3499755859375,1.109975585937501,True,-47882425.11,349811770.63,2026-08-06T13:44:44.000000Z,728.5399780273438,716.9199829101562,0.020406989127475555,-0.004131802330848947,False,110.99755859375009
QQQ,4,2026-08-06,ok,,713.97,714.6500244140625,710.0,714.0,718.0,1.0,3.3499755859375,2.3499755859375,True,-47882425.11,349811770.63,2026-08-06T13:44:44.000000Z,728.5399780273438,716.9199829101562,0.020406989127475555,-0.004131802330848947,False,234.99755859375
QQQ,2,2026-08-07,ok,,721.14,723.030029296875,719.0,721.0,723.0,0.25,0.0,-0.25,False,3636663185.05,162513135.6,2026-08-07T13:44:42.000000Z,719.3200073242188,708.5,-0.0025237716334986777,0.017527803200488096,True,-25.0
QQQ,4,2026-08-07,ok,,721.14,723.030029296875,717.0,721.0,725.0,1.0099999999999998,1.969970703125,0.9599707031250002,True,3636663185.05,162513135.6,2026-08-07T13:44:42.000000Z,719.3200073242188,708.5,-0.0025237716334986777,0.017527803200488096,True,95.99707031250003
QQQ,2,2026-08-10,ok,,721.62,720.8699951171875,720.0,722.0,724.0,0.3600000000000003,0.8699951171875,0.5099951171874997,True,2138529671.03,289985696.98,2026-08-10T13:44:48.000000Z,723.6300048828125,716.510009765625,0.002785406284211213,0.007081275788330429,True,50.99951171874997
QQQ,4,2026-08-10,ok,,721.62,720.8699951171875,718.0,722.0,726.0,1.4199999999999997,2.8699951171875,1.4499951171875003,True,2138529671.03,289985696.98,2026-08-10T13:44:48.000000Z,723.6300048828125,716.510009765625,0.002785406284211213,0.007081275788330429,True,144.99951171875003
QQQ,2,2026-08-18,ok,,720.3,717.510009765625,718.0,720.0,722.0,0.2299999999999995,0.0,-0.2299999999999995,False,-2489063224.79,243775673.65,2026-08-18T13:44:52.000000Z,734.5800170898438,729.27001953125,0.0198250966123057,-0.012453171638553445,False,-22.99999999999995
QQQ,4,2026-08-18,ok,,720.3,717.510009765625,716.0,720.0,724.0,0.9699999999999988,1.510009765625,0.5400097656250011,True,-2489063224.79,243775673.65,2026-08-18T13:44:52.000000Z,734.5800170898438,729.27001953125,0.0198250966123057,-0.012453171638553445,False,54.000976562500114
QQQ,2,2026-08-19,ok,,718.155,716.0800170898438,716.0,718.0,720.0,0.4400000000000004,0.08001708984375,-0.3599829101562504,False,-1224306632.69,-204717389.46,2026-08-19T13:44:54.000000Z,722.1300048828125,715.9199829101562,0.005535023613025778,0.003112165326209137,False,-35.99829101562504
QQQ,4,2026-08-19,ok,,718.155,716.0800170898438,714.0,718.0,722.0,1.34,2.08001708984375,0.7400170898437501,True,-1224306632.69,-204717389.46,2026-08-19T13:44:54.000000Z,722.1300048828125,715.9199829101562,0.005535023613025778,0.003112165326209137,False,74.00170898437501
QQQ,2,2026-08-20,ok,,713.545,710.9299926757812,712.0,714.0,716.0,0.1300000000000003,0.0,-0.1300000000000003,False,-3436733435.71,109366073.78,2026-08-20T13:44:52.000000Z,721.5,712.6099853515625,0.011148561057817015,0.0013103793712203984,True,-13.00000000000003
QQQ,4,2026-08-20,ok,,713.545,710.9299926757812,710.0,714.0,718.0,1.0900000000000003,0.92999267578125,-0.1600073242187503,False,-3436733435.71,109366073.78,2026-08-20T13:44:52.000000Z,721.5,712.6099853515625,0.011148561057817015,0.0013103793712203984,True,-16.00073242187503
QQQ,2,2026-08-21,ok,,712.09,713.4400024414062,710.0,712.0,713.0,0.6600000000000001,1.0,0.3399999999999998,True,-3479366963.15,-339581532.86,2026-08-21T13:44:50.000000Z,714.9400024414062,708.52001953125,0.004002306508174834,0.0050133837980452355,False,33.99999999999998
QQQ,4,2026-08-21,ok,,712.09,713.4400024414062,708.0,712.0,715.0,1.5200000000000005,2.55999755859375,1.0399975585937495,True,-3479366963.15,-339581532.86,2026-08-21T13:44:50.000000Z,714.9400024414062,708.52001953125,0.004002306508174834,0.0050133837980452355,False,103.99975585937496
QQQ,2,2026-08-24,ok,,703.05,706.3200073242188,701.0,703.0,705.0,0.3899999999999997,0.0,-0.3899999999999997,False,-5086058969.99,47413073.23,2026-08-24T13:44:58.000000Z,715.6699829101562,709.2000122070312,0.017950334841272023,-0.008747617106935916,False,-38.99999999999997
QQQ,4,2026-08-24,ok,,703.05,706.3200073242188,699.0,703.0,707.0,1.63,0.67999267578125,-0.95000732421875,False,-5086058969.99,47413073.23,2026-08-24T13:44:58.000000Z,715.6699829101562,709.2000122070312,0.017950334841272023,-0.008747617106935916,False,-95.000732421875
IWM,2,2026-04-23,ok,,277.295,275.5199890136719,276.0,277.5,279.0,0.4599999999999999,0.0,-0.4599999999999999,False,-618065855.9,-72595159.11,2026-04-23T13:44:32.000000Z,278.010009765625,274.8999938964844,0.0025785166181322566,0.008637033136247104,True,-45.99999999999999
IWM,4,2026-04-23,ok,,277.295,275.5199890136719,274.0,277.5,281.0,1.97,1.519989013671875,-0.4500109863281247,False,-618065855.9,-72595159.11,2026-04-23T13:44:32.000000Z,278.010009765625,274.8999938964844,0.0025785166181322566,0.008637033136247104,True,-45.00109863281247
IWM,2,2026-04-24,ok,,275.72,276.6499938964844,274.0,276.0,278.0,0.5200000000000002,1.350006103515625,0.8300061035156248,True,-1052240556.47,-1840574.39,2026-04-24T13:44:34.000000Z,277.8699951171875,271.95001220703125,0.007797748140096737,0.013673247471959875,False,83.00061035156247
IWM,4,2026-04-24,ok,,275.72,276.6499938964844,272.5,276.0,280.0,1.4800000000000002,2.850006103515625,1.3700061035156248,True,-1052240556.47,-1840574.39,2026-04-24T13:44:34.000000Z,277.8699951171875,271.95001220703125,0.007797748140096737,0.013673247471959875,False,137.00061035156247
IWM,2,2026-04-27,ok,,277.035,277.1400146484375,275.0,277.0,279.0,0.6599999999999999,1.8599853515625,1.1999853515625,True,-901543950.71,-96196075.14,2026-04-27T13:44:32.000000Z,278.1300048828125,274.2300109863281,0.003952586795215316,0.010125034792253325,False,119.99853515625001
IWM,4,2026-04-27,ok,,277.035,277.1400146484375,273.0,277.0,281.0,2.47,3.8599853515625,1.3899853515625002,True,-901543950.71,-96196075.14,2026-04-27T13:44:32.000000Z,278.1300048828125,274.2300109863281,0.003952586795215316,0.010125034792253325,False,138.99853515625003
IWM,2,2026-04-28,ok,,276.32,273.9100036621094,274.0,276.0,278.0,0.6199999999999997,0.0,-0.6199999999999997,False,-918476840.98,63214591.6,2026-04-28T13:44:46.000000Z,278.239990234375,276.25,0.006948430205468322,0.00025332947307467134,True,-61.999999999999964
IWM,4,2026-04-28,ok,,276.32,273.9100036621094,272.0,276.0,280.0,2.15,1.910003662109375,-0.2399963378906249,False,-918476840.98,63214591.6,2026-04-28T13:44:46.000000Z,278.239990234375,276.25,0.006948430205468322,0.00025332947307467134,True,-23.999633789062493
IWM,2,2026-04-29,ok,,272.9065,272.0799865722656,271.0,273.0,275.0,0.5600000000000005,1.079986572265625,0.5199865722656245,True,-1793493363.12,-37081323.2,2026-04-29T13:44:38.000000Z,276.9700012207031,272.9200134277344,0.014889719448613833,-4.9516694305122494e-05,True,51.99865722656245
IWM,4,2026-04-29,ok,,272.9065,272.0799865722656,269.0,273.0,277.0,1.89,3.079986572265625,1.1899865722656249,True,-1793493363.12,-37081323.2,2026-04-29T13:44:38.000000Z,276.9700012207031,272.9200134277344,0.014889719448613833,-4.9516694305122494e-05,True,118.99865722656249
IWM,2,2026-05-07,ok,,284.87,282.260009765625,283.0,285.0,287.0,0.8899999999999999,0.0,-0.8899999999999999,False,-248512289.48,-4972389.74,2026-05-07T13:44:38.000000Z,287.04998779296875,283.3599853515625,0.00765257062157737,0.005300714882007599,False,-88.99999999999999
IWM,4,2026-05-07,ok,,284.87,282.260009765625,281.0,285.0,288.0,2.3500000000000005,1.260009765625,-1.0899902343750003,False,-248512289.48,-4972389.74,2026-05-07T13:44:38.000000Z,287.04998779296875,283.3599853515625,0.00765257062157737,0.005300714882007599,False,-108.99902343750003
IWM,2,2026-05-08,ok,,282.875,284.1700134277344,281.0,283.0,285.0,0.79,0.829986572265625,0.0399865722656249,True,-473077222.07,12355465.65,2026-05-08T13:44:38.000000Z,287.5799865722656,281.1499938964844,0.01663274086527839,0.006098121444155988,False,3.9986572265624902
IWM,4,2026-05-08,ok,,282.875,284.1700134277344,279.0,283.0,287.0,2.68,2.829986572265625,0.1499865722656252,True,-473077222.07,12355465.65,2026-05-08T13:44:38.000000Z,287.5799865722656,281.1499938964844,0.01663274086527839,0.006098121444155988,False,14.99865722656252
IWM,2,2026-05-11,ok,,285.57,285.3299865722656,284.0,286.0,288.0,0.8200000000000001,1.329986572265625,0.5099865722656249,True,-235291040.55,-66143662.73,2026-05-11T13:44:52.000000Z,284.9700012207031,282.6099853515625,-0.002101056761203446,0.010365285738829335,True,50.99865722656249
IWM,4,2026-05-11,ok,,285.57,285.3299865722656,282.0,286.0,290.0,2.38,3.329986572265625,0.9499865722656252,True,-235291040.55,-66143662.73,2026-05-11T13:44:52.000000Z,284.9700012207031,282.6099853515625,-0.002101056761203446,0.010365285738829335,True,94.99865722656253
IWM,2,2026-05-12,ok,,282.65,282.57000732421875,281.0,283.0,285.0,0.75,1.57000732421875,0.82000732421875,True,-1340585902.94,-69199572.74,2026-05-12T13:44:40.000000Z,287.04998779296875,284.5899963378906,0.015566912410998666,-0.006863599284948339,False,82.000732421875
IWM,4,2026-05-12,ok,,282.65,282.57000732421875,279.0,283.0,287.0,2.09,3.57000732421875,1.48000732421875,True,-1340585902.94,-69199572.74,2026-05-12T13:44:40.000000Z,287.04998779296875,284.5899963378906,0.015566912410998666,-0.006863599284948339,False,148.000732421875
IWM,2,2026-05-13,ok,,280.21,282.6700134277344,278.0,280.0,282.0,0.6400000000000001,0.0,-0.6400000000000001,False,-1450077592.64,-80123550.95,2026-05-13T13:44:46.000000Z,284.05999755859375,278.2799987792969,0.013739686515805184,0.0068876957307130535,False,-64.00000000000001
IWM,4,2026-05-13,ok,,280.21,282.6700134277344,276.0,280.0,284.0,2.7000000000000006,1.329986572265625,-1.3700134277343756,False,-1450077592.64,-80123550.95,2026-05-13T13:44:46.000000Z,284.05999755859375,278.2799987792969,0.013739686515805184,0.0068876957307130535,False,-137.00134277343756
IWM,2,2026-05-21,ok,,278.3,282.489990234375,276.0,278.0,280.0,0.6699999999999999,0.0,-0.6699999999999999,False,-2421147171.64,-57382226.01,2026-05-21T13:44:32.000000Z,280.0899963378906,273.4100036621094,0.006431894854080538,0.017570953423969228,False,-67.0
IWM,4,2026-05-21,ok,,278.3,282.489990234375,274.0,278.0,282.0,2.77,0.0,-2.77,False,-2421147171.64,-57382226.01,2026-05-21T13:44:32.000000Z,280.0899963378906,273.4100036621094,0.006431894854080538,0.017570953423969228,False,-277.0
IWM,2,2026-05-22,ok,,284.755,285.1199951171875,283.0,285.0,287.0,0.6299999999999999,1.8800048828125,1.2500048828125,True,-962132664.75,-23117738.39,2026-05-22T13:44:34.000000Z,283.67999267578125,277.1499938964844,-0.0037752008716923162,0.026707190755265477,False,125.00048828125001
IWM,4,2026-05-22,ok,,284.755,285.1199951171875,281.0,285.0,289.0,2.17,3.8800048828125,1.7100048828125,True,-962132664.75,-23117738.39,2026-05-22T13:44:34.000000Z,283.67999267578125,277.1499938964844,-0.0037752008716923162,0.026707190755265477,False,171.00048828125
IWM,2,2026-05-26,ok,,289.365,290.510009765625,287.0,289.0,291.0,0.7199999999999998,0.489990234375,-0.2300097656249997,False,-68883991.98,37160961.46,2026-05-26T13:44:44.000000Z,286.6099853515625,283.6700134277344,-0.009520897995395121,0.019680979290051092,False,-23.000976562499968
IWM,4,2026-05-26,ok,,289.365,290.510009765625,285.0,289.0,293.0,2.0800000000000005,2.489990234375,0.4099902343749995,True,-68883991.98,37160961.46,2026-05-26T13:44:44.000000Z,286.6099853515625,283.6700134277344,-0.009520897995395121,0.019680979290051092,False,40.99902343749995
IWM,2,2026-05-27,ok,,290.29,290.3699951171875,288.0,290.0,292.0,0.4800000000000004,1.6300048828125,1.1500048828124996,True,-513662330.19,-69101197.99,2026-05-27T13:44:42.000000Z,290.54998779296875,287.739990234375,0.0008956140169097438,0.008784352770074822,True,115.00048828124996
IWM,4,2026-05-27,ok,,290.29,290.3699951171875,286.0,290.0,294.0,1.52,3.6300048828125,2.1100048828125,True,-513662330.19,-69101197.99,2026-05-27T13:44:42.000000Z,290.54998779296875,287.739990234375,0.0008956140169097438,0.008784352770074822,True,211.00048828125
IWM,2,2026-05-28,ok,,288.8296,292.0299987792969,287.0,289.0,291.0,0.6700000000000002,0.0,-0.6700000000000002,False,-877996989.53,12252967.96,2026-05-28T13:44:52.000000Z,291.7200012207031,289.30999755859375,0.010007288798319483,-0.001663255977204976,True,-67.00000000000001
IWM,4,2026-05-28,ok,,288.8296,292.0299987792969,285.0,289.0,293.0,2.25,0.970001220703125,-1.279998779296875,False,-877996989.53,12252967.96,2026-05-28T13:44:52.000000Z,291.7200012207031,289.30999755859375,0.010007288798319483,-0.001663255977204976,True,-127.9998779296875
IWM,2,2026-06-05,ok,,287.1,281.6499938964844,285.0,287.0,288.0,0.8900000000000001,0.0,-0.8900000000000001,False,-2822947411.67,38645949.46,2026-06-05T13:44:50.000000Z,292.8800048828125,286.6600036621094,0.020132375070750528,0.0015325542942899607,True,-89.00000000000001
IWM,4,2026-06-05,ok,,287.1,281.6499938964844,283.0,287.0,290.0,1.94,0.0,-1.94,False,-2822947411.67,38645949.46,2026-06-05T13:44:50.000000Z,292.8800048828125,286.6600036621094,0.020132375070750528,0.0015325542942899607,True,-194.0
IWM,2,2026-06-08,ok,,284.79,284.1099853515625,283.0,285.0,287.0,0.5200000000000005,1.1099853515625,0.5899853515624995,True,-2657621338.54,-5415648.17,2026-06-08T13:44:48.000000Z,289.3999938964844,280.1499938964844,0.016187344697792597,0.01629272833847974,False,58.99853515624996
IWM,4,2026-06-08,ok,,284.79,284.1099853515625,281.0,285.0,289.0,1.93,3.1099853515625,1.1799853515624998,True,-2657621338.54,-5415648.17,2026-06-08T13:44:48.000000Z,289.3999938964844,280.1499938964844,0.016187344697792597,0.01629272833847974,False,117.99853515624999
IWM,2,2026-06-09,ok,,289.81,285.0199890136719,288.0,290.0,292.0,0.6399999999999999,0.0,-0.6399999999999999,False,-1645308279.94,-144417133.71,2026-06-09T13:44:50.000000Z,286.8399963378906,283.5799865722656,-0.010248106214793752,0.021496889091937397,False,-63.99999999999999
IWM,4,2026-06-09,ok,,289.81,285.0199890136719,286.0,290.0,294.0,2.02,0.0,-2.02,False,-1645308279.94,-144417133.71,2026-06-09T13:44:50.000000Z,286.8399963378906,283.5799865722656,-0.010248106214793752,0.021496889091937397,False,-202.0
IWM,2,2026-06-10,ok,,288.16,282.04998779296875,286.0,288.0,290.0,0.4100000000000001,0.0,-0.4100000000000001,False,-2102156438.99,-48099885.36,2026-06-10T13:44:48.000000Z,290.8699951171875,277.6199951171875,0.009404480556591736,0.036576918666062344,False,-41.00000000000001
IWM,4,2026-06-10,ok,,288.16,282.04998779296875,284.0,288.0,292.0,1.4700000000000002,0.0,-1.4700000000000002,False,-2102156438.99,-48099885.36,2026-06-10T13:44:48.000000Z,290.8699951171875,277.6199951171875,0.009404480556591736,0.036576918666062344,False,-147.00000000000003
IWM,2,2026-06-11,ok,,285.51,290.4100036621094,284.0,286.0,288.0,0.2999999999999998,0.0,-0.2999999999999998,False,-2790218277.2,19086500.76,2026-06-11T13:44:36.000000Z,289.0,281.760009765625,0.0122237399740815,0.013134356885485591,False,-29.999999999999982
IWM,4,2026-06-11,ok,,285.51,290.4100036621094,282.0,286.0,290.0,1.39,0.0,-1.39,False,-2790218277.2,19086500.76,2026-06-11T13:44:36.000000Z,289.0,281.760009765625,0.0122237399740815,0.013134356885485591,False,-139.0
IWM,2,2026-06-22,ok,,298.4,298.17999267578125,296.0,298.0,300.0,0.6299999999999999,1.82000732421875,1.19000732421875,True,-609279033.85,-40313629.12,2026-06-22T13:44:38.000000Z,295.9700012207031,291.4200134277344,-0.008143427544560497,0.02339137591241824,False,119.00073242187501
IWM,4,2026-06-22,ok,,298.4,298.17999267578125,294.0,298.0,302.0,1.79,3.82000732421875,2.03000732421875,True,-609279033.85,-40313629.12,2026-06-22T13:44:38.000000Z,295.9700012207031,291.4200134277344,-0.008143427544560497,0.02339137591241824,False,203.000732421875
IWM,2,2026-06-23,ok,,294.1,295.32000732421875,292.0,294.0,296.0,0.5500000000000003,0.67999267578125,0.1299926757812497,True,-1658313884.64,149645927.15,2026-06-23T13:44:30.000000Z,299.489990234375,296.1600036621094,0.018327066420860173,-0.007004432717134825,False,12.99926757812497
IWM,4,2026-06-23,ok,,294.1,295.32000732421875,290.0,294.0,297.5,2.4199999999999995,2.67999267578125,0.2599926757812505,True,-1658313884.64,149645927.15,2026-06-23T13:44:30.000000Z,299.489990234375,296.1600036621094,0.018327066420860173,-0.007004432717134825,False,25.99926757812505
IWM,2,2026-06-24,ok,,295.78,296.69000244140625,294.0,296.0,298.0,0.5899999999999999,1.30999755859375,0.7199975585937501,True,-1888969520.31,-43378719.32,2026-06-24T13:44:50.000000Z,297.75,292.3999938964844,0.00666035566975464,0.011427432901195477,False,71.99975585937501
IWM,4,2026-06-24,ok,,295.78,296.69000244140625,292.0,296.0,300.0,2.2500000000000004,3.30999755859375,1.0599975585937496,True,-1888969520.31,-43378719.32,2026-06-24T13:44:50.000000Z,297.75,292.3999938964844,0.00666035566975464,0.011427432901195477,False,105.99975585937496
IWM,2,2026-06-25,ok,,298.92,298.9100036621094,297.0,299.0,301.0,0.7699999999999996,1.910003662109375,1.1400036621093754,True,-758206379.01,-72717824.59,2026-06-25T13:44:56.000000Z,299.69000244140625,294.69000244140625,0.0025759482182732304,0.014150935228802909,True,114.00036621093754
IWM,4,2026-06-25,ok,,298.92,298.9100036621094,295.0,299.0,302.5,2.0200000000000005,3.910003662109375,1.8900036621093743,True,-758206379.01,-72717824.59,2026-06-25T13:44:56.000000Z,299.69000244140625,294.69000244140625,0.0025759482182732304,0.014150935228802909,True,189.00036621093744
IWM,2,2026-06-26,ok,,297.03,299.8299865722656,295.0,297.0,298.0,1.09,1.0,-0.0899999999999998,False,-1705091191.11,79453136.92,2026-06-26T13:44:36.000000Z,301.5,296.7300109863281,0.015048984951015143,0.001009962002733218,True,-8.99999999999998
IWM,4,2026-06-26,ok,,297.03,299.8299865722656,293.0,297.0,300.0,2.01,1.170013427734375,-0.8399865722656248,False,-1705091191.11,79453136.92,2026-06-26T13:44:36.000000Z,301.5,296.7300109863281,0.015048984951015143,0.001009962002733218,True,-83.99865722656247
IWM,2,2026-07-07,ok,,298.195,296.19000244140625,296.0,298.0,300.0,0.6699999999999999,0.19000244140625,-0.4799975585937499,False,-1799142580.35,-6335321.14,2026-07-07T13:44:54.000000Z,300.4100036621094,297.6199951171875,0.007428037566389047,0.0019282847895252878,True,-47.999755859374986
IWM,4,2026-07-07,ok,,298.195,296.19000244140625,294.0,298.0,302.0,1.97,2.19000244140625,0.2200024414062498,True,-1799142580.35,-6335321.14,2026-07-07T13:44:54.000000Z,300.4100036621094,297.6199951171875,0.007428037566389047,0.0019282847895252878,True,22.00024414062498
IWM,2,2026-07-08,ok,,294.56,293.4800109863281,293.0,295.0,297.0,0.4199999999999997,0.480010986328125,0.0600109863281252,True,-3038512507.89,29908431.76,2026-07-08T13:44:42.000000Z,299.9700012207031,295.17999267578125,0.01836638111319637,-0.0021048094642220523,True,6.00109863281252
IWM,4,2026-07-08,ok,,294.56,293.4800109863281,291.0,295.0,299.0,2.0699999999999994,2.480010986328125,0.4100109863281256,True,-3038512507.89,29908431.76,2026-07-08T13:44:42.000000Z,299.9700012207031,295.17999267578125,0.01836638111319637,-0.0021048094642220523,True,41.00109863281256
IWM,2,2026-07-09,ok,,295.94,297.239990234375,294.0,296.0,298.0,0.6000000000000001,0.760009765625,0.1600097656249999,True,-2339868956.55,16351839.19,2026-07-09T13:44:46.000000Z,295.1000061035156,290.67999267578125,-0.002838392567697414,0.01777389783138051,True,16.000976562499993
IWM,4,2026-07-09,ok,,295.94,297.239990234375,292.0,296.0,300.0,2.08,2.760009765625,0.6800097656249999,True,-2339868956.55,16351839.19,2026-07-09T13:44:46.000000Z,295.1000061035156,290.67999267578125,-0.002838392567697414,0.01777389783138051,True,68.0009765625
IWM,2,2026-07-10,ok,,296.13,295.989990234375,294.0,296.0,297.5,0.93,1.989990234375,1.059990234375,True,-2648442851.37,-26625147.71,2026-07-10T13:44:34.000000Z,297.8800048828125,294.8999938964844,0.00590958323308177,0.0041536018083801725,False,105.9990234375
IWM,4,2026-07-10,ok,,296.13,295.989990234375,292.5,296.0,299.0,2.8,3.489990234375,0.6899902343750002,True,-2648442851.37,-26625147.71,2026-07-10T13:44:34.000000Z,297.8800048828125,294.8999938964844,0.00590958323308177,0.0041536018083801725,False,68.99902343750001
IWM,2,2026-07-13,ok,,295.06,293.4800109863281,293.0,295.0,297.0,0.8700000000000003,0.480010986328125,-0.3899890136718753,False,-2950083080.87,-2052716.06,2026-07-13T13:44:50.000000Z,298.2099914550781,293.6199951171875,0.010675765793662723,0.004880379864476724,False,-38.99890136718753
IWM,4,2026-07-13,ok,,295.06,293.4800109863281,291.0,295.0,299.0,2.759999999999999,2.480010986328125,-0.2799890136718739,False,-2950083080.87,-2052716.06,2026-07-13T13:44:50.000000Z,298.2099914550781,293.6199951171875,0.010675765793662723,0.004880379864476724,False,-27.99890136718739
IWM,2,2026-07-21,ok,,293.1,296.5400085449219,291.0,293.0,295.0,0.72,0.0,-0.72,False,-2907477194.65,-68136756.43,2026-07-21T13:44:50.000000Z,295.989990234375,292.17999267578125,0.009860082682957957,0.003138885445986942,False,-72.0
IWM,4,2026-07-21,ok,,293.1,296.5400085449219,289.0,293.0,297.0,2.12,0.459991455078125,-1.660008544921875,False,-2907477194.65,-68136756.43,2026-07-21T13:44:50.000000Z,295.989990234375,292.17999267578125,0.009860082682957957,0.003138885445986942,False,-166.0008544921875
IWM,2,2026-07-22,ok,,295.99,293.7900085449219,294.0,296.0,298.0,0.7800000000000002,0.0,-0.7800000000000002,False,-2164204213.23,36457237.83,2026-07-22T13:44:58.000000Z,296.75,292.67999267578125,0.0025676543126456667,0.011182834974893608,True,-78.00000000000003
IWM,4,2026-07-22,ok,,295.99,293.7900085449219,292.0,296.0,300.0,2.27,1.790008544921875,-0.4799914550781246,False,-2164204213.23,36457237.83,2026-07-22T13:44:58.000000Z,296.75,292.67999267578125,0.0025676543126456667,0.011182834974893608,True,-47.99914550781246
IWM,2,2026-07-23,ok,,292.52,292.0899963378906,291.0,293.0,295.0,0.7299999999999998,1.089996337890625,0.3599963378906252,True,-2937297743.72,37507146.05,2026-07-23T13:44:32.000000Z,296.44000244140625,293.4100036621094,0.013400801454280967,-0.003042539525876498,False,35.99963378906252
IWM,4,2026-07-23,ok,,292.52,292.0899963378906,289.0,293.0,297.0,2.1,3.089996337890625,0.9899963378906254,True,-2937297743.72,37507146.05,2026-07-23T13:44:32.000000Z,296.44000244140625,293.4100036621094,0.013400801454280967,-0.003042539525876498,False,98.99963378906253
IWM,2,2026-07-24,ok,,292.6801,291.1700134277344,291.0,292.5,294.0,0.29,0.170013427734375,-0.119986572265625,False,-3714536998.72,17560963.01,2026-07-24T13:44:36.000000Z,293.010009765625,290.1700134277344,0.0011272025861171235,0.008576211953821277,True,-11.9986572265625
IWM,4,2026-07-24,ok,,292.6801,291.1700134277344,289.0,292.5,296.0,1.85,2.170013427734375,0.3200134277343749,True,-3714536998.72,17560963.01,2026-07-24T13:44:36.000000Z,293.010009765625,290.1700134277344,0.0011272025861171235,0.008576211953821277,True,32.00134277343749
IWM,2,2026-07-27,ok,,294.96,292.9100036621094,293.0,295.0,297.0,0.7199999999999998,0.0,-0.7199999999999998,False,0.0,-603485.71,2026-07-27T13:44:30.000000Z,293.9700012207031,290.4800109863281,-0.0033563831682155362,0.015188462888770867,False,-71.99999999999997
IWM,4,2026-07-27,ok,,294.96,292.9100036621094,291.0,295.0,299.0,2.3,1.910003662109375,-0.3899963378906248,False,0.0,-603485.71,2026-07-27T13:44:30.000000Z,293.9700012207031,290.4800109863281,-0.0033563831682155362,0.015188462888770867,False,-38.999633789062486
IWM,2,2026-08-04,ok,,297.74,301.7099914550781,296.0,298.0,300.0,0.8,0.0,-0.8,False,-1251839206.48,-56005152.85,2026-08-04T13:44:58.000000Z,296.6600036621094,292.3999938964844,-0.0036273135550837442,0.01793513167030172,False,-80.0
IWM,4,2026-08-04,ok,,297.74,301.7099914550781,294.0,298.0,302.0,2.4799999999999995,0.290008544921875,-2.1899914550781245,False,-1251839206.48,-56005152.85,2026-08-04T13:44:58.000000Z,296.6600036621094,292.3999938964844,-0.0036273135550837442,0.01793513167030172,False,-218.99914550781244
IWM,2,2026-08-05,ok,,301.835,299.7699890136719,300.0,302.0,304.0,0.69,0.0,-0.69,False,-708560628.41,57434182.6,2026-08-05T13:44:34.000000Z,302.3900146484375,297.2200012207031,0.0018388014923303147,0.015289806613868024,True,-69.0
IWM,4,2026-08-05,ok,,301.835,299.7699890136719,298.0,302.0,306.0,2.3199999999999994,1.769989013671875,-0.5500109863281244,False,-708560628.41,57434182.6,2026-08-05T13:44:34.000000Z,302.3900146484375,297.2200012207031,0.0018388014923303147,0.015289806613868024,True,-55.00109863281244
IWM,2,2026-08-06,ok,,299.52,298.25,298.0,300.0,302.0,0.9000000000000001,0.25,-0.6500000000000001,False,-1315364685.69,-44957106.91,2026-08-06T13:44:44.000000Z,303.05999755859375,299.75,0.011818902105347785,-0.00076789529914536,True,-65.00000000000001
IWM,4,2026-08-06,ok,,299.52,298.25,296.0,300.0,304.0,2.36,2.25,-0.1099999999999998,False,-1315364685.69,-44957106.91,2026-08-06T13:44:44.000000Z,303.05999755859375,299.75,0.011818902105347785,-0.00076789529914536,True,-10.99999999999998
IWM,2,2026-08-07,ok,,300.71,301.5599975585937,299.0,301.0,302.5,0.8600000000000001,1.44000244140625,0.5800024414062499,True,-193533426.12,6206209.63,2026-08-07T13:44:42.000000Z,301.3800048828125,297.95001220703125,0.00222807649500356,0.009178237481190283,True,58.00024414062499
IWM,4,2026-08-07,ok,,300.71,301.5599975585937,297.5,301.0,304.0,1.91,2.94000244140625,1.03000244140625,True,-193533426.12,6206209.63,2026-08-07T13:44:42.000000Z,301.3800048828125,297.95001220703125,0.00222807649500356,0.009178237481190283,True,103.00024414062501
IWM,2,2026-08-10,ok,,300.66,299.9800109863281,299.0,301.0,302.5,0.9000000000000001,0.980010986328125,0.0800109863281248,True,-970724625.97,14621080.16,2026-08-10T13:44:48.000000Z,302.0299987792969,299.79998779296875,0.004556637994069214,0.0028604144449919343,True,8.00109863281248
IWM,4,2026-08-10,ok,,300.66,299.9800109863281,297.0,301.0,304.0,2.84,2.980010986328125,0.1400109863281251,True,-970724625.97,14621080.16,2026-08-10T13:44:48.000000Z,302.0299987792969,299.79998779296875,0.004556637994069214,0.0028604144449919343,True,14.001098632812509
IWM,2,2026-08-18,ok,,302.39,300.2300109863281,300.0,302.0,304.0,0.6599999999999999,0.230010986328125,-0.4299890136718749,False,-1546695314.83,-78659924.08,2026-08-18T13:44:52.000000Z,304.3299865722656,303.2300109863281,0.006415511664623958,-0.002777905970197886,True,-42.99890136718749
IWM,4,2026-08-18,ok,,302.39,300.2300109863281,298.0,302.0,306.0,2.6899999999999995,2.230010986328125,-0.4599890136718745,False,-1546695314.83,-78659924.08,2026-08-18T13:44:52.000000Z,304.3299865722656,303.2300109863281,0.006415511664623958,-0.002777905970197886,True,-45.99890136718745
IWM,2,2026-08-19,ok,,302.87,301.7200012207031,301.0,303.0,305.0,0.9599999999999996,0.720001220703125,-0.2399987792968747,False,-1138889748.8,-22281303.41,2026-08-19T13:44:54.000000Z,303.1499938964844,300.1099853515625,0.0009244689024478173,0.00911286904756993,True,-23.999877929687468
IWM,4,2026-08-19,ok,,302.87,301.7200012207031,299.0,303.0,307.0,2.78,2.720001220703125,-0.0599987792968752,False,-1138889748.8,-22281303.41,2026-08-19T13:44:54.000000Z,303.1499938964844,300.1099853515625,0.0009244689024478173,0.00911286904756993,True,-5.99987792968752
IWM,2,2026-08-20,ok,,299.65,297.6700134277344,298.0,300.0,302.0,0.96,0.0,-0.96,False,-2379976084.34,-14369153.5,2026-08-20T13:44:52.000000Z,303.4100036621094,301.2300109863281,0.012547984856030028,-0.005272854951871009,False,-96.0
IWM,4,2026-08-20,ok,,299.65,297.6700134277344,296.0,300.0,304.0,2.49,1.670013427734375,-0.8199865722656248,False,-2379976084.34,-14369153.5,2026-08-20T13:44:52.000000Z,303.4100036621094,301.2300109863281,0.012547984856030028,-0.005272854951871009,False,-81.99865722656247
IWM,2,2026-08-21,ok,,299.63,299.9599914550781,298.0,300.0,302.0,0.9400000000000002,1.959991455078125,1.0199914550781248,True,-1971359520.08,6704633.83,2026-08-21T13:44:50.000000Z,300.0400085449219,297.0400085449219,0.001368382821886592,0.00864396574134139,True,101.99914550781249
IWM,4,2026-08-21,ok,,299.63,299.9599914550781,297.0,300.0,303.0,1.98,2.959991455078125,0.979991455078125,True,-1971359520.08,6704633.83,2026-08-21T13:44:50.000000Z,300.0400085449219,297.0400085449219,0.001368382821886592,0.00864396574134139,True,97.9991455078125
IWM,2,2026-08-24,ok,,298.42,297.9700012207031,296.0,298.0,300.0,1.12,1.970001220703125,0.8500012207031251,True,-2714125508.86,3810743.56,2026-08-24T13:44:58.000000Z,300.3299865722656,298.1700134277344,0.006400330313871754,0.0008377004633256514,True,85.00012207031251
IWM,4,2026-08-24,ok,,298.42,297.9700012207031,294.0,298.0,302.0,2.869999999999999,3.970001220703125,1.1000012207031258,True,-2714125508.86,3810743.56,2026-08-24T13:44:58.000000Z,300.3299865722656,298.1700134277344,0.006400330313871754,0.0008377004633256514,True,110.00012207031259
