ticker,wing_step,entry_date,morning_spot,close_spot,k1,k2,k3,entry_debit,near_sr,payoff_close_4pm,payoff_hardclose_1545,payoff_hardclose_1530,payoff_trail25,trail25_triggered
IWM,2,2026-04-23,277.295,275.5199890136719,276.0,277.5,279.0,0.4599999999999999,True,-45.99999999999999,-43.999999999999986,-37.999999999999986,-34.999999999999986,True
IWM,4,2026-04-23,277.295,275.5199890136719,274.0,277.5,281.0,1.97,True,-45.00109863281247,-104.99999999999999,-78.0,-100.0,True
QQQ,2,2026-04-23,654.46,651.4199829101562,652.0,654.0,656.0,0.2699999999999996,True,-26.999999999999957,-16.999999999999957,6.000000000000044,8.881784197001252e-14,True
QQQ,4,2026-04-23,654.46,651.4199829101562,650.0,654.0,658.0,1.2700000000000005,True,14.99829101562495,-40.00000000000005,27.999999999999957,10.999999999999943,True
SPY,2,2026-04-23,710.5301,708.4500122070312,709.0,711.0,713.0,0.52,True,-52.0,-35.0,-12.999999999999995,-17.999999999999993,True
SPY,4,2026-04-23,710.5301,708.4500122070312,707.0,711.0,715.0,1.7400000000000009,True,-28.99877929687506,-71.00000000000009,-11.000000000000076,-47.000000000000085,True
IWM,2,2026-04-24,275.72,276.6499938964844,274.0,276.0,278.0,0.5200000000000002,False,83.00061035156247,87.99999999999994,70.99999999999997,10.999999999999988,True
IWM,4,2026-04-24,275.72,276.6499938964844,272.5,276.0,280.0,1.4800000000000002,False,137.00061035156247,118.99999999999997,151.99999999999997,7.000000000000006,True
QQQ,2,2026-04-24,658.84,663.8800048828125,657.0,659.0,661.0,0.3700000000000001,True,-37.000000000000014,-32.999999999999915,-59.99999999999987,-4.0000000000000036,True
QQQ,4,2026-04-24,658.84,663.8800048828125,655.0,659.0,663.0,1.2599999999999998,True,-125.99999999999997,-100.99999999999997,-122.00000000000006,-64.00000000000006,True
SPY,2,2026-04-24,710.0599,713.9400024414062,708.0,710.0,712.0,0.4400000000000004,False,-44.00000000000004,-38.00000000000008,-50.000000000000085,-30.99999999999996,True
SPY,4,2026-04-24,710.0599,713.9400024414062,706.0,710.0,714.0,1.63,False,-157.000244140625,-114.00000000000006,-96.99999999999997,-30.99999999999996,True
IWM,2,2026-04-27,277.035,277.1400146484375,275.0,277.0,279.0,0.6599999999999999,False,119.99853515625001,85.99999999999997,76.0,119.99853515625001,False
IWM,4,2026-04-27,277.035,277.1400146484375,273.0,277.0,281.0,2.47,False,138.99853515625003,111.99999999999991,105.99999999999996,138.99853515625003,False
QQQ,2,2026-04-27,662.2,664.22998046875,660.0,662.0,664.0,0.4099999999999997,False,-40.99999999999997,-6.000000000000005,10.000000000000053,4.0000000000000036,True
QQQ,4,2026-04-27,662.2,664.22998046875,658.0,662.0,666.0,1.5299999999999998,False,24.00195312500002,33.99999999999994,39.00000000000006,7.999999999999963,True
SPY,2,2026-04-27,713.465,715.1699829101562,711.0,713.0,715.0,0.4500000000000002,True,-45.000000000000014,-12.99999999999999,-6.00000000000005,0.9999999999999787,True
SPY,4,2026-04-27,713.465,715.1699829101562,709.0,713.0,717.0,1.6400000000000006,True,19.00170898437494,12.99999999999999,22.999999999999954,12.9999999999999,True
IWM,2,2026-04-28,276.32,273.9100036621094,274.0,276.0,278.0,0.6199999999999997,True,-61.999999999999964,-54.99999999999997,-57.999999999999964,-26.999999999999964,True
IWM,4,2026-04-28,276.32,273.9100036621094,272.0,276.0,280.0,2.15,True,-23.999633789062493,-58.999999999999986,-72.0,-48.99999999999998,True
QQQ,2,2026-04-28,658.73,657.5499877929688,657.0,659.0,661.0,0.2999999999999994,True,24.99877929687506,53.00000000000007,56.000000000000064,6.661338147750939e-14,True
QQQ,4,2026-04-28,658.73,657.5499877929688,655.0,659.0,663.0,1.3299999999999996,True,121.99877929687504,137.0,136.00000000000003,-18.99999999999995,True
SPY,2,2026-04-28,712.3,711.6900024414062,710.0,712.0,714.0,0.4500000000000002,True,124.00024414062499,76.99999999999999,70.99999999999997,-4.000000000000014,True
SPY,4,2026-04-28,712.3,711.6900024414062,708.0,712.0,716.0,1.6900000000000004,True,200.00024414062497,146.99999999999994,139.99999999999994,200.00024414062497,False
IWM,2,2026-04-29,272.9065,272.0799865722656,271.0,273.0,275.0,0.5600000000000005,True,51.99865722656245,18.99999999999995,0.9999999999999565,3.999999999999959,True
IWM,4,2026-04-29,272.9065,272.0799865722656,269.0,273.0,277.0,1.89,True,118.99865722656249,66.99999999999997,65.99999999999999,-11.99999999999999,True
QQQ,2,2026-04-29,657.54,661.5700073242188,656.0,658.0,660.0,0.2600000000000007,False,-26.000000000000068,10.999999999999854,24.99999999999991,-11.000000000000032,True
QQQ,4,2026-04-29,657.54,661.5700073242188,654.0,658.0,662.0,0.9800000000000004,False,-55.00073242187504,9.999999999999964,-8.000000000000007,-27.000000000000046,True
SPY,2,2026-04-29,709.78,711.5800170898438,708.0,710.0,712.0,0.2700000000000004,True,14.99829101562495,7.999999999999924,10.999999999999948,-11.000000000000027,True
SPY,4,2026-04-29,709.78,711.5800170898438,706.0,710.0,714.0,1.040000000000001,True,137.99829101562491,26.99999999999987,70.99999999999991,-7.000000000000028,True
IWM,2,2026-05-07,284.87,282.260009765625,283.0,285.0,287.0,0.8899999999999999,False,-88.99999999999999,-87.99999999999999,-87.99999999999999,-10.999999999999988,True
IWM,4,2026-05-07,284.87,282.260009765625,281.0,285.0,288.0,2.3500000000000005,False,-108.99902343750003,-117.00000000000006,-153.00000000000006,-19.000000000000085,True
QQQ,2,2026-05-07,695.61,694.9400024414062,694.0,696.0,698.0,0.3999999999999999,True,54.00024414062501,45.00000000000001,-6.999999999999989,-12.000000000000055,True
QQQ,4,2026-05-07,695.61,694.9400024414062,692.0,696.0,700.0,1.3699999999999997,True,157.00024414062503,131.99999999999997,22.00000000000002,-45.000000000000064,True
SPY,2,2026-05-07,733.92,731.5800170898438,732.0,734.0,736.0,0.4900000000000002,True,-49.00000000000002,-38.00000000000002,-37.00000000000002,11.999999999999966,True
SPY,4,2026-05-07,733.92,731.5800170898438,730.0,734.0,738.0,1.8300000000000003,True,-24.99829101562505,-55.00000000000003,-83.00000000000003,-17.999999999999993,True
IWM,2,2026-05-08,282.875,284.1700134277344,281.0,283.0,285.0,0.79,False,3.9986572265624902,-3.000000000000025,28.000000000000025,-9.00000000000003,True
IWM,4,2026-05-08,282.875,284.1700134277344,279.0,283.0,287.0,2.68,False,14.99865722656252,-15.000000000000036,32.999999999999964,-36.00000000000003,True
QQQ,2,2026-05-08,703.81,711.22998046875,702.0,704.0,706.0,0.3999999999999999,False,-39.99999999999999,-40.99999999999997,-55.00000000000003,-10.000000000000009,True
QQQ,4,2026-05-08,703.81,711.22998046875,700.0,704.0,708.0,1.44,False,-144.0,-147.99999999999991,-127.0,-50.00000000000004,True
SPY,2,2026-05-08,735.7,737.6199951171875,734.0,736.0,738.0,0.5500000000000003,True,-16.99951171875002,4.999999999999982,38.99999999999997,-14.000000000000057,True
SPY,4,2026-05-08,735.7,737.6199951171875,732.0,736.0,740.0,1.9199999999999997,True,46.00048828125005,55.00000000000005,78.99999999999999,46.00048828125005,False
IWM,2,2026-05-11,285.57,285.3299865722656,284.0,286.0,288.0,0.8200000000000001,True,50.99865722656249,44.99999999999999,47.99999999999998,-12.000000000000032,True
IWM,4,2026-05-11,285.57,285.3299865722656,282.0,286.0,290.0,2.38,True,94.99865722656253,87.99999999999999,82.99999999999996,4.0000000000000036,True
QQQ,2,2026-05-11,712.66,713.2899780273438,711.0,713.0,715.0,0.3500000000000001,True,136.002197265625,71.99999999999997,52.0,-4.0000000000000036,True
QQQ,4,2026-05-11,712.66,713.2899780273438,709.0,713.0,717.0,1.1200000000000006,True,259.0021972656249,182.99999999999991,170.99999999999994,259.0021972656249,False
SPY,2,2026-05-11,738.72,739.2999877929688,737.0,739.0,741.0,0.6000000000000001,True,110.00122070312499,64.99999999999999,57.999999999999986,-6.00000000000005,True
SPY,4,2026-05-11,738.72,739.2999877929688,735.0,739.0,743.0,2.06,True,164.001220703125,108.99999999999994,92.99999999999997,164.001220703125,False
IWM,2,2026-05-12,282.65,282.57000732421875,281.0,283.0,285.0,0.75,False,82.000732421875,53.0,26.0,-23.0,True
IWM,4,2026-05-12,282.65,282.57000732421875,279.0,283.0,287.0,2.09,False,148.000732421875,140.99999999999997,87.99999999999999,-52.0,True
QQQ,2,2026-05-12,709.71,707.239990234375,708.0,710.0,712.0,0.3600000000000003,True,-36.00000000000003,-36.00000000000003,-33.00000000000003,-10.000000000000009,True
QQQ,4,2026-05-12,709.71,707.239990234375,706.0,710.0,714.0,1.2299999999999995,True,0.99902343750004,-86.99999999999994,-98.99999999999996,-51.99999999999994,True
SPY,2,2026-05-12,736.735,738.1799926757812,735.0,737.0,739.0,0.48,True,34.000732421875,57.999999999999986,68.99999999999997,-16.000000000000004,True
SPY,4,2026-05-12,736.735,738.1799926757812,733.0,737.0,741.0,1.739999999999999,True,108.00073242187509,130.0,133.00000000000003,-45.99999999999993,True
IWM,2,2026-05-13,280.21,282.6700134277344,278.0,280.0,282.0,0.6400000000000001,False,-64.00000000000001,-87.00000000000006,-66.99999999999994,-24.00000000000002,True
IWM,4,2026-05-13,280.21,282.6700134277344,276.0,280.0,284.0,2.7000000000000006,False,-137.00134277343756,-180.0000000000001,-189.0,-78.00000000000011,True
QQQ,2,2026-05-13,707.091,714.7100219726562,705.0,707.0,709.0,0.2800000000000002,False,-28.000000000000018,-27.000000000000217,-24.999999999999904,-16.000000000000007,True
QQQ,4,2026-05-13,707.091,714.7100219726562,703.0,707.0,711.0,1.0799999999999992,False,-107.99999999999991,-86.99999999999983,-111.00000000000003,-33.9999999999999,True
SPY,2,2026-05-13,736.55,742.3099975585938,735.0,737.0,739.0,0.3999999999999999,False,-39.99999999999999,-39.000000000000014,-38.000000000000036,-7.999999999999963,True
SPY,4,2026-05-13,736.55,742.3099975585938,733.0,737.0,741.0,1.6,False,-160.0,-164.0000000000001,-173.00000000000009,-48.0,True
IWM,2,2026-05-21,278.3,282.489990234375,276.0,278.0,280.0,0.6699999999999999,False,-67.0,-28.999999999999915,-57.00000000000003,-79.99999999999999,True
IWM,4,2026-05-21,278.3,282.489990234375,274.0,278.0,282.0,2.77,False,-277.0,-236.0,-262.99999999999994,-85.00000000000001,True
QQQ,2,2026-05-21,709.45,714.510009765625,707.0,709.0,711.0,0.0899999999999998,False,-8.99999999999998,5.551115123125783e-15,-26.99999999999995,18.000000000000068,True
QQQ,4,2026-05-21,709.45,714.510009765625,705.0,709.0,713.0,0.71,False,-71.0,-19.00000000000004,-49.999999999999915,8.999999999999986,True
SPY,2,2026-05-21,738.0601,742.719970703125,736.0,738.0,740.0,0.2999999999999998,False,-29.999999999999982,-14.999999999999947,-56.99999999999994,-8.000000000000007,True
SPY,4,2026-05-21,738.0601,742.719970703125,734.0,738.0,742.0,1.0499999999999998,False,-104.99999999999999,-57.999999999999915,-129.0,17.00000000000008,True
IWM,2,2026-05-22,284.755,285.1199951171875,283.0,285.0,287.0,0.6299999999999999,False,125.00048828125001,91.00000000000001,74.00000000000003,125.00048828125001,False
IWM,4,2026-05-22,284.755,285.1199951171875,281.0,285.0,289.0,2.17,False,171.00048828125,136.99999999999997,143.00000000000003,171.00048828125,False
QQQ,2,2026-05-22,720.15,717.5399780273438,718.0,720.0,722.0,0.2400000000000002,False,-24.00000000000002,1.9999999999999796,4.999999999999982,38.99999999999999,True
QQQ,4,2026-05-22,720.15,717.5399780273438,716.0,720.0,724.0,0.9599999999999992,False,57.99780273437509,58.000000000000085,50.00000000000008,115.00000000000009,True
SPY,2,2026-05-22,747.93,745.6400146484375,746.0,748.0,750.0,0.3500000000000001,False,-35.00000000000001,-11.000000000000007,-6.000000000000011,26.0,True
SPY,4,2026-05-22,747.93,745.6400146484375,744.0,748.0,752.0,1.4200000000000004,False,22.00146484374996,8.999999999999964,4.99999999999996,4.99999999999996,True
IWM,2,2026-05-26,289.365,290.510009765625,287.0,289.0,291.0,0.7199999999999998,False,-23.000976562499968,-18.000000000000014,10.999999999999988,-23.99999999999998,True
IWM,4,2026-05-26,289.365,290.510009765625,285.0,289.0,293.0,2.0800000000000005,False,40.99902343749995,55.99999999999987,73.99999999999989,40.99902343749995,False
QQQ,2,2026-05-26,727.43,730.280029296875,725.0,727.0,729.0,0.29,False,-28.999999999999996,-21.999999999999968,-27.00000000000004,-20.00000000000001,True
QQQ,4,2026-05-26,727.43,730.280029296875,723.0,727.0,731.0,1.1899999999999995,False,-47.00292968749995,-44.99999999999993,-7.000000000000028,-40.99999999999993,True
SPY,2,2026-05-26,750.89,750.5900268554688,749.0,751.0,753.0,0.4999999999999995,True,109.00268554687504,65.00000000000006,19.000000000000046,-5.99999999999995,True
SPY,4,2026-05-26,750.89,750.5900268554688,747.0,751.0,755.0,1.7899999999999996,True,180.00268554687503,128.00000000000003,72.00000000000001,180.00268554687503,False
IWM,2,2026-05-27,290.29,290.3699951171875,288.0,290.0,292.0,0.4800000000000004,True,115.00048828124996,93.99999999999994,93.9999999999999,33.99999999999994,True
IWM,4,2026-05-27,290.29,290.3699951171875,286.0,290.0,294.0,1.52,True,211.00048828125,171.0,196.99999999999997,79.99999999999999,True
QQQ,2,2026-05-27,729.108,729.4500122070312,727.0,729.0,731.0,0.2999999999999998,True,124.99877929687501,60.00000000000001,63.000000000000036,-12.00000000000001,True
QQQ,4,2026-05-27,729.108,729.4500122070312,725.0,729.0,733.0,1.0300000000000011,True,251.9987792968749,172.99999999999986,181.9999999999999,251.9987792968749,False
SPY,2,2026-05-27,750.07,750.4600219726562,748.0,750.0,752.0,0.3999999999999994,True,113.99780273437503,61.00000000000001,64.00000000000009,113.99780273437503,False
SPY,4,2026-05-27,750.07,750.4600219726562,746.0,750.0,754.0,1.54,True,199.997802734375,140.99999999999991,133.0,199.997802734375,False
IWM,2,2026-05-28,288.8296,292.0299987792969,287.0,289.0,291.0,0.6700000000000002,True,-67.00000000000001,-64.00000000000009,-93.00000000000009,-15.999999999999993,True
IWM,4,2026-05-28,288.8296,292.0299987792969,285.0,289.0,293.0,2.25,True,-127.9998779296875,-159.00000000000009,-188.99999999999997,-52.99999999999998,True
QQQ,2,2026-05-28,727.28,735.5999755859375,725.0,727.0,729.0,0.5199999999999996,True,-51.99999999999996,-29.999999999999716,-89.99999999999986,-23.999999999999932,True
QQQ,4,2026-05-28,727.28,735.5999755859375,723.0,727.0,731.0,1.4299999999999995,True,-142.99999999999994,-139.00000000000003,37.00000000000012,-57.999999999999986,True
SPY,2,2026-05-28,749.6399,754.5999755859375,748.0,750.0,752.0,0.48,True,-48.0,-48.9999999999998,-43.99999999999991,-13.999999999999924,True
SPY,4,2026-05-28,749.6399,754.5999755859375,746.0,750.0,754.0,1.93,True,-193.0,-191.00000000000003,-186.99999999999994,-57.99999999999994,True
IWM,2,2026-06-05,287.1,281.6499938964844,285.0,287.0,288.0,0.8900000000000001,True,-89.00000000000001,-89.00000000000001,-88.00000000000001,-25.00000000000002,True
IWM,4,2026-06-05,287.1,281.6499938964844,283.0,287.0,290.0,1.94,True,-194.0,-187.0,-184.0,19.99999999999997,True
QQQ,2,2026-06-05,726.98,705.0599975585938,725.0,727.0,729.0,0.25,False,-25.0,-25.0,-25.0,-5.999999999999983,True
QQQ,4,2026-06-05,726.98,705.0599975585938,723.0,727.0,731.0,1.04,False,-104.0,-104.0,-104.0,-27.0,True
SPY,2,2026-06-05,750.02,737.5499877929688,748.0,750.0,752.0,0.4300000000000001,True,-43.00000000000001,-42.00000000000001,-44.000000000000014,-16.000000000000007,True
SPY,4,2026-06-05,750.02,737.5499877929688,746.0,750.0,754.0,1.5099999999999998,True,-150.99999999999997,-150.99999999999997,-148.99999999999997,-38.99999999999997,True
IWM,2,2026-06-08,284.79,284.1099853515625,283.0,285.0,287.0,0.5200000000000005,False,58.99853515624996,83.99999999999994,81.99999999999996,-26.00000000000002,True
IWM,4,2026-06-08,284.79,284.1099853515625,281.0,285.0,289.0,1.93,False,117.99853515624999,141.0,139.99999999999997,-18.00000000000004,True
QQQ,2,2026-06-08,717.58,716.0700073242188,716.0,718.0,720.0,0.1299999999999999,False,-5.9992675781249805,32.000000000000014,52.000000000000014,-2.9999999999998472,True
QQQ,4,2026-06-08,717.58,716.0700073242188,714.0,718.0,722.0,0.71,False,136.000732421875,115.99999999999999,137.0,-0.9999999999999787,True
SPY,2,2026-06-08,743.08,739.219970703125,741.0,743.0,745.0,0.2800000000000002,False,-28.000000000000018,-21.000000000000018,-12.00000000000002,24.999999999999982,True
SPY,4,2026-06-08,743.08,739.219970703125,739.0,743.0,747.0,1.1399999999999997,False,-92.00292968749996,-26.999999999999968,-10.999999999999964,71.00000000000001,True
IWM,2,2026-06-09,289.81,285.0199890136719,288.0,290.0,292.0,0.6399999999999999,False,-63.99999999999999,-63.99999999999999,-63.99999999999999,-23.999999999999982,True
IWM,4,2026-06-09,289.81,285.0199890136719,286.0,290.0,294.0,2.02,False,-202.0,-202.0,-199.0,-114.99999999999999,True
QQQ,2,2026-06-09,724.13,707.8300170898438,722.0,724.0,726.0,0.2700000000000004,True,-27.00000000000004,-27.00000000000004,-27.00000000000004,-11.000000000000027,True
QQQ,4,2026-06-09,724.13,707.8300170898438,720.0,724.0,728.0,1.12,True,-112.00000000000001,-112.00000000000001,-112.00000000000001,-51.00000000000002,True
SPY,2,2026-06-09,745.68,737.0499877929688,744.0,746.0,748.0,0.4499999999999997,True,-44.999999999999964,-44.999999999999964,-43.999999999999964,-20.999999999999968,True
SPY,4,2026-06-09,745.68,737.0499877929688,742.0,746.0,750.0,1.6500000000000004,True,-165.00000000000003,-165.00000000000003,-164.00000000000003,-70.00000000000004,True
IWM,2,2026-06-10,288.16,282.04998779296875,286.0,288.0,290.0,0.4100000000000001,False,-41.00000000000001,-41.00000000000001,-41.00000000000001,-3.000000000000008,True
IWM,4,2026-06-10,288.16,282.04998779296875,284.0,288.0,292.0,1.4700000000000002,False,-147.00000000000003,-147.00000000000003,-145.00000000000003,-2.000000000000046,True
QQQ,2,2026-06-10,707.07,693.6900024414062,705.0,707.0,709.0,0.1099999999999994,False,-10.99999999999994,-10.99999999999994,-10.99999999999994,-42.99999999999997,True
QQQ,4,2026-06-10,707.07,693.6900024414062,703.0,707.0,711.0,0.5199999999999996,False,-51.99999999999996,-51.99999999999996,-51.99999999999996,-8.999999999999808,True
SPY,2,2026-06-10,736.15,725.4299926757812,734.0,736.0,738.0,0.2400000000000002,False,-24.00000000000002,-23.00000000000002,-24.00000000000002,2.000000000000046,True
SPY,4,2026-06-10,736.15,725.4299926757812,732.0,736.0,740.0,0.8100000000000005,False,-81.00000000000006,-79.00000000000004,-81.00000000000006,-4.000000000000048,True
IWM,2,2026-06-11,285.51,290.4100036621094,284.0,286.0,288.0,0.2999999999999998,False,-29.999999999999982,-11.000000000000032,-194.00000000000003,31.000000000000007,True
IWM,4,2026-06-11,285.51,290.4100036621094,282.0,286.0,290.0,1.39,False,-139.0,-105.0,-178.99999999999986,30.000000000000004,True
QQQ,2,2026-06-11,700.9,717.1199951171875,699.0,701.0,703.0,0.1799999999999997,False,-17.999999999999968,0.9999999999998038,-272.99999999999966,6.999999999999942,True
QQQ,4,2026-06-11,700.9,717.1199951171875,697.0,701.0,705.0,0.6300000000000008,False,-63.00000000000008,70.99999999999991,-364.99999999999966,-29.999999999999893,True
SPY,2,2026-06-11,728.82,737.760009765625,727.0,729.0,731.0,0.2099999999999999,False,-20.99999999999999,-2.609024107869118e-13,40.000000000000306,-11.000000000000027,True
SPY,4,2026-06-11,728.82,737.760009765625,725.0,729.0,733.0,0.8399999999999999,False,-83.99999999999999,-75.0,-15.999999999999659,-51.000000000000156,True
IWM,2,2026-06-22,298.4,298.17999267578125,296.0,298.0,300.0,0.6299999999999999,False,119.00073242187501,100.0,92.0,0.0,True
IWM,4,2026-06-22,298.4,298.17999267578125,294.0,298.0,302.0,1.79,False,203.000732421875,190.99999999999991,173.0,203.000732421875,False
QQQ,2,2026-06-22,741.94,737.9500122070312,740.0,742.0,744.0,0.3100000000000005,True,-31.00000000000005,-31.00000000000005,-31.00000000000005,-12.0000000000001,True
QQQ,4,2026-06-22,741.94,737.9500122070312,738.0,742.0,746.0,1.1400000000000006,True,-114.00000000000006,-113.00000000000006,-106.00000000000006,-46.000000000000064,True
SPY,2,2026-06-22,748.47,744.3900146484375,746.0,748.0,750.0,0.4399999999999995,True,-43.99999999999995,-42.99999999999995,-42.99999999999995,-17.99999999999997,True
SPY,4,2026-06-22,748.47,744.3900146484375,744.0,748.0,752.0,1.5700000000000005,True,-117.99853515625006,-144.00000000000003,-127.00000000000004,-35.00000000000006,True
IWM,2,2026-06-23,294.1,295.32000732421875,292.0,294.0,296.0,0.5500000000000003,False,12.99926757812497,-25.000000000000043,-32.00000000000003,-21.000000000000043,True
IWM,4,2026-06-23,294.1,295.32000732421875,290.0,294.0,297.5,2.4199999999999995,False,25.99926757812505,-14.000000000000012,-85.99999999999994,-79.99999999999994,True
QQQ,2,2026-06-23,716.7,713.6500244140625,715.0,717.0,719.0,0.1299999999999999,False,-12.99999999999999,30.00000000000001,38.000000000000014,-36.00000000000003,True
QQQ,4,2026-06-23,716.7,713.6500244140625,713.0,717.0,721.0,0.7300000000000004,False,-7.99755859375004,98.99999999999996,100.99999999999993,-43.99999999999995,True
SPY,2,2026-06-23,735.2,733.5800170898438,733.0,735.0,737.0,0.2399999999999993,False,34.00170898437507,74.00000000000007,50.00000000000004,-14.999999999999943,True
SPY,4,2026-06-23,735.2,733.5800170898438,731.0,735.0,739.0,0.9799999999999996,False,160.00170898437506,186.00000000000003,146.00000000000003,-25.9999999999999,True
IWM,2,2026-06-24,295.78,296.69000244140625,294.0,296.0,298.0,0.5899999999999999,False,71.99975585937501,55.00000000000003,67.00000000000001,-16.999999999999993,True
IWM,4,2026-06-24,295.78,296.69000244140625,292.0,296.0,300.0,2.2500000000000004,False,105.99975585937496,144.99999999999997,132.99999999999997,-49.000000000000064,True
QQQ,2,2026-06-24,714.72,710.6199951171875,713.0,715.0,717.0,0.1699999999999999,False,-16.99999999999999,-2.9999999999999942,-1.999999999999977,3.0000000000000275,True
QQQ,4,2026-06-24,714.72,710.6199951171875,711.0,715.0,719.0,0.8600000000000003,False,-86.00000000000003,-25.00000000000002,-30.00000000000003,-27.999999999999936,True
SPY,2,2026-06-24,735.89,733.239990234375,734.0,736.0,738.0,0.3299999999999992,False,-32.999999999999915,-12.999999999999917,-10.999999999999915,-12.99999999999999,True
SPY,4,2026-06-24,735.89,733.239990234375,732.0,736.0,740.0,1.2299999999999995,False,0.99902343750004,-23.999999999999943,-26.999999999999957,-37.999999999999986,True
IWM,2,2026-06-25,298.92,298.9100036621094,297.0,299.0,301.0,0.7699999999999996,True,114.00036621093754,-21.999999999999964,-18.99999999999996,-20.99999999999995,True
IWM,4,2026-06-25,298.92,298.9100036621094,295.0,299.0,302.5,2.0200000000000005,True,189.00036621093744,44.99999999999993,56.99999999999994,-67.00000000000004,True
QQQ,2,2026-06-25,714.975,716.3800048828125,713.0,715.0,717.0,0.1300000000000007,False,48.99951171874992,47.99999999999994,40.999999999999915,1.9999999999999658,True
QQQ,4,2026-06-25,714.975,716.3800048828125,711.0,715.0,719.0,0.6099999999999994,False,200.9995117187501,160.00000000000006,154.00000000000009,9.000000000000163,True
SPY,2,2026-06-25,733.3398,734.2999877929688,731.0,733.0,735.0,0.2700000000000004,False,43.00122070312495,40.999999999999964,45.99999999999997,-22.000000000000057,True
SPY,4,2026-06-25,733.3398,734.2999877929688,729.0,733.0,737.0,0.9300000000000006,False,177.00122070312494,144.99999999999994,151.99999999999994,-35.00000000000006,True
IWM,2,2026-06-26,297.03,299.8299865722656,295.0,297.0,298.0,1.09,True,-8.99999999999998,33.999999999999986,11.99999999999999,-28.000000000000004,True
IWM,4,2026-06-26,297.03,299.8299865722656,293.0,297.0,300.0,2.01,True,-83.99865722656247,129.0,135.0,-76.99999999999996,True
QQQ,2,2026-06-26,704.545,706.52001953125,703.0,705.0,707.0,0.2400000000000002,True,23.99804687499998,16.999999999999815,-48.00000000000004,-16.000000000000014,True
QQQ,4,2026-06-26,704.545,706.52001953125,701.0,705.0,709.0,0.6799999999999997,True,179.99804687500006,-6.00000000000005,-48.00000000000004,-26.000000000000156,True
SPY,2,2026-06-26,728.09,728.989990234375,726.0,728.0,730.0,0.2200000000000006,True,79.00097656249994,-33.999999999999986,-7.000000000000026,-9.999999999999961,True
SPY,4,2026-06-26,728.09,728.989990234375,724.0,728.0,732.0,1.0999999999999996,True,191.00097656250003,-103.99999999999991,-44.99999999999993,-27.999999999999936,True
IWM,2,2026-07-07,298.195,296.19000244140625,296.0,298.0,300.0,0.6699999999999999,True,-47.999755859374986,-31.999999999999996,-30.999999999999993,-19.99999999999999,True
IWM,4,2026-07-07,298.195,296.19000244140625,294.0,298.0,302.0,1.97,True,22.00024414062498,5.999999999999983,3.9999999999999813,49.99999999999998,True
QQQ,2,2026-07-07,713.49,709.4299926757812,711.0,713.0,715.0,0.2299999999999995,False,-22.99999999999995,-20.99999999999995,-12.99999999999995,-2.9999999999999334,True
QQQ,4,2026-07-07,713.49,709.4299926757812,709.0,713.0,717.0,1.1100000000000003,False,-68.00073242187503,-85.00000000000003,-45.00000000000003,-28.000000000000025,True
SPY,2,2026-07-07,749.91,747.7100219726562,748.0,750.0,752.0,0.4100000000000001,False,-41.00000000000001,-33.00000000000001,-25.00000000000001,-7.000000000000023,True
SPY,4,2026-07-07,749.91,747.7100219726562,746.0,750.0,754.0,1.75,False,-3.997802734375,-67.0,-50.0,-71.0,True
IWM,2,2026-07-08,294.56,293.4800109863281,293.0,295.0,297.0,0.4199999999999997,True,6.00109863281252,-24.999999999999968,-3.9999999999999702,2.000000000000035,True
IWM,4,2026-07-08,294.56,293.4800109863281,291.0,295.0,299.0,2.0699999999999994,True,41.00109863281256,-3.999999999999959,4.440892098500626e-14,-58.99999999999994,True
QQQ,2,2026-07-08,709.39,711.4400024414062,707.0,709.0,711.0,0.2600000000000007,False,-26.000000000000068,32.999999999999915,45.99999999999995,-8.000000000000007,True
QQQ,4,2026-07-08,709.39,711.4400024414062,705.0,709.0,713.0,0.7400000000000002,False,81.99975585937497,167.9999999999999,188.00000000000003,-19.000000000000007,True
SPY,2,2026-07-08,744.55,745.4000244140625,743.0,745.0,747.0,0.3199999999999998,True,127.99755859375001,85.00000000000001,74.00000000000003,-13.999999999999979,True
SPY,4,2026-07-08,744.55,745.4000244140625,741.0,745.0,749.0,1.1999999999999995,True,239.99755859375003,199.00000000000006,186.00000000000006,-41.99999999999995,True
IWM,2,2026-07-09,295.94,297.239990234375,294.0,296.0,298.0,0.6000000000000001,True,16.000976562499993,0.0,22.00000000000002,-4.440892098500626e-14,True
IWM,4,2026-07-09,295.94,297.239990234375,292.0,296.0,300.0,2.08,True,68.0009765625,55.99999999999996,55.99999999999996,-7.000000000000073,True
QQQ,2,2026-07-09,721.5614,723.280029296875,720.0,722.0,724.0,0.2299999999999995,False,48.99707031250004,61.00000000000008,74.00000000000007,3.0000000000000053,True
QQQ,4,2026-07-09,721.5614,723.280029296875,718.0,722.0,726.0,0.9699999999999998,False,174.99707031250003,169.0,211.99999999999997,174.99707031250003,False
SPY,2,2026-07-09,748.6901,751.7100219726562,747.0,749.0,751.0,0.4300000000000001,False,-43.00000000000001,-19.000000000000078,-22.000000000000014,-16.000000000000053,True
SPY,4,2026-07-09,748.6901,751.7100219726562,745.0,749.0,753.0,1.5900000000000003,False,-30.00219726562503,18.999999999999908,36.999999999999964,-10.000000000000009,True
IWM,2,2026-07-10,296.13,295.989990234375,294.0,296.0,297.5,0.93,False,105.9990234375,73.99999999999999,56.99999999999999,105.9990234375,False
IWM,4,2026-07-10,296.13,295.989990234375,292.5,296.0,299.0,2.8,False,68.99902343750001,39.000000000000014,37.000000000000014,-80.99999999999999,True
QQQ,2,2026-07-10,721.659,725.510009765625,720.0,722.0,723.0,0.6800000000000006,False,31.99999999999994,20.999999999999908,45.000000000000014,-1.9999999999999574,True
QQQ,4,2026-07-10,721.659,725.510009765625,718.0,722.0,725.0,1.239999999999999,False,-23.99999999999993,-17.99999999999995,1.1102230246251565e-13,12.999999999999922,True
SPY,2,2026-07-10,752.22,754.9500122070312,750.0,752.0,753.0,0.8500000000000001,True,14.999999999999991,14.999999999999991,23.0,14.999999999999991,False
SPY,4,2026-07-10,752.22,754.9500122070312,748.0,752.0,755.0,1.97,True,-92.00122070312501,-71.00000000000001,-64.99999999999997,-36.99999999999994,True
IWM,2,2026-07-13,295.06,293.4800109863281,293.0,295.0,297.0,0.8700000000000003,False,-38.99890136718753,-55.00000000000003,-61.00000000000003,-24.000000000000032,True
IWM,4,2026-07-13,295.06,293.4800109863281,291.0,295.0,299.0,2.759999999999999,False,-27.99890136718739,-48.99999999999993,-70.99999999999991,-95.99999999999991,True
QQQ,2,2026-07-13,713.82,711.739990234375,712.0,714.0,716.0,0.2800000000000002,False,-28.000000000000018,-7.00000000000002,-3.0000000000000195,-4.000000000000087,True
QQQ,4,2026-07-13,713.82,711.739990234375,710.0,714.0,718.0,1.0699999999999994,False,66.99902343750006,29.00000000000005,31.00000000000005,-44.00000000000004,True
SPY,2,2026-07-13,752.406,749.1699829101562,750.0,752.0,754.0,0.3999999999999999,False,-39.99999999999999,-31.99999999999999,-30.999999999999993,14.000000000000012,True
SPY,4,2026-07-13,752.406,749.1699829101562,748.0,752.0,756.0,1.7400000000000002,False,-57.00170898437502,-78.00000000000003,-87.00000000000003,1.9999999999999796,True
IWM,2,2026-07-21,293.1,296.5400085449219,291.0,293.0,295.0,0.72,False,-72.0,-60.999999999999964,-81.99999999999996,-24.000000000000043,True
IWM,4,2026-07-21,293.1,296.5400085449219,289.0,293.0,297.0,2.12,False,-166.0008544921875,-164.00000000000006,-125.99999999999997,-39.99999999999999,True
QQQ,2,2026-07-21,704.5001,708.969970703125,703.0,705.0,707.0,0.2600000000000007,True,-26.000000000000068,-4.000000000000181,-3.000000000000025,-8.000000000000096,True
QQQ,4,2026-07-21,704.5001,708.969970703125,701.0,705.0,709.0,0.9200000000000008,True,-88.99707031250009,-59.00000000000007,-19.00000000000004,-16.000000000000103,True
SPY,2,2026-07-21,744.54,748.280029296875,743.0,745.0,747.0,0.3500000000000001,False,-35.00000000000001,-34.00000000000003,-31.000000000000007,-5.000000000000027,True
SPY,4,2026-07-21,744.54,748.280029296875,741.0,745.0,749.0,1.5399999999999996,False,-82.00292968749996,-77.99999999999999,-83.99999999999994,-39.000000000000014,True
IWM,2,2026-07-22,295.99,293.7900085449219,294.0,296.0,298.0,0.7800000000000002,True,-78.00000000000003,-75.00000000000003,-71.00000000000003,-14.000000000000023,True
IWM,4,2026-07-22,295.99,293.7900085449219,292.0,296.0,300.0,2.27,True,-47.99914550781246,-65.00000000000001,-59.00000000000001,-22.00000000000002,True
QQQ,2,2026-07-22,706.36,705.3499755859375,704.0,706.0,708.0,0.2299999999999995,False,111.99755859375004,18.000000000000064,29.00000000000005,-5.999999999999958,True
QQQ,4,2026-07-22,706.36,705.3499755859375,702.0,706.0,710.0,1.0799999999999992,False,226.99755859375009,54.00000000000009,66.00000000000006,-16.999999999999904,True
SPY,2,2026-07-22,747.94,747.4099731445312,746.0,748.0,750.0,0.3900000000000001,True,101.99731445312501,21.999999999999996,25.00000000000002,-4.440892098500626e-14,True
SPY,4,2026-07-22,747.94,747.4099731445312,744.0,748.0,752.0,1.5500000000000007,True,185.99731445312494,63.99999999999997,68.99999999999994,185.99731445312494,False
IWM,2,2026-07-23,292.52,292.0899963378906,291.0,293.0,295.0,0.7299999999999998,False,35.99963378906252,-21.999999999999975,24.00000000000002,-17.99999999999997,True
IWM,4,2026-07-23,292.52,292.0899963378906,289.0,293.0,297.0,2.1,False,98.99963378906253,50.99999999999998,64.99999999999994,-55.00000000000003,True
QQQ,2,2026-07-23,697.97,691.9600219726562,696.0,698.0,700.0,0.2199999999999997,False,-21.999999999999968,-20.999999999999968,-17.999999999999968,-4.999999999999988,True
QQQ,4,2026-07-23,697.97,691.9600219726562,694.0,698.0,702.0,0.7999999999999998,False,-79.99999999999999,-77.99999999999999,-54.999999999999986,-13.999999999999979,True
SPY,2,2026-07-23,741.81,738.1799926757812,740.0,742.0,744.0,0.33,False,-33.0,-33.0,-25.0,-12.000000000000005,True
SPY,4,2026-07-23,741.81,738.1799926757812,738.0,742.0,746.0,1.2299999999999995,False,-105.00073242187496,-110.99999999999994,-69.99999999999996,-44.99999999999995,True
IWM,2,2026-07-24,292.6801,291.1700134277344,291.0,292.5,294.0,0.29,True,-11.9986572265625,9.000000000000002,16.000000000000004,0.0,True
IWM,4,2026-07-24,292.6801,291.1700134277344,289.0,292.5,296.0,1.85,True,32.00134277343749,34.999999999999964,25.99999999999998,-21.000000000000018,True
QQQ,2,2026-07-24,688.77,684.22998046875,687.0,689.0,691.0,0.3399999999999998,True,-33.99999999999998,-30.99999999999998,-29.999999999999982,-8.99999999999998,True
QQQ,4,2026-07-24,688.77,684.22998046875,685.0,689.0,693.0,0.9799999999999996,True,-97.99999999999997,-67.99999999999997,-69.99999999999996,-14.999999999999957,True
SPY,2,2026-07-24,738.9725,738.9299926757812,737.0,739.0,741.0,0.3999999999999999,False,152.999267578125,41.0,35.00000000000001,-14.999999999999991,True
SPY,4,2026-07-24,738.9725,738.9299926757812,735.0,739.0,743.0,1.5900000000000003,False,233.99926757812497,113.99999999999997,77.99999999999999,-105.00000000000011,True
IWM,2,2026-07-27,294.96,292.9100036621094,293.0,295.0,297.0,0.7199999999999998,False,-71.99999999999997,-54.99999999999997,-29.999999999999975,-37.99999999999997,True
IWM,4,2026-07-27,294.96,292.9100036621094,291.0,295.0,299.0,2.3,False,-38.999633789062486,-27.0,0.0,-83.99999999999999,True
QQQ,2,2026-07-27,688.83,682.1199951171875,687.0,689.0,691.0,0.2999999999999998,False,-29.999999999999982,-28.999999999999982,-26.99999999999998,-9.999999999999964,True
QQQ,4,2026-07-27,688.83,682.1199951171875,685.0,689.0,693.0,1.0700000000000005,False,-107.00000000000006,-105.00000000000004,-82.00000000000006,-73.00000000000006,True
SPY,2,2026-07-27,743.9,739.0900268554688,742.0,744.0,746.0,0.4699999999999997,True,-46.99999999999997,-45.99999999999997,-40.99999999999997,-28.999999999999975,True
SPY,4,2026-07-27,743.9,739.0900268554688,740.0,744.0,748.0,1.6399999999999997,True,-163.99999999999997,-147.99999999999994,-119.99999999999997,-91.99999999999996,True
IWM,2,2026-08-04,297.74,301.7099914550781,296.0,298.0,300.0,0.8,False,-80.0,-75.99999999999991,-92.0000000000001,-28.000000000000004,True
IWM,4,2026-08-04,297.74,301.7099914550781,294.0,298.0,302.0,2.4799999999999995,False,-218.99914550781244,-235.99999999999986,-221.0,-71.99999999999993,True
QQQ,2,2026-08-04,713.49,723.8499755859375,711.0,713.0,715.0,0.2299999999999995,False,-22.99999999999995,-42.000000000000085,31.999999999999762,-4.99999999999998,True
QQQ,4,2026-08-04,713.49,723.8499755859375,709.0,713.0,717.0,0.92,False,-92.0,-95.00000000000011,-89.00000000000024,-31.99999999999986,True
SPY,2,2026-08-04,762.4701,771.3300170898438,760.0,762.0,764.0,0.4500000000000002,False,-45.000000000000014,-52.00000000000004,-38.99999999999979,-20.000000000000107,True
SPY,4,2026-08-04,762.4701,771.3300170898438,758.0,762.0,766.0,1.6299999999999994,False,-162.99999999999994,-166.99999999999986,-169.00000000000017,-50.00000000000004,True
IWM,2,2026-08-05,301.835,299.7699890136719,300.0,302.0,304.0,0.69,True,-69.0,-37.99999999999999,-8.999999999999996,-20.000000000000018,True
IWM,4,2026-08-05,301.835,299.7699890136719,298.0,302.0,306.0,2.3199999999999994,True,-55.00109863281244,-6.999999999999984,22.00000000000002,-13.999999999999924,True
QQQ,2,2026-08-05,727.43,717.2999877929688,725.0,727.0,729.0,0.2199999999999997,True,-21.999999999999968,-20.999999999999968,-20.999999999999968,-8.99999999999997,True
QQQ,4,2026-08-05,727.43,717.2999877929688,723.0,727.0,731.0,0.9899999999999992,True,-98.99999999999991,-94.99999999999991,-84.99999999999991,-41.999999999999915,True
SPY,2,2026-08-05,775.53,769.7899780273438,774.0,776.0,778.0,0.2800000000000002,True,-28.000000000000018,-27.000000000000018,-24.000000000000018,-1.0000000000000175,True
SPY,4,2026-08-05,775.53,769.7899780273438,772.0,776.0,780.0,1.1500000000000004,True,-115.00000000000003,-85.00000000000003,-71.00000000000004,-14.000000000000036,True
IWM,2,2026-08-06,299.52,298.25,298.0,300.0,302.0,0.9000000000000001,True,-65.00000000000001,-56.000000000000014,-37.000000000000014,-59.00000000000001,True
IWM,4,2026-08-06,299.52,298.25,296.0,300.0,304.0,2.36,True,-10.99999999999998,-14.999999999999991,2.9999999999999805,-14.999999999999991,True
QQQ,2,2026-08-06,713.97,714.6500244140625,712.0,714.0,716.0,0.2399999999999993,False,110.99755859375009,38.00000000000008,38.000000000000036,-28.999999999999915,True
QQQ,4,2026-08-06,713.97,714.6500244140625,710.0,714.0,718.0,1.0,False,234.99755859375,134.99999999999997,97.99999999999996,-33.999999999999986,True
SPY,2,2026-08-06,770.68,768.5599975585938,769.0,771.0,773.0,0.4500000000000002,True,-45.000000000000014,-20.000000000000018,-9.00000000000002,-3.0000000000000138,True
SPY,4,2026-08-06,770.68,768.5599975585938,767.0,771.0,775.0,1.5999999999999996,True,-4.00024414062496,-12.999999999999968,22.00000000000002,-13.999999999999968,True
IWM,2,2026-08-07,300.71,301.5599975585937,299.0,301.0,302.5,0.8600000000000001,True,58.00024414062499,53.99999999999996,42.99999999999997,30.99999999999996,True
IWM,4,2026-08-07,300.71,301.5599975585937,297.5,301.0,304.0,1.91,True,103.00024414062501,110.99999999999997,86.00000000000006,103.00024414062501,False
QQQ,2,2026-08-07,721.14,723.030029296875,719.0,721.0,723.0,0.25,True,-25.0,58.999999999999986,58.999999999999986,3.000000000000025,True
QQQ,4,2026-08-07,721.14,723.030029296875,717.0,721.0,725.0,1.0099999999999998,True,95.99707031250003,165.99999999999991,167.00000000000003,-0.9999999999999787,True
SPY,2,2026-08-07,771.57,773.260009765625,770.0,772.0,774.0,0.4100000000000001,True,32.99902343749998,65.99999999999999,58.999999999999964,31.00000000000001,True
SPY,4,2026-08-07,771.57,773.260009765625,768.0,772.0,776.0,1.5500000000000005,True,118.99902343749996,143.99999999999997,135.9999999999999,118.99902343749996,False
IWM,2,2026-08-10,300.66,299.9800109863281,299.0,301.0,302.5,0.9000000000000001,True,8.00109863281248,3.9999999999999813,1.9999999999999796,-10.000000000000009,True
IWM,4,2026-08-10,300.66,299.9800109863281,297.0,301.0,304.0,2.84,True,14.001098632812509,10.999999999999988,10.999999999999988,14.001098632812509,False
QQQ,2,2026-08-10,721.62,720.8699951171875,720.0,722.0,724.0,0.3600000000000003,True,50.99951171874997,81.99999999999996,85.99999999999999,-12.99999999999999,True
QQQ,4,2026-08-10,721.62,720.8699951171875,718.0,722.0,726.0,1.4199999999999997,True,144.99951171875003,170.00000000000003,182.0,144.99951171875003,False
SPY,2,2026-08-10,772.8423,773.030029296875,771.0,773.0,775.0,0.6099999999999999,True,135.9970703125,92.0,85.00000000000001,-20.99999999999995,True
SPY,4,2026-08-10,772.8423,773.030029296875,769.0,773.0,777.0,2.09,True,187.9970703125,156.99999999999997,134.00000000000003,187.9970703125,False
IWM,2,2026-08-18,302.39,300.2300109863281,300.0,302.0,304.0,0.6599999999999999,True,-42.99890136718749,-0.9999999999999898,7.000000000000006,8.000000000000018,True
IWM,4,2026-08-18,302.39,300.2300109863281,298.0,302.0,306.0,2.6899999999999995,True,-45.99890136718745,-6.999999999999984,-24.999999999999957,-7.999999999999963,True
QQQ,2,2026-08-18,720.3,717.510009765625,718.0,720.0,722.0,0.2299999999999995,False,-22.99999999999995,13.000000000000053,16.00000000000005,7.000000000000031,True
QQQ,4,2026-08-18,720.3,717.510009765625,716.0,720.0,724.0,0.9699999999999988,False,54.000976562500114,90.00000000000011,98.0000000000001,26.0000000000001,True
SPY,2,2026-08-18,768.9326,767.4500122070312,767.0,769.0,771.0,0.4599999999999999,False,-0.99877929687499,42.00000000000001,51.00000000000002,34.0,True
SPY,4,2026-08-18,768.9326,767.4500122070312,765.0,769.0,773.0,1.7799999999999998,False,67.00122070312501,104.99999999999999,102.99999999999999,67.00122070312501,False
IWM,2,2026-08-19,302.87,301.7200012207031,301.0,303.0,305.0,0.9599999999999996,True,-23.999877929687468,-39.99999999999997,-19.99999999999996,-3.999999999999959,True
IWM,4,2026-08-19,302.87,301.7200012207031,299.0,303.0,307.0,2.78,True,-5.99987792968752,-30.00000000000003,-33.00000000000001,-47.00000000000002,True
QQQ,2,2026-08-19,718.155,716.0800170898438,716.0,718.0,720.0,0.4400000000000004,False,-35.99829101562504,6.999999999999962,61.999999999999964,-12.000000000000032,True
QQQ,4,2026-08-19,718.155,716.0800170898438,714.0,718.0,722.0,1.34,False,74.00170898437501,79.99999999999996,150.99999999999994,-35.0,True
SPY,2,2026-08-19,770.28,769.0599975585938,768.0,770.0,772.0,0.5599999999999996,True,49.99975585937504,38.00000000000006,78.0,-20.000000000000018,True
SPY,4,2026-08-19,770.28,769.0599975585938,766.0,770.0,774.0,1.92,True,113.999755859375,100.99999999999997,139.99999999999994,113.999755859375,False
IWM,2,2026-08-20,299.65,297.6700134277344,298.0,300.0,302.0,0.96,False,-96.0,-95.0,-88.0,-36.0,True
IWM,4,2026-08-20,299.65,297.6700134277344,296.0,300.0,304.0,2.49,False,-81.99865722656247,-94.00000000000001,-80.00000000000003,-79.00000000000003,True
QQQ,2,2026-08-20,713.545,710.9299926757812,712.0,714.0,716.0,0.1300000000000003,True,-13.00000000000003,2.9999999999999694,-2.0000000000000324,16.99999999999996,True
QQQ,4,2026-08-20,713.545,710.9299926757812,710.0,714.0,718.0,1.0900000000000003,True,-16.00073242187503,4.99999999999996,-19.00000000000004,9.999999999999964,True
SPY,2,2026-08-20,767.18,762.5999755859375,765.0,767.0,769.0,0.56,True,-56.00000000000001,-55.00000000000001,-52.0,6.000000000000005,True
SPY,4,2026-08-20,767.18,762.5999755859375,763.0,767.0,771.0,1.7999999999999994,True,-179.99999999999994,-138.99999999999994,-113.99999999999993,-1.9999999999999352,True
IWM,2,2026-08-21,299.63,299.9599914550781,298.0,300.0,302.0,0.9400000000000002,True,101.99914550781249,78.99999999999999,68.99999999999997,-26.00000000000001,True
IWM,4,2026-08-21,299.63,299.9599914550781,297.0,300.0,303.0,1.98,True,97.9991455078125,62.999999999999986,58.999999999999986,97.9991455078125,False
QQQ,2,2026-08-21,712.09,713.4400024414062,710.0,712.0,713.0,0.6600000000000001,False,33.99999999999998,44.00000000000004,31.999999999999986,33.99999999999998,False
QQQ,4,2026-08-21,712.09,713.4400024414062,708.0,712.0,715.0,1.5200000000000005,False,103.99975585937496,59.999999999999964,52.0,12.99999999999999,True
SPY,2,2026-08-21,765.14,765.719970703125,763.0,765.0,767.0,0.6999999999999997,False,58.00292968750003,-11.999999999999966,26.00000000000002,-33.99999999999994,True
SPY,4,2026-08-21,765.14,765.719970703125,761.0,765.0,769.0,1.97,False,131.00292968749997,50.00000000000002,84.99999999999999,-38.99999999999999,True
IWM,2,2026-08-24,298.42,297.9700012207031,296.0,298.0,300.0,1.12,True,85.00012207031251,60.999999999999964,50.99999999999998,-40.99999999999999,True
IWM,4,2026-08-24,298.42,297.9700012207031,294.0,298.0,302.0,2.869999999999999,True,110.00012207031259,91.0000000000001,71.00000000000009,-1.999999999999913,True
QQQ,2,2026-08-24,703.05,706.3200073242188,701.0,703.0,705.0,0.3899999999999997,False,-38.99999999999997,-21.999999999999975,-68.00000000000006,-20.999999999999908,True
QQQ,4,2026-08-24,703.05,706.3200073242188,699.0,703.0,707.0,1.63,False,-95.000732421875,-112.99999999999999,-147.00000000000014,-50.0,True
SPY,2,2026-08-24,762.38,763.469970703125,760.0,762.0,764.0,0.4900000000000002,True,4.00292968749997,18.000000000000014,-40.000000000000036,-18.99999999999995,True
SPY,4,2026-08-24,762.38,763.469970703125,758.0,762.0,766.0,1.84,True,69.00292968750001,59.999999999999986,-32.99999999999994,-21.999999999999996,True
