ticker,n,win_rate,avg_net_credit_dollars,avg_max_risk_dollars,short_mult,wing_mult,iv_mult,max_move_bound
ADBE,3,0.3333333333333333,246.18333333333334,420.48333333333335,1.0,1.3,1.3,0.12
AMD,6,0.5,179.38,320.62000000000006,1.0,1.3,1.3,0.12
AMZN,2,0.5,94.17999999999999,155.82,1.0,1.3,1.3,0.12
AVGO,1,0.0,193.67000000000002,306.33,1.0,1.3,1.3,0.12
BA,1,0.0,103.01,146.99,1.0,1.3,1.3,0.12
CAT,1,1.0,163.38,336.62,1.0,1.3,1.3,0.12
COIN,10,0.5,134.57,290.43,1.0,1.3,1.3,0.12
COST,1,1.0,172.59,327.40999999999997,1.0,1.3,1.3,0.12
CRM,1,0.0,84.23,165.76999999999998,1.0,1.3,1.3,0.12
DIS,1,0.0,89.58,160.42000000000002,1.0,1.3,1.3,0.12
GOOGL,1,1.0,90.89,159.10999999999999,1.0,1.3,1.3,0.12
GS,1,1.0,261.83,738.1700000000001,1.0,1.3,1.3,0.12
INTC,1,0.0,82.45,167.55,1.0,1.3,1.3,0.12
ISRG,1,1.0,177.61,322.39,1.0,1.3,1.3,0.12
JD,2,0.5,65.63,109.37,1.0,1.3,1.3,0.12
JPM,1,1.0,167.39,332.61,1.0,1.3,1.3,0.12
LLY,1,0.0,457.07000000000005,1042.93,1.0,1.3,1.3,0.12
MA,1,1.0,169.08,330.91999999999996,1.0,1.3,1.3,0.12
META,5,0.4,175.72999999999996,424.27000000000004,1.0,1.3,1.3,0.12
MSFT,1,0.0,205.20999999999998,294.79,1.0,1.3,1.3,0.12
MU,3,0.3333333333333333,447.09666666666664,886.2366666666668,1.0,1.3,1.3,0.12
NFLX,1,1.0,90.67,159.33,1.0,1.3,1.3,0.12
NOW,1,0.0,87.55,162.45000000000002,1.0,1.3,1.3,0.12
NVDA,2,0.0,82.135,167.865,1.0,1.3,1.3,0.12
PLTR,1,0.0,90.95,159.05,1.0,1.3,1.3,0.12
QCOM,1,0.0,89.89,160.10999999999999,1.0,1.3,1.3,0.12
SHOP,2,0.0,90.97500000000001,159.025,1.0,1.3,1.3,0.12
SLB,1,0.0,36.43,63.56999999999999,1.0,1.3,1.3,0.12
SNAP,1,0.0,39.72,60.28,1.0,1.3,1.3,0.12
TSLA,6,0.6666666666666666,158.21333333333334,300.12,1.0,1.3,1.3,0.12
ADBE,3,0.3333333333333333,246.18333333333334,420.48333333333335,1.0,1.3,1.3,0.25
AMD,6,0.5,179.38,320.62000000000006,1.0,1.3,1.3,0.25
AMZN,2,0.5,94.17999999999999,155.82,1.0,1.3,1.3,0.25
AVGO,1,0.0,193.67000000000002,306.33,1.0,1.3,1.3,0.25
BA,1,0.0,103.01,146.99,1.0,1.3,1.3,0.25
CAT,1,1.0,163.38,336.62,1.0,1.3,1.3,0.25
COIN,10,0.5,134.57,290.43,1.0,1.3,1.3,0.25
COST,1,1.0,172.59,327.40999999999997,1.0,1.3,1.3,0.25
CRM,1,0.0,84.23,165.76999999999998,1.0,1.3,1.3,0.25
DIS,1,0.0,89.58,160.42000000000002,1.0,1.3,1.3,0.25
GOOGL,1,1.0,90.89,159.10999999999999,1.0,1.3,1.3,0.25
GS,1,1.0,261.83,738.1700000000001,1.0,1.3,1.3,0.25
INTC,1,0.0,82.45,167.55,1.0,1.3,1.3,0.25
ISRG,1,1.0,177.61,322.39,1.0,1.3,1.3,0.25
JD,2,0.5,65.63,109.37,1.0,1.3,1.3,0.25
JPM,1,1.0,167.39,332.61,1.0,1.3,1.3,0.25
LLY,1,0.0,457.07000000000005,1042.93,1.0,1.3,1.3,0.25
MA,1,1.0,169.08,330.91999999999996,1.0,1.3,1.3,0.25
META,5,0.4,175.72999999999996,424.27000000000004,1.0,1.3,1.3,0.25
MSFT,1,0.0,205.20999999999998,294.79,1.0,1.3,1.3,0.25
MU,3,0.3333333333333333,447.09666666666664,886.2366666666668,1.0,1.3,1.3,0.25
NFLX,1,1.0,90.67,159.33,1.0,1.3,1.3,0.25
NOW,1,0.0,87.55,162.45000000000002,1.0,1.3,1.3,0.25
NVDA,2,0.0,82.135,167.865,1.0,1.3,1.3,0.25
PLTR,1,0.0,90.95,159.05,1.0,1.3,1.3,0.25
QCOM,1,0.0,89.89,160.10999999999999,1.0,1.3,1.3,0.25
SHOP,2,0.0,90.97500000000001,159.025,1.0,1.3,1.3,0.25
SLB,1,0.0,36.43,63.56999999999999,1.0,1.3,1.3,0.25
SNAP,1,0.0,39.72,60.28,1.0,1.3,1.3,0.25
TSLA,6,0.6666666666666666,158.21333333333334,300.12,1.0,1.3,1.3,0.25
AAPL,1,1.0,189.71,310.29,1.0,1.3,1.6,0.12
ADBE,6,0.3333333333333333,212.32500000000002,371.0083333333333,1.0,1.3,1.6,0.12
AMD,9,0.5555555555555556,136.48111111111112,252.4077777777778,1.0,1.3,1.6,0.12
AMZN,2,0.5,112.99000000000001,262.01,1.0,1.3,1.6,0.12
AVGO,3,0.0,153.02,263.64666666666665,1.0,1.3,1.6,0.12
AXP,1,1.0,200.92,299.08000000000004,1.0,1.3,1.6,0.12
BA,1,1.0,97.71,152.29,1.0,1.3,1.6,0.12
BABA,3,0.3333333333333333,89.25333333333333,160.74666666666667,1.0,1.3,1.6,0.12
CAT,1,0.0,378.93,621.07,1.0,1.3,1.6,0.12
COIN,13,0.46153846153846156,126.14769230769231,258.46769230769223,1.0,1.3,1.6,0.12
COST,1,1.0,174.03,325.97,1.0,1.3,1.6,0.12
CRM,4,0.5,107.4875,205.0125,1.0,1.3,1.6,0.12
CVX,1,1.0,83.43,166.57,1.0,1.3,1.6,0.12
DE,1,0.0,183.03,316.96999999999997,1.0,1.3,1.6,0.12
GM,1,1.0,35.0,65.0,1.0,1.3,1.6,0.12
GOOGL,3,0.6666666666666666,96.10666666666667,153.89333333333332,1.0,1.3,1.6,0.12
GS,1,1.0,272.21999999999997,727.78,1.0,1.3,1.6,0.12
HON,1,0.0,139.57999999999998,360.42,1.0,1.3,1.6,0.12
INTC,1,1.0,33.45,66.55,1.0,1.3,1.6,0.12
ISRG,2,0.5,227.29,522.71,1.0,1.3,1.6,0.12
JD,4,0.5,36.28750000000001,63.712500000000006,1.0,1.3,1.6,0.12
LLY,3,0.3333333333333333,295.81,537.5233333333334,1.0,1.3,1.6,0.12
MA,1,1.0,165.04000000000002,334.96,1.0,1.3,1.6,0.12
META,4,0.5,249.67000000000002,562.8299999999999,1.0,1.3,1.6,0.12
MSFT,1,0.0,174.11,325.89,1.0,1.3,1.6,0.12
MU,6,0.3333333333333333,280.16166666666663,553.1716666666667,1.0,1.3,1.6,0.12
NFLX,1,0.0,33.57,66.43,1.0,1.3,1.6,0.12
NOW,2,0.0,85.765,164.23499999999999,1.0,1.3,1.6,0.12
NVDA,7,0.42857142857142855,92.00571428571429,172.28,1.0,1.3,1.6,0.12
PLTR,3,0.0,86.03999999999999,163.96,1.0,1.3,1.6,0.12
QCOM,8,0.5,98.215,183.035,1.0,1.3,1.6,0.12
ROST,1,0.0,85.72,164.28,1.0,1.3,1.6,0.12
SHOP,3,0.0,72.89333333333333,127.10666666666668,1.0,1.3,1.6,0.12
SLB,3,0.6666666666666666,47.236666666666665,102.76333333333334,1.0,1.3,1.6,0.12
SNAP,2,0.0,57.010000000000005,117.99,1.0,1.3,1.6,0.12
TGT,1,0.0,85.92999999999999,164.07,1.0,1.3,1.6,0.12
TJX,1,0.0,77.14999999999999,172.85,1.0,1.3,1.6,0.12
TSLA,11,0.45454545454545453,182.13363636363638,386.0481818181818,1.0,1.3,1.6,0.12
UBER,1,1.0,34.63,65.36999999999999,1.0,1.3,1.6,0.12
UNH,1,0.0,180.92,319.08000000000004,1.0,1.3,1.6,0.12
V,1,1.0,179.39000000000001,320.61,1.0,1.3,1.6,0.12
AAPL,1,1.0,189.71,310.29,1.0,1.3,1.6,0.25
ADBE,6,0.3333333333333333,212.32500000000002,371.0083333333333,1.0,1.3,1.6,0.25
AMD,9,0.5555555555555556,136.48111111111112,252.4077777777778,1.0,1.3,1.6,0.25
AMZN,2,0.5,112.99000000000001,262.01,1.0,1.3,1.6,0.25
AVGO,3,0.0,153.02,263.64666666666665,1.0,1.3,1.6,0.25
AXP,1,1.0,200.92,299.08000000000004,1.0,1.3,1.6,0.25
BA,1,1.0,97.71,152.29,1.0,1.3,1.6,0.25
BABA,3,0.3333333333333333,89.25333333333333,160.74666666666667,1.0,1.3,1.6,0.25
CAT,1,0.0,378.93,621.07,1.0,1.3,1.6,0.25
COIN,13,0.46153846153846156,126.14769230769231,258.46769230769223,1.0,1.3,1.6,0.25
COST,1,1.0,174.03,325.97,1.0,1.3,1.6,0.25
CRM,4,0.5,107.4875,205.0125,1.0,1.3,1.6,0.25
CVX,1,1.0,83.43,166.57,1.0,1.3,1.6,0.25
DE,1,0.0,183.03,316.96999999999997,1.0,1.3,1.6,0.25
GM,1,1.0,35.0,65.0,1.0,1.3,1.6,0.25
GOOGL,3,0.6666666666666666,96.10666666666667,153.89333333333332,1.0,1.3,1.6,0.25
GS,1,1.0,272.21999999999997,727.78,1.0,1.3,1.6,0.25
HON,1,0.0,139.57999999999998,360.42,1.0,1.3,1.6,0.25
INTC,1,1.0,33.45,66.55,1.0,1.3,1.6,0.25
ISRG,2,0.5,227.29,522.71,1.0,1.3,1.6,0.25
JD,4,0.5,36.28750000000001,63.712500000000006,1.0,1.3,1.6,0.25
LLY,3,0.3333333333333333,295.81,537.5233333333334,1.0,1.3,1.6,0.25
MA,1,1.0,165.04000000000002,334.96,1.0,1.3,1.6,0.25
META,4,0.5,249.67000000000002,562.8299999999999,1.0,1.3,1.6,0.25
MSFT,1,0.0,174.11,325.89,1.0,1.3,1.6,0.25
MU,6,0.3333333333333333,280.16166666666663,553.1716666666667,1.0,1.3,1.6,0.25
NFLX,1,0.0,33.57,66.43,1.0,1.3,1.6,0.25
NOW,2,0.0,85.765,164.23499999999999,1.0,1.3,1.6,0.25
NVDA,7,0.42857142857142855,92.00571428571429,172.28,1.0,1.3,1.6,0.25
PLTR,3,0.0,86.03999999999999,163.96,1.0,1.3,1.6,0.25
QCOM,8,0.5,98.215,183.035,1.0,1.3,1.6,0.25
ROST,1,0.0,85.72,164.28,1.0,1.3,1.6,0.25
SHOP,3,0.0,72.89333333333333,127.10666666666668,1.0,1.3,1.6,0.25
SLB,3,0.6666666666666666,47.236666666666665,102.76333333333334,1.0,1.3,1.6,0.25
SNAP,2,0.0,57.010000000000005,117.99,1.0,1.3,1.6,0.25
TGT,1,0.0,85.92999999999999,164.07,1.0,1.3,1.6,0.25
TJX,1,0.0,77.14999999999999,172.85,1.0,1.3,1.6,0.25
TSLA,11,0.45454545454545453,182.13363636363638,386.0481818181818,1.0,1.3,1.6,0.25
UBER,1,1.0,34.63,65.36999999999999,1.0,1.3,1.6,0.25
UNH,1,0.0,180.92,319.08000000000004,1.0,1.3,1.6,0.25
V,1,1.0,179.39000000000001,320.61,1.0,1.3,1.6,0.25
ADBE,2,0.5,62.985,437.01500000000004,1.8,2.0,1.3,0.12
AMD,4,0.75,53.8725,446.12749999999994,1.8,2.0,1.3,0.12
BA,1,1.0,31.81,218.19000000000003,1.8,2.0,1.3,0.12
COIN,8,0.75,41.1975,302.5525,1.8,2.0,1.3,0.12
COST,1,1.0,57.74,442.26,1.8,2.0,1.3,0.12
CRM,1,1.0,46.67,453.33,1.8,2.0,1.3,0.12
CVX,1,1.0,28.38,221.62,1.8,2.0,1.3,0.12
F,1,0.0,5.390000000000001,94.61,1.8,2.0,1.3,0.12
GM,1,1.0,11.219999999999999,88.78,1.8,2.0,1.3,0.12
GS,1,1.0,62.77,437.23,1.8,2.0,1.3,0.12
JD,1,1.0,22.650000000000002,227.35,1.8,2.0,1.3,0.12
LLY,1,0.0,92.0,908.0,1.8,2.0,1.3,0.12
META,2,1.0,62.06,437.94000000000005,1.8,2.0,1.3,0.12
MSFT,1,0.0,69.26,430.74,1.8,2.0,1.3,0.12
MU,3,0.3333333333333333,106.06666666666669,810.6,1.8,2.0,1.3,0.12
NFLX,1,1.0,32.15,217.85000000000002,1.8,2.0,1.3,0.12
NOW,1,0.0,35.480000000000004,214.52,1.8,2.0,1.3,0.12
NVDA,1,0.0,31.619999999999997,218.38000000000002,1.8,2.0,1.3,0.12
PLTR,2,0.5,23.849999999999998,151.15,1.8,2.0,1.3,0.12
QCOM,1,1.0,31.64,218.36,1.8,2.0,1.3,0.12
SHOP,4,0.25,26.575000000000003,185.92499999999998,1.8,2.0,1.3,0.12
SLB,1,1.0,13.48,86.52,1.8,2.0,1.3,0.12
SNAP,2,0.0,4.66,95.34,1.8,2.0,1.3,0.12
TSLA,5,0.6,55.467999999999996,394.53200000000004,1.8,2.0,1.3,0.12
V,1,1.0,66.2,433.8,1.8,2.0,1.3,0.12
ADBE,2,0.5,62.985,437.01500000000004,1.8,2.0,1.3,0.25
AMD,4,0.75,53.8725,446.12749999999994,1.8,2.0,1.3,0.25
BA,1,1.0,31.81,218.19000000000003,1.8,2.0,1.3,0.25
COIN,8,0.75,41.1975,302.5525,1.8,2.0,1.3,0.25
COST,1,1.0,57.74,442.26,1.8,2.0,1.3,0.25
CRM,1,1.0,46.67,453.33,1.8,2.0,1.3,0.25
CVX,1,1.0,28.38,221.62,1.8,2.0,1.3,0.25
F,1,0.0,5.390000000000001,94.61,1.8,2.0,1.3,0.25
GM,1,1.0,11.219999999999999,88.78,1.8,2.0,1.3,0.25
GS,1,1.0,62.77,437.23,1.8,2.0,1.3,0.25
JD,1,1.0,22.650000000000002,227.35,1.8,2.0,1.3,0.25
LLY,1,0.0,92.0,908.0,1.8,2.0,1.3,0.25
META,2,1.0,62.06,437.94000000000005,1.8,2.0,1.3,0.25
MSFT,1,0.0,69.26,430.74,1.8,2.0,1.3,0.25
MU,3,0.3333333333333333,106.06666666666669,810.6,1.8,2.0,1.3,0.25
NFLX,1,1.0,32.15,217.85000000000002,1.8,2.0,1.3,0.25
NOW,1,0.0,35.480000000000004,214.52,1.8,2.0,1.3,0.25
NVDA,1,0.0,31.619999999999997,218.38000000000002,1.8,2.0,1.3,0.25
PLTR,2,0.5,23.849999999999998,151.15,1.8,2.0,1.3,0.25
QCOM,1,1.0,31.64,218.36,1.8,2.0,1.3,0.25
SHOP,4,0.25,26.575000000000003,185.92499999999998,1.8,2.0,1.3,0.25
SLB,1,1.0,13.48,86.52,1.8,2.0,1.3,0.25
SNAP,2,0.0,4.66,95.34,1.8,2.0,1.3,0.25
TSLA,5,0.6,55.467999999999996,394.53200000000004,1.8,2.0,1.3,0.25
V,1,1.0,66.2,433.8,1.8,2.0,1.3,0.25
ADBE,3,0.3333333333333333,63.59666666666667,436.4033333333334,1.8,2.0,1.6,0.12
AMD,7,0.5714285714285714,49.198571428571434,379.37285714285713,1.8,2.0,1.6,0.12
AMZN,1,0.0,29.709999999999997,220.29000000000002,1.8,2.0,1.6,0.12
AVGO,1,1.0,58.78,441.22,1.8,2.0,1.6,0.12
BABA,1,0.0,31.919999999999998,218.08,1.8,2.0,1.6,0.12
CAT,1,1.0,61.260000000000005,438.73999999999995,1.8,2.0,1.6,0.12
COIN,9,0.5555555555555556,44.97888888888888,343.90999999999997,1.8,2.0,1.6,0.12
COST,1,1.0,73.33,426.67,1.8,2.0,1.6,0.12
CRM,1,0.0,33.76,216.23999999999998,1.8,2.0,1.6,0.12
CVX,1,1.0,26.75,223.25,1.8,2.0,1.6,0.12
GS,1,1.0,61.82,438.18,1.8,2.0,1.6,0.12
HD,1,1.0,66.99000000000001,433.01,1.8,2.0,1.6,0.12
ISRG,2,0.5,68.905,431.095,1.8,2.0,1.6,0.12
JD,2,1.0,13.235,86.765,1.8,2.0,1.6,0.12
LLY,3,0.3333333333333333,84.38333333333333,582.2833333333334,1.8,2.0,1.6,0.12
MA,1,1.0,59.660000000000004,440.34,1.8,2.0,1.6,0.12
META,3,0.6666666666666666,76.86,589.8066666666666,1.8,2.0,1.6,0.12
MSFT,1,0.0,70.24000000000001,429.76,1.8,2.0,1.6,0.12
MU,2,1.0,159.185,1090.815,1.8,2.0,1.6,0.12
NFLX,1,0.0,11.41,88.59,1.8,2.0,1.6,0.12
NKE,1,1.0,35.82,214.18,1.8,2.0,1.6,0.12
NOW,1,1.0,32.440000000000005,217.56000000000003,1.8,2.0,1.6,0.12
NVDA,2,1.0,29.14,270.86,1.8,2.0,1.6,0.12
PLTR,3,0.3333333333333333,27.916666666666668,172.08333333333334,1.8,2.0,1.6,0.12
QCOM,4,0.5,37.77,274.73,1.8,2.0,1.6,0.12
SBUX,1,1.0,34.5,215.50000000000003,1.8,2.0,1.6,0.12
SHOP,4,0.5,22.5825,152.4175,1.8,2.0,1.6,0.12
SLB,1,1.0,11.67,88.33,1.8,2.0,1.6,0.12
TGT,1,0.0,28.71,221.29,1.8,2.0,1.6,0.12
TSLA,8,0.5,54.295,414.45500000000004,1.8,2.0,1.6,0.12
UBER,1,0.0,11.360000000000001,88.64,1.8,2.0,1.6,0.12
ADBE,3,0.3333333333333333,63.59666666666667,436.4033333333334,1.8,2.0,1.6,0.25
AMD,7,0.5714285714285714,49.198571428571434,379.37285714285713,1.8,2.0,1.6,0.25
AMZN,1,0.0,29.709999999999997,220.29000000000002,1.8,2.0,1.6,0.25
AVGO,1,1.0,58.78,441.22,1.8,2.0,1.6,0.25
BABA,1,0.0,31.919999999999998,218.08,1.8,2.0,1.6,0.25
CAT,1,1.0,61.260000000000005,438.73999999999995,1.8,2.0,1.6,0.25
COIN,9,0.5555555555555556,44.97888888888888,343.90999999999997,1.8,2.0,1.6,0.25
COST,1,1.0,73.33,426.67,1.8,2.0,1.6,0.25
CRM,1,0.0,33.76,216.23999999999998,1.8,2.0,1.6,0.25
CVX,1,1.0,26.75,223.25,1.8,2.0,1.6,0.25
GS,1,1.0,61.82,438.18,1.8,2.0,1.6,0.25
HD,1,1.0,66.99000000000001,433.01,1.8,2.0,1.6,0.25
ISRG,2,0.5,68.905,431.095,1.8,2.0,1.6,0.25
JD,2,1.0,13.235,86.765,1.8,2.0,1.6,0.25
LLY,3,0.3333333333333333,84.38333333333333,582.2833333333334,1.8,2.0,1.6,0.25
MA,1,1.0,59.660000000000004,440.34,1.8,2.0,1.6,0.25
META,3,0.6666666666666666,76.86,589.8066666666666,1.8,2.0,1.6,0.25
MSFT,1,0.0,70.24000000000001,429.76,1.8,2.0,1.6,0.25
MU,2,1.0,159.185,1090.815,1.8,2.0,1.6,0.25
NFLX,1,0.0,11.41,88.59,1.8,2.0,1.6,0.25
NKE,1,1.0,35.82,214.18,1.8,2.0,1.6,0.25
NOW,1,1.0,32.440000000000005,217.56000000000003,1.8,2.0,1.6,0.25
NVDA,2,1.0,29.14,270.86,1.8,2.0,1.6,0.25
PLTR,3,0.3333333333333333,27.916666666666668,172.08333333333334,1.8,2.0,1.6,0.25
QCOM,4,0.5,37.77,274.73,1.8,2.0,1.6,0.25
SBUX,1,1.0,34.5,215.50000000000003,1.8,2.0,1.6,0.25
SHOP,4,0.5,22.5825,152.4175,1.8,2.0,1.6,0.25
SLB,1,1.0,11.67,88.33,1.8,2.0,1.6,0.25
TGT,1,0.0,28.71,221.29,1.8,2.0,1.6,0.25
TSLA,8,0.5,54.295,414.45500000000004,1.8,2.0,1.6,0.25
UBER,1,0.0,11.360000000000001,88.64,1.8,2.0,1.6,0.25
AAPL,1,1.0,140.47,359.53,1.0,1.6,1.3,0.12
ADBE,4,0.25,299.4975,700.5024999999999,1.0,1.6,1.3,0.12
AMD,13,0.46153846153846156,159.0353846153846,417.8876923076923,1.0,1.6,1.3,0.12
AMZN,3,0.3333333333333333,117.82,298.8466666666667,1.0,1.6,1.3,0.12
AVGO,3,0.0,170.65333333333334,412.68,1.0,1.6,1.3,0.12
AXP,1,1.0,151.61,348.39000000000004,1.0,1.6,1.3,0.12
BA,2,0.0,158.27499999999998,341.725,1.0,1.6,1.3,0.12
BABA,4,0.5,78.60000000000001,171.4,1.0,1.6,1.3,0.12
CAT,1,1.0,163.38,336.62,1.0,1.6,1.3,0.12
COIN,15,0.4666666666666667,173.60200000000003,493.0646666666666,1.0,1.6,1.3,0.12
COST,1,1.0,296.83000000000004,703.17,1.0,1.6,1.3,0.12
CRM,4,0.25,97.2825,277.71750000000003,1.0,1.6,1.3,0.12
CVX,1,1.0,58.81999999999999,191.18,1.0,1.6,1.3,0.12
DIS,1,0.0,89.58,160.42000000000002,1.0,1.6,1.3,0.12
GM,1,1.0,64.89,185.10999999999999,1.0,1.6,1.3,0.12
GOOGL,1,1.0,120.07000000000001,379.92999999999995,1.0,1.6,1.3,0.12
GS,1,1.0,382.71999999999997,1117.28,1.0,1.6,1.3,0.12
HON,1,0.0,153.64,346.36,1.0,1.6,1.3,0.12
INTC,3,0.6666666666666666,46.67000000000001,103.32999999999998,1.0,1.6,1.3,0.12
ISRG,1,1.0,366.09,1133.91,1.0,1.6,1.3,0.12
JD,5,0.6,42.352000000000004,87.648,1.0,1.6,1.3,0.12
JPM,1,1.0,167.39,332.61,1.0,1.6,1.3,0.12
LLY,1,0.0,760.88,1739.1200000000001,1.0,1.6,1.3,0.12
LOW,1,1.0,113.46000000000001,386.54,1.0,1.6,1.3,0.12
MA,1,1.0,284.71000000000004,715.29,1.0,1.6,1.3,0.12
META,5,0.2,286.442,763.5579999999999,1.0,1.6,1.3,0.12
MS,1,1.0,102.27999999999999,397.71999999999997,1.0,1.6,1.3,0.12
MSFT,1,0.0,329.8,670.2,1.0,1.6,1.3,0.12
MU,7,0.2857142857142857,335.7828571428571,807.0742857142857,1.0,1.6,1.3,0.12
NFLX,2,0.5,57.38999999999999,117.61000000000001,1.0,1.6,1.3,0.12
NOW,4,0.25,92.67,219.83,1.0,1.6,1.3,0.12
NVDA,5,0.4,63.712,176.28799999999998,1.0,1.6,1.3,0.12
PLTR,4,0.0,88.3,224.2,1.0,1.6,1.3,0.12
QCOM,4,0.25,110.45500000000001,327.045,1.0,1.6,1.3,0.12
SHOP,8,0.25,76.46875,198.53124999999997,1.0,1.6,1.3,0.12
SLB,2,0.5,37.75,112.25,1.0,1.6,1.3,0.12
SNAP,4,0.0,43.6175,118.88250000000001,1.0,1.6,1.3,0.12
TJX,1,0.0,55.1,194.89999999999998,1.0,1.6,1.3,0.12
TSLA,14,0.35714285714285715,192.18428571428575,539.9585714285714,1.0,1.6,1.3,0.12
UBER,2,0.0,50.04500000000001,124.955,1.0,1.6,1.3,0.12
V,1,1.0,231.53,768.4699999999999,1.0,1.6,1.3,0.12
AAPL,1,1.0,140.47,359.53,1.0,1.6,1.3,0.25
ADBE,4,0.25,299.4975,700.5024999999999,1.0,1.6,1.3,0.25
AMD,13,0.46153846153846156,159.0353846153846,417.8876923076923,1.0,1.6,1.3,0.25
AMZN,3,0.3333333333333333,117.82,298.8466666666667,1.0,1.6,1.3,0.25
AVGO,3,0.0,170.65333333333334,412.68,1.0,1.6,1.3,0.25
AXP,1,1.0,151.61,348.39000000000004,1.0,1.6,1.3,0.25
BA,2,0.0,158.27499999999998,341.725,1.0,1.6,1.3,0.25
BABA,4,0.5,78.60000000000001,171.4,1.0,1.6,1.3,0.25
CAT,1,1.0,163.38,336.62,1.0,1.6,1.3,0.25
COIN,15,0.4666666666666667,173.60200000000003,493.0646666666666,1.0,1.6,1.3,0.25
COST,1,1.0,296.83000000000004,703.17,1.0,1.6,1.3,0.25
CRM,4,0.25,97.2825,277.71750000000003,1.0,1.6,1.3,0.25
CVX,1,1.0,58.81999999999999,191.18,1.0,1.6,1.3,0.25
DIS,1,0.0,89.58,160.42000000000002,1.0,1.6,1.3,0.25
GM,1,1.0,64.89,185.10999999999999,1.0,1.6,1.3,0.25
GOOGL,1,1.0,120.07000000000001,379.92999999999995,1.0,1.6,1.3,0.25
GS,1,1.0,382.71999999999997,1117.28,1.0,1.6,1.3,0.25
HON,1,0.0,153.64,346.36,1.0,1.6,1.3,0.25
INTC,3,0.6666666666666666,46.67000000000001,103.32999999999998,1.0,1.6,1.3,0.25
ISRG,1,1.0,366.09,1133.91,1.0,1.6,1.3,0.25
JD,5,0.6,42.352000000000004,87.648,1.0,1.6,1.3,0.25
JPM,1,1.0,167.39,332.61,1.0,1.6,1.3,0.25
LLY,1,0.0,760.88,1739.1200000000001,1.0,1.6,1.3,0.25
LOW,1,1.0,113.46000000000001,386.54,1.0,1.6,1.3,0.25
MA,1,1.0,284.71000000000004,715.29,1.0,1.6,1.3,0.25
META,5,0.2,286.442,763.5579999999999,1.0,1.6,1.3,0.25
MS,1,1.0,102.27999999999999,397.71999999999997,1.0,1.6,1.3,0.25
MSFT,1,0.0,329.8,670.2,1.0,1.6,1.3,0.25
MU,7,0.2857142857142857,335.7828571428571,807.0742857142857,1.0,1.6,1.3,0.25
NFLX,2,0.5,57.38999999999999,117.61000000000001,1.0,1.6,1.3,0.25
NOW,4,0.25,92.67,219.83,1.0,1.6,1.3,0.25
NVDA,5,0.4,63.712,176.28799999999998,1.0,1.6,1.3,0.25
PLTR,4,0.0,88.3,224.2,1.0,1.6,1.3,0.25
QCOM,4,0.25,110.45500000000001,327.045,1.0,1.6,1.3,0.25
SHOP,8,0.25,76.46875,198.53124999999997,1.0,1.6,1.3,0.25
SLB,2,0.5,37.75,112.25,1.0,1.6,1.3,0.25
SNAP,4,0.0,43.6175,118.88250000000001,1.0,1.6,1.3,0.25
TJX,1,0.0,55.1,194.89999999999998,1.0,1.6,1.3,0.25
TSLA,14,0.35714285714285715,192.18428571428575,539.9585714285714,1.0,1.6,1.3,0.25
UBER,2,0.0,50.04500000000001,124.955,1.0,1.6,1.3,0.25
V,1,1.0,231.53,768.4699999999999,1.0,1.6,1.3,0.25
AAPL,1,1.0,287.15999999999997,712.84,1.0,1.6,1.6,0.12
ADBE,8,0.25,303.6275,821.3725000000001,1.0,1.6,1.6,0.12
AMD,15,0.4666666666666667,168.3006666666667,431.69933333333336,1.0,1.6,1.6,0.12
AMZN,6,0.16666666666666666,94.04499999999999,239.28833333333333,1.0,1.6,1.6,0.12
AVGO,8,0.125,155.25125,407.2487499999999,1.0,1.6,1.6,0.12
AXP,2,1.0,196.54,428.4599999999999,1.0,1.6,1.6,0.12
BA,4,0.75,147.63250000000002,414.8675,1.0,1.6,1.6,0.12
BABA,10,0.3,84.92999999999998,215.07,1.0,1.6,1.6,0.12
CAT,2,0.5,433.685,1066.315,1.0,1.6,1.6,0.12
COIN,18,0.6111111111111112,170.37722222222226,474.0672222222223,1.0,1.6,1.6,0.12
COST,1,1.0,307.66,692.34,1.0,1.6,1.6,0.12
CRM,5,0.6,156.974,343.02599999999995,1.0,1.6,1.6,0.12
CVX,1,1.0,132.73999999999998,367.26,1.0,1.6,1.6,0.12
DE,1,0.0,235.42999999999998,764.5699999999999,1.0,1.6,1.6,0.12
DIS,1,0.0,79.43,170.57,1.0,1.6,1.6,0.12
GM,4,1.0,29.5175,70.4825,1.0,1.6,1.6,0.12
GOOGL,3,0.6666666666666666,115.40000000000002,217.93333333333337,1.0,1.6,1.6,0.12
GS,2,1.0,330.46000000000004,919.54,1.0,1.6,1.6,0.12
HD,2,1.0,142.305,357.695,1.0,1.6,1.6,0.12
HON,1,0.0,169.46,330.53999999999996,1.0,1.6,1.6,0.12
INTC,9,0.2222222222222222,49.660000000000004,128.11777777777777,1.0,1.6,1.6,0.12
ISRG,5,0.4,245.97000000000003,654.03,1.0,1.6,1.6,0.12
JD,11,0.5454545454545454,44.912727272727274,109.63272727272727,1.0,1.6,1.6,0.12
JNJ,1,1.0,73.83,176.17000000000002,1.0,1.6,1.6,0.12
JPM,1,1.0,221.22000000000003,778.78,1.0,1.6,1.6,0.12
LLY,3,0.3333333333333333,565.8966666666668,1434.1033333333335,1.0,1.6,1.6,0.12
LOW,2,0.5,119.13499999999999,380.865,1.0,1.6,1.6,0.12
MA,1,1.0,286.28999999999996,713.71,1.0,1.6,1.6,0.12
META,7,0.14285714285714285,290.61999999999995,780.8085714285714,1.0,1.6,1.6,0.12
MS,1,1.0,78.61,171.39,1.0,1.6,1.6,0.12
MSFT,2,0.0,225.07999999999998,524.92,1.0,1.6,1.6,0.12
MU,11,0.36363636363636365,282.6463636363636,717.3536363636364,1.0,1.6,1.6,0.12
NFLX,2,0.0,30.264999999999997,69.73499999999999,1.0,1.6,1.6,0.12
NKE,3,0.3333333333333333,79.31333333333333,170.68666666666667,1.0,1.6,1.6,0.12
NOW,6,0.5,92.06833333333333,241.26500000000001,1.0,1.6,1.6,0.12
NVDA,11,0.45454545454545453,97.50272727272727,211.58818181818182,1.0,1.6,1.6,0.12
PLTR,8,0.125,74.93374999999999,212.56624999999997,1.0,1.6,1.6,0.12
QCOM,11,0.5454545454545454,130.96818181818185,369.0318181818182,1.0,1.6,1.6,0.12
ROST,3,0.3333333333333333,82.55666666666667,167.44333333333333,1.0,1.6,1.6,0.12
SBUX,1,1.0,72.54,177.46,1.0,1.6,1.6,0.12
SHOP,14,0.21428571428571427,84.765,258.09214285714285,1.0,1.6,1.6,0.12
SLB,5,0.8,52.864,147.136,1.0,1.6,1.6,0.12
SNAP,4,0.25,42.4375,95.0625,1.0,1.6,1.6,0.12
TGT,1,0.0,113.86,386.14,1.0,1.6,1.6,0.12
TJX,1,0.0,77.14999999999999,172.85,1.0,1.6,1.6,0.12
TSLA,17,0.29411764705882354,228.05294117647054,610.1823529411764,1.0,1.6,1.6,0.12
UBER,5,0.6,47.181999999999995,132.818,1.0,1.6,1.6,0.12
UNH,2,0.0,203.64499999999998,546.355,1.0,1.6,1.6,0.12
V,1,1.0,238.72,761.28,1.0,1.6,1.6,0.12
XOM,1,1.0,85.48,164.52,1.0,1.6,1.6,0.12
AAPL,1,1.0,287.15999999999997,712.84,1.0,1.6,1.6,0.25
ADBE,8,0.25,303.6275,821.3725000000001,1.0,1.6,1.6,0.25
AMD,15,0.4666666666666667,168.3006666666667,431.69933333333336,1.0,1.6,1.6,0.25
AMZN,6,0.16666666666666666,94.04499999999999,239.28833333333333,1.0,1.6,1.6,0.25
AVGO,8,0.125,155.25125,407.2487499999999,1.0,1.6,1.6,0.25
AXP,2,1.0,196.54,428.4599999999999,1.0,1.6,1.6,0.25
BA,4,0.75,147.63250000000002,414.8675,1.0,1.6,1.6,0.25
BABA,10,0.3,84.92999999999998,215.07,1.0,1.6,1.6,0.25
CAT,2,0.5,433.685,1066.315,1.0,1.6,1.6,0.25
COIN,18,0.6111111111111112,170.37722222222226,474.0672222222223,1.0,1.6,1.6,0.25
COST,1,1.0,307.66,692.34,1.0,1.6,1.6,0.25
CRM,5,0.6,156.974,343.02599999999995,1.0,1.6,1.6,0.25
CVX,1,1.0,132.73999999999998,367.26,1.0,1.6,1.6,0.25
DE,1,0.0,235.42999999999998,764.5699999999999,1.0,1.6,1.6,0.25
DIS,1,0.0,79.43,170.57,1.0,1.6,1.6,0.25
GM,4,1.0,29.5175,70.4825,1.0,1.6,1.6,0.25
GOOGL,3,0.6666666666666666,115.40000000000002,217.93333333333337,1.0,1.6,1.6,0.25
GS,2,1.0,330.46000000000004,919.54,1.0,1.6,1.6,0.25
HD,2,1.0,142.305,357.695,1.0,1.6,1.6,0.25
HON,1,0.0,169.46,330.53999999999996,1.0,1.6,1.6,0.25
INTC,9,0.2222222222222222,49.660000000000004,128.11777777777777,1.0,1.6,1.6,0.25
ISRG,5,0.4,245.97000000000003,654.03,1.0,1.6,1.6,0.25
JD,11,0.5454545454545454,44.912727272727274,109.63272727272727,1.0,1.6,1.6,0.25
JNJ,1,1.0,73.83,176.17000000000002,1.0,1.6,1.6,0.25
JPM,1,1.0,221.22000000000003,778.78,1.0,1.6,1.6,0.25
LLY,3,0.3333333333333333,565.8966666666668,1434.1033333333335,1.0,1.6,1.6,0.25
LOW,2,0.5,119.13499999999999,380.865,1.0,1.6,1.6,0.25
MA,1,1.0,286.28999999999996,713.71,1.0,1.6,1.6,0.25
META,7,0.14285714285714285,290.61999999999995,780.8085714285714,1.0,1.6,1.6,0.25
MS,1,1.0,78.61,171.39,1.0,1.6,1.6,0.25
MSFT,2,0.0,225.07999999999998,524.92,1.0,1.6,1.6,0.25
MU,11,0.36363636363636365,282.6463636363636,717.3536363636364,1.0,1.6,1.6,0.25
NFLX,2,0.0,30.264999999999997,69.73499999999999,1.0,1.6,1.6,0.25
NKE,3,0.3333333333333333,79.31333333333333,170.68666666666667,1.0,1.6,1.6,0.25
NOW,6,0.5,92.06833333333333,241.26500000000001,1.0,1.6,1.6,0.25
NVDA,11,0.45454545454545453,97.50272727272727,211.58818181818182,1.0,1.6,1.6,0.25
PLTR,8,0.125,74.93374999999999,212.56624999999997,1.0,1.6,1.6,0.25
QCOM,11,0.5454545454545454,130.96818181818185,369.0318181818182,1.0,1.6,1.6,0.25
ROST,3,0.3333333333333333,82.55666666666667,167.44333333333333,1.0,1.6,1.6,0.25
SBUX,1,1.0,72.54,177.46,1.0,1.6,1.6,0.25
SHOP,14,0.21428571428571427,84.765,258.09214285714285,1.0,1.6,1.6,0.25
SLB,5,0.8,52.864,147.136,1.0,1.6,1.6,0.25
SNAP,4,0.25,42.4375,95.0625,1.0,1.6,1.6,0.25
TGT,1,0.0,113.86,386.14,1.0,1.6,1.6,0.25
TJX,1,0.0,77.14999999999999,172.85,1.0,1.6,1.6,0.25
TSLA,17,0.29411764705882354,228.05294117647054,610.1823529411764,1.0,1.6,1.6,0.25
UBER,5,0.6,47.181999999999995,132.818,1.0,1.6,1.6,0.25
UNH,2,0.0,203.64499999999998,546.355,1.0,1.6,1.6,0.25
V,1,1.0,238.72,761.28,1.0,1.6,1.6,0.25
XOM,1,1.0,85.48,164.52,1.0,1.6,1.6,0.25
