short_mult,wing_mult,iv_mult,max_move_bound,n,win_rate,pooled_breakeven_win_rate,margin_vs_breakeven_pts,mean_risk_reward_ratio,avg_net_credit_dollars,avg_max_risk_dollars,avg_payoff_pct_spot,avg_payoff_pct_credit
1.0,1.3,1.3,0.12,61,0.4262295081967213,0.6638638225255973,-23.7634314328876,1.941436905749444,161.4555737704918,318.8722950819672,-0.0010557690650445067,-0.15525521997249978
1.0,1.3,1.3,0.25,61,0.4262295081967213,0.6638638225255973,-23.7634314328876,1.941436905749444,161.4555737704918,318.8722950819672,-0.0010557690650445067,-0.15525521997249978
1.0,1.3,1.6,0.12,121,0.4297520661157025,0.6612890207715133,-23.15369546558108,1.9224477581121517,141.50280991735536,276.2657851239669,-0.0007961652870458225,-0.11429933334947309
1.0,1.3,1.6,0.25,121,0.4297520661157025,0.6612890207715133,-23.15369546558108,1.9224477581121517,141.50280991735536,276.2657851239669,-0.0007961652870458225,-0.11429933334947309
1.0,1.6,1.3,0.12,136,0.3897058823529412,0.722851832460733,-33.314595010779186,2.6765026709919546,155.6920588235294,406.0726470588236,-0.0036970244388256877,-0.5026863215252789
1.0,1.6,1.3,0.25,136,0.3897058823529412,0.722851832460733,-33.314595010779186,2.6765026709919546,155.6920588235294,406.0726470588236,-0.0036970244388256877,-0.5026863215252789
1.0,1.6,1.6,0.12,245,0.42448979591836733,0.7235812175204157,-29.909142160204837,2.658943963923163,151.97391836734693,397.822,-0.0027893926453014637,-0.37025846668818113
1.0,1.6,1.6,0.25,245,0.42448979591836733,0.7235812175204157,-29.909142160204837,2.658943963923163,151.97391836734693,397.822,-0.0027893926453014637,-0.37025846668818113
1.0,2.0,1.3,0.12,175,0.4114285714285714,0.7757575113808801,-36.43289399523087,4.020862338160657,168.8866285714286,584.2562285714286,-0.008070621146335706,-1.0778565099784125
1.0,2.0,1.3,0.25,175,0.4114285714285714,0.7757575113808801,-36.43289399523087,4.020862338160657,168.8866285714286,584.2562285714286,-0.008070621146335706,-1.0778565099784125
1.0,2.0,1.6,0.12,291,0.40893470790378006,0.7708807281001138,-36.19460201963337,3.597173813277453,173.02048109965637,582.1341580756014,-0.009060521259272565,-0.92550075652632
1.0,2.0,1.6,0.25,291,0.40893470790378006,0.7708807281001138,-36.19460201963337,3.597173813277453,173.02048109965637,582.1341580756014,-0.009060521259272565,-0.92550075652632
1.0,2.5,1.3,0.12,191,0.418848167539267,0.8246655509783729,-40.58173834391059,6.153944012287472,178.2719895287958,838.4819371727749,-0.01635574045360435,-1.8842826141590643
1.0,2.5,1.3,0.25,191,0.418848167539267,0.8246655509783729,-40.58173834391059,6.153944012287472,178.2719895287958,838.4819371727749,-0.01635574045360435,-1.8842826141590643
1.0,2.5,1.6,0.12,307,0.4169381107491857,0.8223192430947657,-40.538113234558,5.156247548372489,189.63224755700327,877.6315960912051,-0.015628711666703383,-1.4591830885565258
1.0,2.5,1.6,0.25,307,0.4169381107491857,0.8223192430947657,-40.538113234558,5.156247548372489,189.63224755700327,877.6315960912051,-0.015628711666703383,-1.4591830885565258
1.0,3.0,1.3,0.12,202,0.41089108910891087,0.8591770935477544,-44.828600443884355,9.401641521115524,177.73663366336635,1084.3920792079207,-0.02301574544923068,-3.5813020870073813
1.0,3.0,1.3,0.25,202,0.41089108910891087,0.8591770935477544,-44.828600443884355,9.401641521115524,177.73663366336635,1084.3920792079207,-0.02301574544923068,-3.5813020870073813
1.0,3.0,1.6,0.12,312,0.4198717948717949,0.8591731528223955,-43.93013579506006,6.9592701441772125,196.70621794871795,1200.0886538461539,-0.021326971793247555,-2.13717685064544
1.0,3.0,1.6,0.25,312,0.4198717948717949,0.8591731528223955,-43.93013579506006,6.9592701441772125,196.70621794871795,1200.0886538461539,-0.021326971793247555,-2.13717685064544
1.2,1.3,1.3,0.12,9,0.3333333333333333,0.6955747368421052,-36.22414035087719,2.234695100098863,160.6688888888889,367.1088888888889,-0.0015471590653375064,-0.6000707660701363
1.2,1.3,1.3,0.25,9,0.3333333333333333,0.6955747368421052,-36.22414035087719,2.234695100098863,160.6688888888889,367.1088888888889,-0.0015471590653375064,-0.6000707660701363
1.2,1.3,1.6,0.12,17,0.17647058823529413,0.6883044776119404,-51.18338893766462,2.2082709366235305,122.84470588235294,271.2729411764706,-0.003489874683046549,-0.6772951407859983
1.2,1.3,1.6,0.25,17,0.17647058823529413,0.6883044776119404,-51.18338893766462,2.2082709366235305,122.84470588235294,271.2729411764706,-0.003489874683046549,-0.6772951407859983
1.2,1.6,1.3,0.12,102,0.4215686274509804,0.7557197049525817,-33.415107750160125,3.0699334650931975,113.63823529411764,351.5578431372549,-0.0041519060775126945,-0.7341876660657553
1.2,1.6,1.3,0.25,102,0.4215686274509804,0.7557197049525817,-33.415107750160125,3.0699334650931975,113.63823529411764,351.5578431372549,-0.0041519060775126945,-0.7341876660657553
1.2,1.6,1.6,0.12,179,0.441340782122905,0.7567548909657321,-31.541410884282712,3.122329611472629,109.05262569832401,339.2713966480447,-0.002811960455063037,-0.5332330417431416
1.2,1.6,1.6,0.25,179,0.441340782122905,0.7567548909657321,-31.541410884282712,3.122329611472629,109.05262569832401,339.2713966480447,-0.002811960455063037,-0.5332330417431416
1.2,2.0,1.3,0.12,169,0.4437869822485207,0.807636090225564,-36.384910797704336,4.633187612796645,121.10958579881658,508.47621301775155,-0.008332973133358717,-1.360034067627971
1.2,2.0,1.3,0.25,169,0.4437869822485207,0.807636090225564,-36.384910797704336,4.633187612796645,121.10958579881658,508.47621301775155,-0.008332973133358717,-1.360034067627971
1.2,2.0,1.6,0.12,273,0.4358974358974359,0.8083602824858758,-37.24628465884399,4.400435062969316,124.24992673992674,524.1017216117217,-0.008493910729922945,-1.1748258228904507
1.2,2.0,1.6,0.25,273,0.4358974358974359,0.8083602824858758,-37.24628465884399,4.400435062969316,124.24992673992674,524.1017216117217,-0.008493910729922945,-1.1748258228904507
1.2,2.5,1.3,0.12,190,0.4263157894736842,0.8520584096955365,-42.57426202218523,7.106235662620077,131.70694736842105,758.5562105263158,-0.016799518544476432,-2.3332055561949177
1.2,2.5,1.3,0.25,190,0.4263157894736842,0.8520584096955365,-42.57426202218523,7.106235662620077,131.70694736842105,758.5562105263158,-0.016799518544476432,-2.3332055561949177
1.2,2.5,1.6,0.12,306,0.4444444444444444,0.8520703710216282,-40.76259265771838,6.2954657569418915,137.4633660130719,791.7850000000001,-0.014590801201543643,-1.7983754741669389
1.2,2.5,1.6,0.25,306,0.4444444444444444,0.8520703710216282,-40.76259265771838,6.2954657569418915,137.4633660130719,791.7850000000001,-0.014590801201543643,-1.7983754741669389
1.2,3.0,1.3,0.12,201,0.4228855721393035,0.883021453437772,-46.01358812984685,10.792830644103516,133.73965174129353,1009.5439303482585,-0.022987764862089775,-4.105214768029046
1.2,3.0,1.3,0.25,201,0.4228855721393035,0.883021453437772,-46.01358812984685,10.792830644103516,133.73965174129353,1009.5439303482585,-0.022987764862089775,-4.105214768029046
1.2,3.0,1.6,0.12,312,0.44551282051282054,0.885448448778017,-43.99356282651964,8.573009391913825,144.9701282051282,1120.5747435897433,-0.01991703290814449,-2.533633367652649
1.2,3.0,1.6,0.25,312,0.44551282051282054,0.885448448778017,-43.99356282651964,8.573009391913825,144.9701282051282,1120.5747435897433,-0.01991703290814449,-2.533633367652649
1.4,1.6,1.3,0.12,40,0.4,0.7818005847953217,-38.180058479532164,3.5225984353464823,93.28025,334.21975000000003,-0.00548763969697383,-0.9871889041224329
1.4,1.6,1.3,0.25,40,0.4,0.7818005847953217,-38.180058479532164,3.5225984353464823,93.28025,334.21975000000003,-0.00548763969697383,-0.9871889041224329
1.4,1.6,1.6,0.12,78,0.48717948717948717,0.7816353135313531,-29.44558263518659,3.618484392627422,84.82628205128205,303.63525641025643,-0.0027321177728529505,-0.616178128778214
1.4,1.6,1.6,0.25,78,0.48717948717948717,0.7816353135313531,-29.44558263518659,3.618484392627422,84.82628205128205,303.63525641025643,-0.0027321177728529505,-0.616178128778214
1.4,2.0,1.3,0.12,154,0.4675324675324675,0.8352756756756757,-36.774320814320824,5.479144108366113,85.08974025974025,431.4687012987013,-0.007377564975977123,-1.5794324750886775
1.4,2.0,1.3,0.25,154,0.4675324675324675,0.8352756756756757,-36.774320814320824,5.479144108366113,85.08974025974025,431.4687012987013,-0.007377564975977123,-1.5794324750886775
1.4,2.0,1.6,0.12,240,0.4708333333333333,0.835810158013544,-36.49768246802106,5.256385865158543,90.92012500000001,462.8298749999999,-0.007573163996583904,-1.3868436893720864
1.4,2.0,1.6,0.25,240,0.4708333333333333,0.835810158013544,-36.49768246802106,5.256385865158543,90.92012500000001,462.8298749999999,-0.007573163996583904,-1.3868436893720864
1.4,2.5,1.3,0.12,187,0.44385026737967914,0.8759575104311543,-43.21072430514752,8.388989780868188,95.3866844919786,673.5972727272726,-0.014956524387765091,-2.6985978151131023
1.4,2.5,1.3,0.25,187,0.44385026737967914,0.8759575104311543,-43.21072430514752,8.388989780868188,95.3866844919786,673.5972727272726,-0.014956524387765091,-2.6985978151131023
1.4,2.5,1.6,0.12,300,0.47333333333333333,0.8769103617412631,-40.35770284079298,7.716463482541343,100.3796,715.1204000000001,-0.01308463392729283,-2.1805458371320703
1.4,2.5,1.6,0.25,300,0.47333333333333333,0.8769103617412631,-40.35770284079298,7.716463482541343,100.3796,715.1204000000001,-0.01308463392729283,-2.1805458371320703
1.4,3.0,1.3,0.12,201,0.4427860696517413,0.9049398217297037,-46.21537520779624,12.534348784987722,98.15791044776118,934.4291542288557,-0.021314000161975512,-4.624170697847903
1.4,3.0,1.3,0.25,201,0.4427860696517413,0.9049398217297037,-46.21537520779624,12.534348784987722,98.15791044776118,934.4291542288557,-0.021314000161975512,-4.624170697847903
1.4,3.0,1.6,0.12,308,0.4707792207792208,0.9055137099063298,-43.47344891271091,10.65235467508618,108.07636363636364,1035.7548051948052,-0.018248085862962685,-3.143248303556981
1.4,3.0,1.6,0.25,308,0.4707792207792208,0.9055137099063298,-43.47344891271091,10.65235467508618,108.07636363636364,1035.7548051948052,-0.018248085862962685,-3.143248303556981
1.6,2.0,1.3,0.12,112,0.5625,0.8640626016260163,-30.156260162601633,6.744125186925784,59.71535714285714,379.5703571428572,-0.00622154613467135,-1.8017180501792178
1.6,2.0,1.3,0.25,112,0.5625,0.8640626016260163,-30.156260162601633,6.744125186925784,59.71535714285714,379.5703571428572,-0.00622154613467135,-1.8017180501792178
1.6,2.0,1.6,0.12,169,0.5029585798816568,0.8611828054298643,-35.82242255482074,6.3564208690857535,63.53556213017752,394.1567455621302,-0.006667094140652981,-1.7032599634758443
1.6,2.0,1.6,0.25,169,0.5029585798816568,0.8611828054298643,-35.82242255482074,6.3564208690857535,63.53556213017752,394.1567455621302,-0.006667094140652981,-1.7032599634758443
1.6,2.5,1.3,0.12,177,0.5028248587570622,0.899764895877603,-39.694003712054084,10.19773227490647,66.625197740113,598.0640677966102,-0.011967591394056029,-2.9486278914364075
1.6,2.5,1.3,0.25,177,0.5028248587570622,0.899764895877603,-39.694003712054084,10.19773227490647,66.625197740113,598.0640677966102,-0.011967591394056029,-2.9486278914364075
1.6,2.5,1.6,0.12,289,0.5121107266435986,0.8986307495523151,-38.65200229087166,9.511240826759666,68.5557785467128,607.7417993079584,-0.011371629589817252,-2.7166853543818967
1.6,2.5,1.6,0.25,289,0.5121107266435986,0.8986307495523151,-38.65200229087166,9.511240826759666,68.5557785467128,607.7417993079584,-0.011371629589817252,-2.7166853543818967
1.6,3.0,1.3,0.12,196,0.4846938775510204,0.9237517877094972,-43.905791015847676,15.568334874462803,69.63484693877551,843.6304591836735,-0.017821284287818363,-5.364556939703599
1.6,3.0,1.3,0.25,196,0.4846938775510204,0.9237517877094972,-43.905791015847676,15.568334874462803,69.63484693877551,843.6304591836735,-0.017821284287818363,-5.364556939703599
1.6,3.0,1.6,0.12,302,0.5132450331125827,0.9252685936992531,-41.202356058667036,13.739715147497627,76.19139072847683,943.3450331125828,-0.01615397614459441,-3.7527849976125056
1.6,3.0,1.6,0.25,302,0.5132450331125827,0.9252685936992531,-41.202356058667036,13.739715147497627,76.19139072847683,943.3450331125828,-0.01615397614459441,-3.7527849976125056
1.8,2.0,1.3,0.12,48,0.6041666666666666,0.8827550802139037,-27.858841354723708,8.04415126072945,45.67666666666667,343.9066666666667,-0.006602361054299825,-2.3945577574491765
1.8,2.0,1.3,0.25,48,0.6041666666666666,0.8827550802139037,-27.858841354723708,8.04415126072945,45.67666666666667,343.9066666666667,-0.006602361054299825,-2.3945577574491765
1.8,2.0,1.6,0.12,70,0.5714285714285714,0.8780176056338028,-30.658903420523142,7.2017828477527495,49.49,356.2242857142857,-0.004180915750385623,-1.6561353286468996
1.8,2.0,1.6,0.25,70,0.5714285714285714,0.8780176056338028,-30.658903420523142,7.2017828477527495,49.49,356.2242857142857,-0.004180915750385623,-1.6561353286468996
1.8,2.5,1.3,0.12,155,0.5419354838709678,0.9176439402324295,-37.57084563614617,12.383266980649687,48.0056129032258,534.8976129032258,-0.010150633060154478,-3.6176115640403492
1.8,2.5,1.3,0.25,155,0.5419354838709678,0.9176439402324295,-37.57084563614617,12.383266980649687,48.0056129032258,534.8976129032258,-0.010150633060154478,-3.6176115640403492
1.8,2.5,1.6,0.12,261,0.5670498084291188,0.9168812903225806,-34.98314818934618,11.529958336896454,49.36168582375479,544.5080459770114,-0.008049455002514841,-2.870776229401611
1.8,2.5,1.6,0.25,261,0.5670498084291188,0.9168812903225806,-34.98314818934618,11.529958336896454,49.36168582375479,544.5080459770114,-0.008049455002514841,-2.870776229401611
1.8,3.0,1.3,0.12,192,0.5208333333333334,0.9394044244950304,-41.8571091161697,19.192060881303462,49.21812499999999,763.0214583333334,-0.016050830943199357,-6.392277489027833
1.8,3.0,1.3,0.25,192,0.5208333333333334,0.9394044244950304,-41.8571091161697,19.192060881303462,49.21812499999999,763.0214583333334,-0.016050830943199357,-6.392277489027833
1.8,3.0,1.6,0.12,292,0.547945205479452,0.9394232958801498,-39.14780904006978,16.93726617949896,55.39034246575343,858.9932191780822,-0.013040134780905885,-4.345437365952119
1.8,3.0,1.6,0.25,292,0.547945205479452,0.9394232958801498,-39.14780904006978,16.93726617949896,55.39034246575343,858.9932191780822,-0.013040134780905885,-4.345437365952119
