ticker,date
FIX,2026-08-27
FDS,2026-07-16
FDS,2026-05-21
CSGP,2026-07-21
CHTR,2026-09-03
ISRG,2026-07-24
IVZ,2026-07-10
SMCI,2026-07-24
MRVL,2026-09-02
MRVL,2026-07-27
WDC,2026-05-27
DASH,2026-07-23
F,2026-05-15
NEM,2026-08-26
IT,2026-05-21
SNDK,2026-06-08
NOW,2026-09-04
VRT,2026-05-28
DELL,2026-09-02
WDAY,2026-08-14
LITE,2026-06-15
CVNA,2026-05-15
DDOG,2026-08-26
DELL,2026-06-04
LITE,2026-07-22
FCX,2026-05-13
CMG,2026-08-03
AMD,2026-07-20
MU,2026-07-10
SNDK,2026-08-26
COIN,2026-09-03
ALB,2026-09-02
CIEN,2026-06-25
FIX,2026-08-10
BLDR,2026-08-20
CSGP,2026-08-04
FDS,2026-07-07
AMD,2026-07-13
MRNA,2026-08-28
STX,2026-08-24
QCOM,2026-06-03
GLW,2026-07-07
WDAY,2026-08-05
COIN,2026-07-31
APTV,2026-06-10
TER,2026-07-14
LRCX,2026-07-01
HPQ,2026-09-02
TTD,2026-07-07
VRT,2026-07-24
PANW,2026-07-20
FIX,2026-06-01
DELL,2026-07-02
HOOD,2026-06-12
TPL,2026-06-30
EXPE,2026-08-11
COHR,2026-08-21
GEV,2026-07-13
NFLX,2026-07-20
BLDR,2026-08-06
WDAY,2026-07-09
GPC,2026-07-22
PWR,2026-08-25
MRNA,2026-08-31
TER,2026-06-17
FDS,2026-07-21
GEV,2026-08-31
ECHO,2026-06-10
STX,2026-06-24
CSGP,2026-09-03
SNDK,2026-05-13
APP,2026-06-09
SNDK,2026-07-10
F,2026-05-26
GNRC,2026-06-17
FDS,2026-07-20
SMCI,2026-08-11
RDDT,2026-07-06
VEEV,2026-08-28
AMAT,2026-07-01
ECHO,2026-05-18
FIX,2026-05-12
APA,2026-05-21
UAL,2026-06-15
ANET,2026-08-12
WDAY,2026-07-28
MRNA,2026-06-24
ECHO,2026-06-16
GEV,2026-06-30
FDS,2026-06-03
HOOD,2026-07-23
TTD,2026-07-30
NCLH,2026-06-15
SNDK,2026-06-24
STLD,2026-08-24
HOOD,2026-06-26
DDOG,2026-05-18
TECH,2026-06-25
CVNA,2026-08-07
KLAC,2026-06-09
TPL,2026-06-26
AXON,2026-07-13
SNDK,2026-07-21
VRT,2026-06-22
SNDK,2026-05-21
VRT,2026-06-02
SMCI,2026-06-22
DELL,2026-08-04
CCL,2026-07-09
COIN,2026-08-18
MOS,2026-08-19
MU,2026-06-23
HOOD,2026-08-18
CHRW,2026-05-20
CRL,2026-06-03
AXON,2026-07-17
DDOG,2026-09-03
FIX,2026-06-09
WDAY,2026-07-07
LITE,2026-07-20
VRT,2026-05-12
UAL,2026-06-25
CCL,2026-05-21
ERIE,2026-07-29
NOW,2026-07-21
MRNA,2026-06-09
MOS,2026-06-16
ETN,2026-08-04
VRT,2026-07-16
RDDT,2026-09-03
VST,2026-06-23
TTD,2026-08-31
SNDK,2026-09-01
VST,2026-05-26
MRVL,2026-06-23
PWR,2026-08-07
IT,2026-08-05
AXON,2026-06-22
ALB,2026-05-18
ANET,2026-08-06
CIEN,2026-05-20
GNRC,2026-08-07
DASH,2026-07-01
TTD,2026-08-05
RDDT,2026-07-16
KLAC,2026-07-06
COHR,2026-08-12
PCG,2026-08-31
CRL,2026-06-17
IT,2026-08-26
VRT,2026-08-27
MU,2026-05-13
FIX,2026-08-05
FISV,2026-07-15
EXPE,2026-05-27
WDC,2026-08-25
SMCI,2026-08-27
FDS,2026-07-13
CAT,2026-07-29
APA,2026-08-11
CAT,2026-07-17
VEEV,2026-06-02
EXPE,2026-08-05
COIN,2026-08-28
MRVL,2026-08-18
TER,2026-08-04
MU,2026-05-11
PWR,2026-08-26
MRNA,2026-09-02
DDOG,2026-05-22
DELL,2026-08-18
VRT,2026-08-25
TYL,2026-07-29
CSGP,2026-08-11
RDDT,2026-08-26
DELL,2026-06-05
HOOD,2026-08-31
HOOD,2026-08-13
WDAY,2026-08-07
APP,2026-06-23
PWR,2026-08-17
BLDR,2026-08-07
LITE,2026-09-04
MRNA,2026-08-21
DELL,2026-07-21
MOS,2026-09-03
SNDK,2026-05-12
LRCX,2026-09-04
CMG,2026-07-21
DELL,2026-07-31
EFX,2026-07-31
AKAM,2026-05-14
CHTR,2026-07-01
RDDT,2026-06-08
HOOD,2026-08-26
UAL,2026-05-28
TER,2026-05-27
MU,2026-07-23
MRVL,2026-09-01
FDS,2026-07-27
ALB,2026-05-12
CRWD,2026-09-03
UAL,2026-05-21
CIEN,2026-08-25
STX,2026-08-12
MRVL,2026-05-20
VEEV,2026-09-01
FCX,2026-07-16
DLTR,2026-06-25
DELL,2026-07-28
STX,2026-08-25
NEM,2026-08-21
IT,2026-08-10
HUM,2026-05-14
MRVL,2026-08-28
WDC,2026-08-17
FIX,2026-09-01
CCL,2026-05-28
WDAY,2026-08-31
NOW,2026-05-19
MU,2026-06-12
COHR,2026-05-28
EXPE,2026-08-03
CHTR,2026-08-17
AMAT,2026-07-09
SNDK,2026-08-12
APP,2026-05-20
LULU,2026-06-10
CHTR,2026-08-07
WDAY,2026-07-15
SNDK,2026-08-28
WDAY,2026-08-03
MOS,2026-08-25
AMAT,2026-07-29
APP,2026-05-15
FCX,2026-08-05
FDS,2026-06-01
HOOD,2026-07-15
LUV,2026-06-24
MRNA,2026-09-03
FDS,2026-05-19
RDDT,2026-07-27
CNC,2026-08-13
COHR,2026-08-10
NCLH,2026-07-08
MU,2026-06-16
FIX,2026-07-28
VEEV,2026-08-07
APP,2026-07-07
ECHO,2026-05-21
FIX,2026-07-17
NOW,2026-07-14
TER,2026-09-03
MU,2026-07-06
NCLH,2026-07-09
GEV,2026-07-20
RCL,2026-06-24
MU,2026-06-17
MU,2026-07-27
CHTR,2026-08-12
PWR,2026-08-11
WDAY,2026-07-14
SW,2026-07-27
PCG,2026-09-04
SNDK,2026-06-01
SMCI,2026-07-27
MU,2026-08-14
RDDT,2026-07-15
FIX,2026-08-25
DASH,2026-07-07
MU,2026-07-24
INTU,2026-07-30
NRG,2026-07-31
DELL,2026-05-28
DELL,2026-08-10
MU,2026-06-01
ERIE,2026-07-24
EIX,2026-09-02
GNRC,2026-07-22
EXPE,2026-08-07
NCLH,2026-06-24
QCOM,2026-05-12
ECHO,2026-05-19
TER,2026-07-23
MU,2026-08-21
ON,2026-05-15
INTC,2026-06-15
NOW,2026-08-31
UAL,2026-05-22
NOW,2026-07-08
SNDK,2026-05-15
CIEN,2026-05-15
SNDK,2026-06-23
RDDT,2026-06-23
HOOD,2026-06-11
BAX,2026-08-10
HPE,2026-06-11
COIN,2026-08-25
HPE,2026-06-08
CMI,2026-08-05
FLEX,2026-05-13
WDC,2026-06-22
BLDR,2026-08-03
MRVL,2026-06-10
TECH,2026-05-21
WDAY,2026-07-10
AXON,2026-05-29
GNRC,2026-06-24
GLW,2026-07-28
COHR,2026-07-16
TER,2026-08-18
LITE,2026-08-14
VST,2026-05-28
DELL,2026-06-24
TTD,2026-09-03
MRVL,2026-09-04
MU,2026-06-22
CIEN,2026-07-09
PLTR,2026-07-02
BAX,2026-08-04
HOOD,2026-09-04
INTC,2026-08-05
RCL,2026-06-10
SNDK,2026-05-14
INTC,2026-07-10
META,2026-07-10
DASH,2026-06-30
AMAT,2026-07-10
FCX,2026-08-21
CVNA,2026-07-29
FDS,2026-05-26
COIN,2026-06-17
HOOD,2026-08-06
WDC,2026-06-25
PWR,2026-05-20
PWR,2026-05-19
DELL,2026-08-07
INTC,2026-07-02
VRT,2026-06-05
DDOG,2026-08-11
SMCI,2026-08-18
STX,2026-07-17
STX,2026-07-02
TER,2026-07-30
NOW,2026-09-03
CVNA,2026-05-28
MU,2026-08-17
INCY,2026-06-29
MU,2026-07-16
MU,2026-05-26
WDAY,2026-08-10
AXON,2026-06-08
SNDK,2026-06-04
WDAY,2026-06-29
COIN,2026-07-29
AXON,2026-08-31
PLTR,2026-07-08
HPQ,2026-05-28
MU,2026-06-02
RDDT,2026-07-08
FIX,2026-06-15
FCX,2026-07-24
CF,2026-08-13
PANW,2026-08-28
TER,2026-08-24
GNRC,2026-06-30
MRNA,2026-08-27
GEV,2026-07-09
COIN,2026-07-23
HUM,2026-05-13
COIN,2026-08-26
AXON,2026-09-02
STLD,2026-09-03
HOOD,2026-08-27
FCX,2026-07-28
GEV,2026-05-15
INTU,2026-07-21
HPE,2026-06-02
STX,2026-07-08
APA,2026-08-14
TTD,2026-06-29
INTC,2026-07-17
APP,2026-05-29
KLAC,2026-07-01
MU,2026-08-19
MU,2026-07-21
WDC,2026-07-31
CIEN,2026-08-04
HUM,2026-05-18
CTSH,2026-07-10
QCOM,2026-07-07
MU,2026-06-26
CHTR,2026-08-03
SMCI,2026-06-08
AMD,2026-05-15
NOW,2026-07-27
ARES,2026-07-01
TTD,2026-06-22
AXON,2026-08-12
SMCI,2026-08-21
WDC,2026-06-18
RDDT,2026-05-18
CHTR,2026-09-01
EME,2026-07-31
MRNA,2026-08-25
FDS,2026-08-10
MRNA,2026-06-29
HOOD,2026-09-03
TER,2026-06-26
SMCI,2026-07-23
AXON,2026-07-09
TER,2026-08-17
GLW,2026-05-12
SMCI,2026-06-05
INTU,2026-06-01
INTC,2026-05-12
MU,2026-06-18
AXON,2026-07-08
LITE,2026-07-16
RDDT,2026-07-24
ALB,2026-05-11
HPE,2026-07-14
COHR,2026-06-16
MOS,2026-08-24
LITE,2026-07-24
WDAY,2026-07-21
VRT,2026-06-11
SNDK,2026-06-10
IP,2026-08-03
LITE,2026-08-25
TTD,2026-08-06
MRVL,2026-08-24
SW,2026-07-15
RDDT,2026-07-20
RCL,2026-06-15
GEV,2026-08-27
EFX,2026-07-21
CHTR,2026-07-28
MU,2026-06-15
ALB,2026-09-04
UAL,2026-06-24
VRT,2026-09-04
TPR,2026-09-01
CTSH,2026-07-08
RDDT,2026-09-01
QCOM,2026-06-04
CCL,2026-06-25
CRL,2026-08-11
VST,2026-05-22
INTC,2026-05-22
AMD,2026-07-31
APP,2026-05-26
INTC,2026-05-21
MU,2026-07-20
CSGP,2026-08-28
TTD,2026-06-01
BLDR,2026-06-25
FDS,2026-07-15
STX,2026-07-09
NOW,2026-08-03
CVNA,2026-07-31
KEYS,2026-08-20
CVNA,2026-09-03
FLEX,2026-05-19
APP,2026-07-09
FIX,2026-08-19
COIN,2026-07-14
INTU,2026-07-27
COIN,2026-09-04
DELL,2026-07-17
NCLH,2026-07-29
GNRC,2026-09-01
TPR,2026-08-28
MRVL,2026-08-27
MRVL,2026-07-01
INTC,2026-05-15
ANET,2026-07-09
NCLH,2026-06-30
CMG,2026-07-31
PCG,2026-09-02
DXCM,2026-08-03
COIN,2026-07-16
SMCI,2026-09-01
COHR,2026-06-25
COHR,2026-08-27
MOS,2026-07-22
VRT,2026-07-22
MPWR,2026-07-23
AXON,2026-09-04
DELL,2026-06-12
DELL,2026-07-16
ETN,2026-08-12
MU,2026-05-29
APP,2026-05-27
WDC,2026-08-03
AXON,2026-07-16
FIX,2026-08-28
WDC,2026-05-19
DDOG,2026-07-15
KLAC,2026-06-12
AXON,2026-09-03
GEV,2026-06-18
NOW,2026-07-30
DELL,2026-09-03
MRNA,2026-09-04
ALB,2026-09-01
VEEV,2026-08-03
F,2026-05-27
EIX,2026-08-31
MU,2026-07-30
FCX,2026-08-24
TSLA,2026-09-04
ERIE,2026-07-28
CTSH,2026-07-29
LITE,2026-07-17
CVNA,2026-07-16
CSGP,2026-08-20
RDDT,2026-08-07
TER,2026-07-17
DOW,2026-06-25
RMD,2026-07-14
MOS,2026-08-26
MOS,2026-09-04
NOW,2026-06-29
DASH,2026-05-18
CHTR,2026-06-24
BLDR,2026-06-16
COIN,2026-09-02
MRNA,2026-07-28
ERIE,2026-07-30
LITE,2026-07-23
COIN,2026-08-21
HPE,2026-07-15
CVNA,2026-08-31
EFX,2026-07-27
QCOM,2026-05-19
DELL,2026-07-23
NEM,2026-05-12
WDC,2026-07-29
CRL,2026-08-06
HPE,2026-06-04
HOOD,2026-08-28
GPN,2026-07-20
FSLR,2026-06-11
NCLH,2026-09-02
GDDY,2026-08-03
CF,2026-05-14
SMCI,2026-08-26
CRWD,2026-08-31
CHTR,2026-08-31
LITE,2026-08-27
KLAC,2026-07-21
MRNA,2026-06-23
NCLH,2026-05-14
GLW,2026-06-29
FIX,2026-06-25
FDS,2026-07-24
CRWD,2026-09-04
DELL,2026-07-22
MU,2026-07-28
MRNA,2026-08-26
AXON,2026-06-09
LRCX,2026-07-15
TER,2026-08-25
PANW,2026-08-26
MRNA,2026-08-18
PANW,2026-09-02
SNDK,2026-06-09
COIN,2026-07-27
DELL,2026-06-25
CHTR,2026-08-10
TPL,2026-07-13
EXPE,2026-09-02
HPE,2026-08-04
NCLH,2026-06-18
HUM,2026-05-11
BLDR,2026-05-21
QCOM,2026-05-27
CVNA,2026-07-17
NRG,2026-08-25
GNRC,2026-05-22
AXON,2026-08-06
GEV,2026-08-10
VRT,2026-07-15
ANET,2026-05-13
SMCI,2026-06-02
ERIE,2026-08-12
ALB,2026-08-25
ANET,2026-07-07
NOW,2026-09-01
NCLH,2026-06-10
SNDK,2026-06-17
AXON,2026-09-01
MRVL,2026-06-29
AMAT,2026-06-26
CF,2026-08-21
RDDT,2026-06-02
F,2026-06-03
HPE,2026-08-06
ARES,2026-07-10
IT,2026-08-11
QCOM,2026-05-26
APP,2026-05-19
DELL,2026-06-18
TER,2026-09-04
SNDK,2026-08-11
NOW,2026-08-05
NCLH,2026-06-16
EL,2026-05-20
TTD,2026-07-15
MU,2026-08-28
ALB,2026-05-20
APTV,2026-06-05
DELL,2026-08-06
MRNA,2026-07-15
MRVL,2026-07-07
RDDT,2026-06-17
VRT,2026-05-27
AMAT,2026-07-07
RCL,2026-06-18
VRT,2026-06-30
LITE,2026-07-13
RDDT,2026-08-28
WDC,2026-08-07
NOW,2026-09-02
NOW,2026-07-10
HOOD,2026-06-24
WDAY,2026-08-11
IBM,2026-07-17
ARES,2026-07-07
FCX,2026-07-23
AXON,2026-08-10
GLW,2026-06-23
FIX,2026-06-22
DELL,2026-07-30
MRVL,2026-06-09
WDC,2026-06-26
MU,2026-06-25
COIN,2026-08-27
TPL,2026-08-31
AXON,2026-08-20
SMCI,2026-07-28
CDW,2026-08-26
HOOD,2026-07-24
SNDK,2026-08-27
SMCI,2026-08-25
SNDK,2026-06-11
FIX,2026-07-22
EL,2026-05-27
AMD,2026-07-07
FIX,2026-07-31
STX,2026-07-24
WDC,2026-05-28
COIN,2026-09-01
ECHO,2026-08-13
META,2026-07-17
APP,2026-05-13
MRVL,2026-07-23
INTU,2026-07-14
CSGP,2026-08-03
RDDT,2026-07-13
DECK,2026-07-27
NOW,2026-08-07
HOOD,2026-07-06
WDAY,2026-07-30
RDDT,2026-06-11
PNR,2026-07-17
DELL,2026-07-14
ACN,2026-07-10
AMAT,2026-07-06
