date,ticker,score,score_52w,range_pos,atr_pct,gap_pct
2026-05-11,INTC,97.7,98.045,1.0,6.325762709563401,4.77105891869027
2026-05-11,SNDK,96.2,96.77,1.0,6.426244404518975,1.5303989338283006
2026-05-11,QCOM,96.1,96.68499999999999,1.0,6.674035136754424,5.897119167878163
2026-05-11,MRNA,97.5,96.41478517354989,0.9026523449033264,6.288868778240618,6.86293185216858
2026-05-11,ALB,85.8,86.79937103118377,0.9246247354122519,5.559300467050847,3.282229036728231
2026-05-11,RDDT,93.2,84.36268617614826,0.34284574507655113,6.712587561921322,-1.4762535344712002
2026-05-11,DOW,84.0,82.86559837762105,0.7643732251747377,4.796583246698707,1.7087092117337068
2026-05-11,TECH,95.9,82.54655396925311,0.06877026461687365,7.585963545954661,2.1298568368429702
2026-05-11,APP,90.2,81.94696215954313,0.35179747730287575,5.930407600817618,-2.663532343162571
2026-05-11,APA,83.8,81.53485733626752,0.6869904890845023,4.531576510936597,3.2058474286356096
2026-05-12,LITE,97.3,97.705,1.0,7.574546074592384,-3.3102570989182336
2026-05-12,COHR,96.3,96.85499999999999,1.0,6.946644582070402,-1.772501499395339
2026-05-12,WDC,95.7,96.345,1.0,5.886767526297927,-3.4856465096323563
2026-05-12,MRNA,94.0,92.81760791777906,0.8611738611852708,6.945915259123684,-1.2102862646013341
2026-05-12,VRT,88.9,90.565,1.0,4.840900776626738,-1.7938698256793733
2026-05-12,FIX,84.6,86.91,1.0,4.504963423836725,-2.056091410608705
2026-05-12,ALB,81.2,83.49393105955697,0.9649287373037981,5.720681734936302,-1.9286646725144523
2026-05-12,GEV,82.3,83.42654881738541,0.8981032544923605,5.3265562516705005,-1.7780553953162395
2026-05-12,COIN,91.9,82.17919367957957,0.2709462453053039,5.640746545039703,-2.1699040048895752
2026-05-12,FCX,80.6,80.94432419240233,0.8289549461601565,4.349851468178786,-1.1806774954205264
2026-05-13,GLW,96.6,96.25443392336459,0.9429622615576387,6.8682978004717,4.842610259641866
2026-05-13,INTC,96.6,95.90733021077527,0.9198220140516845,7.585251685615703,2.8936222917737022
2026-05-13,QCOM,98.7,95.29637474347624,0.7600916495650821,8.962959855817777,3.0050912451073346
2026-05-13,VRT,85.6,87.71559587921799,0.9970397252812001,4.9498620200930965,2.3343249558025874
2026-05-13,MRNA,85.3,85.58767538593403,0.872178359062269,7.118989326305482,-0.7846804279822471
2026-05-13,FCX,80.2,81.31534475680107,0.8763563171200713,4.318383300550645,1.2115751424315435
2026-05-13,HUM,78.8,80.29625493585763,0.887750329057176,4.31449457027134,1.012354891683007
2026-05-13,ECHO,77.0,79.72845924019859,0.9518972826799055,4.051190147087942,2.233729541335301
2026-05-13,DOW,77.7,79.32021297903148,0.8850141986020986,4.663418652579997,1.4709561548780623
2026-05-13,COIN,88.8,79.06193705203417,0.23879580346894486,5.9612106480413445,-1.6567147233278918
2026-05-14,INTC,95.8,95.18374539925543,0.9169163599503629,7.936772006034401,-4.680353487877674
2026-05-14,LITE,94.5,94.97753252719788,0.9768355018131918,8.515665178772936,-2.7533793929976467
2026-05-14,AKAM,93.4,94.39,1.0,5.462419377750427,-2.643660495824476
2026-05-14,MRNA,92.4,90.41641026209577,0.7917606841397173,7.491641906548885,-1.8246691835700182
2026-05-14,ALB,87.5,88.00329441821587,0.9085529612143917,5.949538014234246,-1.4631245176099514
2026-05-14,CF,78.7,78.94425926293437,0.8032839508622913,4.5190662433969475,-0.9800823561223854
2026-05-14,HUM,75.6,78.53695066997017,0.9517967113313456,4.400759596583638,-0.679024859037022
2026-05-14,RDDT,86.0,78.09857019747898,0.3332380131652656,6.477789242346872,1.073837809324138
2026-05-14,TECH,90.8,77.17999999999999,0.0,7.271744454539923,1.0247250851572327
2026-05-14,J,88.9,75.565,0.0,4.977428466714776,1.1652838996157422
2026-05-15,GLW,95.8,96.42999999999999,1.0,6.888734294345262,-4.882849159088921
2026-05-15,COHR,92.7,93.795,1.0,6.841049560590502,-5.487232944815893
2026-05-15,MU,93.2,93.63669258368522,0.9611128389123482,6.681338379889867,-5.597866251045685
2026-05-15,ALB,89.9,89.12384042395824,0.8472560282638826,6.405771647900117,-3.1606532454269547
2026-05-15,VRT,84.6,86.91,1.0,4.767485994917504,-3.1682782020723854
2026-05-15,MRNA,86.4,85.15134279394078,0.7807561862627193,7.431826377014139,-3.19807817941262
2026-05-15,COIN,94.0,83.7171443654777,0.2544762910318465,6.480153112056571,-3.004573030627624
2026-05-15,GEV,78.8,80.75518826725533,0.9183458844836899,4.427335615626323,-2.249367613718154
2026-05-15,F,76.6,80.11,1.0,3.72434812651352,-3.4530387831958365
2026-05-15,HOOD,89.0,78.92195389711323,0.2181302598075494,5.357141844212053,-2.676575110777489
2026-05-18,SNDK,97.2,96.0981256100149,0.8985417073343264,8.39576128180699,1.7092844498215747
2026-05-18,LITE,95.6,94.99997069184805,0.9159980461232039,8.958115640694917,-1.793038949005684
2026-05-18,INTC,91.6,90.04469010625402,0.8123126737502679,8.45099187292448,4.321048747532827
2026-05-18,MRNA,90.3,88.04732562317398,0.752821708211599,7.437659404569861,1.9167997739807472
2026-05-18,F,86.8,85.18000025431316,0.76000001695421,4.514924627293798,4.4029863386861985
2026-05-18,ALB,85.4,84.29715834986358,0.780477223324238,6.622527084331726,0.5155741493551009
2026-05-18,ECHO,80.8,83.67999999999999,1.0,4.178595314856984,6.937261946260106
2026-05-18,HUM,79.9,82.21925354299037,0.953616902866025,4.6237084281863865,-1.5010443909146591
2026-05-18,COIN,92.5,81.54975488150936,0.1949836587672909,7.412592201789325,-2.6505617714343717
2026-05-18,APP,88.3,81.52235156208368,0.43115677080557907,5.963572906502843,-0.9002015500249501
2026-05-19,SNDK,98.1,96.12938421100604,0.8496256140670698,9.255445235660654,-3.245287690917725
2026-05-19,WDC,96.6,95.27174821400492,0.8774498809336613,7.628567736913524,-3.7019230705256265
2026-05-19,STX,96.1,94.76944622175724,0.8722964147838168,7.25344560891631,-2.8791663944482098
2026-05-19,VRT,91.6,90.85171014906452,0.8661140099376344,5.503636011390357,-2.9582368308790126
2026-05-19,FIX,90.3,89.9709905682351,0.8810660378823398,4.938020896039763,-3.8459292771196716
2026-05-19,ALB,90.0,87.7735945734486,0.7515729715632405,6.534002726507791,-1.8379486089487838
2026-05-19,GNRC,85.2,85.16398570167671,0.849599046778447,4.839529028158532,-2.1260639470184457
2026-05-19,MRNA,87.0,84.84870245392467,0.7265801635949777,7.68239377172096,-1.0392849587543296
2026-05-19,ECHO,79.7,82.64849734345374,0.9935664895635823,4.5636812152536645,-1.4290927019821442
2026-05-19,F,82.3,80.12166730244954,0.6777778201633029,5.021377685620278,-1.0744389295280043
2026-05-20,MU,97.9,95.9998249725531,0.8523216648368731,8.716403759697194,5.183620838150703
2026-05-20,INTC,97.2,95.08118239089652,0.8307454927264345,8.795127114896928,4.89169496359443
2026-05-20,MRVL,94.6,94.63715797799057,0.9484771985327043,6.810168581734984,4.073292393346244
2026-05-20,FIX,87.7,87.48635901683075,0.8627572677887166,5.3061782509133995,2.163790742262394
2026-05-20,MRNA,87.9,84.60213382429983,0.6591422549533211,8.070709161785974,0.6999118247602214
2026-05-20,VRT,82.7,82.34583977348575,0.8033893182323828,6.132301977823235,0.7345860835381207
2026-05-20,PWR,80.1,80.7376709982675,0.8435113998845005,4.966682067973265,2.1074577023882965
2026-05-20,ALB,82.2,80.51380521589113,0.7095870143927417,6.999577371527961,0.591715976331361
2026-05-20,TTD,85.4,72.82037168028403,0.015358112018935178,6.516337151971004,-1.866731855444606
2026-05-20,EL,81.5,72.62084433567234,0.2230562890448237,4.9044998712688175,0.8536925808897193
2026-05-21,MRVL,88.5,90.225,1.0,6.7245328264963335,3.0567405577054636
2026-05-21,VRT,90.6,88.67788963096982,0.7778593087313215,6.072006035317657,2.1002864013727933
2026-05-21,INTC,86.8,87.35259560422398,0.904839706948265,8.609137141876808,-2.00067020152543
2026-05-21,SNDK,86.1,86.51509936432882,0.8886732909552557,9.066519020658504,-1.0836220526002618
2026-05-21,ECHO,81.6,84.36,1.0,4.699778028128223,-1.4880116819048306
2026-05-21,MRNA,85.8,83.83293424931996,0.726862283287998,7.791384571039582,-1.0182831975186393
2026-05-21,APA,83.3,83.05752909740238,0.8168352731601597,4.47427722338268,2.4669410687477917
2026-05-21,RDDT,91.9,82.47877714645014,0.2909184764300087,6.819110046408386,-1.6425869970408018
2026-05-21,DASH,90.3,78.3233725710306,0.10455817140204057,5.389251840033486,-1.885148298288496
2026-05-21,UAL,81.1,77.31395809390783,0.5585972062605228,4.409450829126542,-2.6423142487159352
2026-05-22,SNDK,96.6,96.91230309607167,0.9868202064047774,8.313390784367979,-1.3956987596198522
2026-05-22,GLW,94.9,94.1293972942669,0.8976264862844596,7.840800515997282,1.281987973157445
2026-05-22,COHR,92.9,92.73788867554931,0.9181925783699544,7.7921388010499335,1.0582010582010581
2026-05-22,ECHO,90.3,90.16212181917483,0.8938081212783223,5.795924256477721,1.4559289019327006
2026-05-22,VRT,84.7,84.08820583160873,0.8062137221072486,6.079711543499944,3.2653054291565176
2026-05-22,ALB,84.7,82.7229010787873,0.7151934052524863,6.6219625058963745,0.9947042390336542
2026-05-22,F,82.6,82.51000178019206,0.8200001186794705,4.9064674625839055,0.8778338324019603
2026-05-22,RDDT,90.3,81.40357574521748,0.3099050496811654,5.886524017971108,-3.205810299805116
2026-05-22,GEV,80.4,81.06340103999871,0.8482267359999137,4.454461331058884,1.5874450778876275
2026-05-22,GNRC,80.8,80.91772871663149,0.8158485811087662,4.31557771421305,4.935629387348426
2026-05-26,SNDK,94.8,94.75724522751361,0.9451496818342404,8.577013518740172,3.822303645177897
2026-05-26,DELL,91.9,93.11500000000001,1.0,6.017189064542227,1.714149367100647
2026-05-26,ECHO,94.2,92.97159697425778,0.8601064649505179,6.207729322765116,4.2351126367716425
2026-05-26,QCOM,90.9,92.265,1.0,8.360525185998751,1.07490658348568
2026-05-26,VRT,91.9,90.42636660006055,0.8207577733373689,6.004114844627644,4.153180986502686
2026-05-26,FIX,85.7,85.8124646291434,0.8644976419428935,5.134887182622434,2.687817018921783
2026-05-26,F,81.5,84.27499999999999,1.0,4.903835484385511,-1.004692358596866
2026-05-26,APP,86.6,79.36862048891717,0.383908032594478,6.563887423391759,7.139597901377942
2026-05-26,RDDT,87.5,78.14697057945297,0.2514647052968642,6.170273003064483,1.2882028459306036
2026-05-26,ALB,78.5,77.60988182885903,0.7256587885906021,6.322747739630071,2.0048970769876955
2026-05-27,MU,98.1,98.38499999999999,1.0,7.389542471472025,6.67276509531412
2026-05-27,SNDK,97.6,97.96,1.0,7.97896116690037,3.550686651726356
2026-05-27,QCOM,93.2,94.22,1.0,7.995738745822085,-1.3624365198334816
2026-05-27,APA,86.0,84.34727688573865,0.7498184590492442,4.834285917736235,-2.666666666666667
2026-05-27,F,79.2,82.32000000000001,1.0,5.002796460569852,0.718019664117393
2026-05-27,GEV,80.7,81.86411163623282,0.8846074424155219,4.420366822334371,-2.166332736173624
2026-05-27,COIN,91.7,80.0398005576803,0.13965337051201945,7.457124729254786,-2.0165489332791395
2026-05-27,VRT,79.7,79.86065997863018,0.8077106652420121,6.280074071720164,0.6483301163202948
2026-05-27,UAL,79.7,78.77441161122165,0.7352941074147764,4.146660480062866,3.219414389216969
2026-05-27,DOW,77.9,76.55665855384319,0.6894439035895458,4.1306278989445016,-1.9274385734242747
2026-05-28,CIEN,92.4,92.96543809843544,0.9616958732290288,6.281782807837305,2.8724522767020675
2026-05-28,QCOM,92.9,92.11089028240256,0.8763926854935038,8.942954878308212,1.1139700820509695
2026-05-28,TER,91.4,90.82317420107609,0.8755449467384057,5.749370936923357,1.524628473259502
2026-05-28,APP,90.4,85.75892981135523,0.5945953207570152,6.61908445686765,-0.9985460040263014
2026-05-28,UAL,81.1,82.25579481382084,0.8880529875880573,4.008422470439,-2.477358237865981
2026-05-28,VRT,80.2,80.01401733359695,0.7896011555731303,6.299599193492633,-1.0569782024251253
2026-05-28,COIN,90.9,79.02448197755744,0.11729879850382945,7.767619425934061,-1.8931944465664037
2026-05-28,RL,76.6,78.56835840867737,0.8972238939118244,4.056409214405387,-1.1216545989087712
2026-05-28,MRNA,79.3,78.09207716355719,0.7124718109038131,7.310438495936782,-0.766649178297714
2026-05-28,NCLH,86.5,77.67314752893576,0.27654316859571815,4.734356546955179,-2.8650163564343907
2026-05-29,QCOM,96.3,96.19006849299987,0.955671232866659,8.048595494385523,2.8361253424666555
2026-05-29,SNDK,95.3,96.005,1.0,7.937785726847034,2.4585161784208656
2026-05-29,ECHO,94.9,94.38569047201231,0.9147126981341535,6.43876158291854,-3.669798519267727
2026-05-29,F,89.8,91.33,1.0,4.95924402550234,1.381378663698916
2026-05-29,WDC,89.5,91.075,1.0,5.730638397710334,2.0934514233435864
2026-05-29,COIN,91.0,79.56536491988601,0.147690994659068,7.628060919664291,-1.108369971171982
2026-05-29,DLTR,84.1,78.95161817648389,0.4977745450989261,4.473451597500691,-1.7610600564332133
2026-05-29,FCX,77.3,78.78181418971506,0.8717876126476711,4.286582311523608,-0.6679860681030282
2026-05-29,HOOD,87.9,78.25527694674427,0.23601846311628463,5.189094605575393,0.9665338986495504
2026-05-29,RDDT,85.4,78.24041191947093,0.3766941279647283,5.536616881493172,0.6052831861595896
2026-06-01,INTC,93.8,92.71964836046736,0.8659765573644914,8.142534398066424,-4.5779560394394725
2026-06-01,MU,91.4,92.69,1.0,6.684419094016662,3.987638589405252
2026-06-01,COHR,92.3,91.47495078182237,0.8679967187881581,8.000663421938462,-2.9158736573789565
2026-06-01,HOOD,93.5,84.6184866537539,0.34289911025026026,5.225267661597009,-4.623542385209169
2026-06-01,RDDT,89.6,82.37319930614409,0.4142132870762732,5.334454078178901,2.215905623002486
2026-06-01,COIN,92.1,80.86528644846089,0.17201909656405953,7.143234227677818,-5.194938437731822
2026-06-01,FIX,79.4,80.43781101865734,0.8631874012438221,4.918394074176497,-3.4164544703317743
2026-06-01,CF,83.6,79.90246375697076,0.5894975837980512,4.676076295420909,2.0560794119818095
2026-06-01,GNRC,75.0,78.50420647377676,0.983613764918451,4.487835567739,-2.0618225003857114
2026-06-01,AXON,84.7,74.93140377670964,0.19576025178064263,5.430684935824371,1.4998241593910957
2026-06-02,MRVL,98.0,98.3,1.0,7.132113971925678,15.508369490932344
2026-06-02,HPE,92.7,93.795,1.0,4.885867156518629,34.17021568785322
2026-06-02,LITE,94.3,92.89018870938249,0.8490125806254988,8.940962962306383,3.329282307493094
2026-06-02,VRT,83.4,82.93584452659495,0.8030563017729967,5.661186885993064,3.636469499786918
2026-06-02,AXON,92.5,82.36592938565751,0.24939529237716737,5.286294823263789,-3.4033741864091063
2026-06-02,DLTR,85.2,79.44599114544813,0.4683994096965425,4.771954609599584,1.4997738588505123
2026-06-02,GNRC,76.9,79.30771164018766,0.9295141093458437,4.727242011014448,7.702588383781142
2026-06-02,F,75.9,77.88631112815054,0.891420741876703,5.570827234724633,-0.36079055303822993
2026-06-02,CVNA,85.0,77.8583577987358,0.37389051991571953,5.277163929622658,-4.492961185079225
2026-06-02,FDS,85.2,76.93845664808683,0.30123044320578835,4.440253594879517,-2.004796955295608
2026-06-03,MRVL,98.5,98.725,1.0,6.8308980375770405,9.230027012342937
2026-06-03,HPE,96.9,97.36500000000001,1.0,6.108510815018274,-3.5084615621874446
2026-06-03,COHR,96.2,96.77,1.0,6.901910923230263,2.129353235253496
2026-06-03,APP,88.0,85.10557658972415,0.6870384393149433,5.9301184963785705,-1.788223338098865
2026-06-03,AXON,92.3,82.57419322871613,0.27461288191440897,5.3903708538143915,-1.8607678136059136
2026-06-03,F,81.9,82.02116472382184,0.827077648254789,6.032728753574044,-0.8668693062246531
2026-06-03,ECHO,80.4,81.16409988982072,0.8549399926547143,7.10470002625849,-0.9712703747437468
2026-06-03,CVNA,90.9,80.81929229843092,0.23695281989539524,6.063807857814666,-1.7682866763670078
2026-06-03,RDDT,87.6,79.92793940661491,0.3645292937743278,5.522208715678391,-1.2593891215744637
2026-06-03,UAL,78.9,79.08620418492984,0.801413612328656,4.584241114668426,-1.2773381671995627
2026-06-04,MRVL,97.7,98.045,1.0,6.954369488439357,-6.199231582239083
2026-06-04,SNDK,96.0,96.6,1.0,6.344537960748899,-4.924375725156975
2026-06-04,QCOM,95.4,95.97066052825457,0.9920440352169714,7.257138288408095,-4.223830163039747
2026-06-04,VRT,86.4,85.93084962776214,0.8327233085174767,5.535001915569666,-3.12122892363663
2026-06-04,DLTR,82.9,77.79809495722473,0.48887299714831545,4.980316646515377,2.0977783203125
2026-06-04,GEV,75.2,74.7509454168819,0.7220630277921273,4.495614706772455,-2.018010511921438
2026-06-04,CHTR,87.0,73.95,0.0,5.613630115359842,1.9765934116233868
2026-06-04,FDS,82.0,73.35316672655105,0.2435444484367363,5.001465259334217,2.3871479382452536
2026-06-04,TTD,84.1,71.58619117984198,0.006746078656131525,6.2729294833498415,1.8968935171574643
2026-06-04,GPN,79.4,70.31863280055616,0.188575520037077,4.344667202493966,2.063377387418639
2026-06-05,MRVL,98.7,98.895,1.0,7.286874320470275,-5.350312254732429
2026-06-05,COHR,97.0,97.23584828127005,0.9857232187513363,7.368536666865998,-3.9416935585196446
2026-06-05,LITE,97.1,95.86956760739713,0.8889711738264757,9.114927513580048,-3.4346321354470506
2026-06-05,ECHO,92.8,91.83405732279118,0.8636038215194128,6.965203601772396,-2.92041030766464
2026-06-05,FIX,85.1,86.1027937660674,0.9178529177378278,5.090486483417339,-2.4359550859803045
2026-06-05,APP,90.7,85.6852422554082,0.572682817027213,6.369026933826838,3.4077662205076464
2026-06-05,MRNA,85.0,84.6216142811335,0.8247742854089007,4.855314827768263,-1.5894547245568973
2026-06-05,VRT,81.8,81.59957747698873,0.8046384984659151,5.898456728033227,-3.138123031471675
2026-06-05,HOOD,89.1,79.71609920257536,0.26540661350502415,5.943944292378638,-1.9925303970860948
2026-06-05,RDDT,84.5,78.60893469080105,0.45226231272006967,5.654394817286266,-0.9406834603225859
2026-06-08,MRVL,99.5,96.44891823148396,0.7915945487655967,9.993275274662587,9.572247733652558
2026-06-08,MU,98.2,95.15263835997213,0.7788425573314757,8.534457216243803,8.594808963587017
2026-06-08,INTC,98.4,94.51714472151542,0.7251429814343611,8.918308360132398,11.929012856187796
2026-06-08,ECHO,91.3,89.56231615845348,0.7971544105635668,7.750996172330211,1.7285880266007885
2026-06-08,VRT,89.8,87.08814170568364,0.7172094470455758,6.585303531489378,2.908385727713872
2026-06-08,GNRC,85.7,85.63452358757696,0.8526349058384641,5.440578079368938,2.1067443098674086
2026-06-08,FCX,82.6,81.76717342894612,0.7704782285964085,4.947136313275923,1.956764556363101
2026-06-08,HOOD,92.6,81.68422628066767,0.19828175204451162,6.760381693597896,2.6070104208258136
2026-06-08,MRNA,81.3,79.72012372525437,0.7076749150169589,5.7453020711791885,1.644187640332255
2026-06-08,COIN,92.6,79.31874075816398,0.04058271721093276,6.773996499289225,2.7624717076608136
2026-06-09,MU,92.0,91.19490211547125,0.8663268076980829,7.806893308658756,4.097838591181485
2026-06-09,GLW,90.5,89.96444995084983,0.8692966633899889,6.993555724901358,1.5303457815516401
2026-06-09,KLAC,88.4,89.87879515187748,0.982586343458499,5.080941146407884,2.9382466586881204
2026-06-09,ECHO,87.7,86.54285394858375,0.7998569299055839,7.533626919625534,1.4234230780478145
2026-06-09,ALB,86.2,82.06277798785224,0.5861851991901496,4.61635261920682,3.7373239724910015
2026-06-09,COIN,93.7,80.77636481870462,0.07542432124697523,6.394687429065026,-2.9979647104148035
2026-06-09,MRNA,81.5,79.95784375358905,0.7121895835726041,5.625450204701104,1.7226884897276449
2026-06-09,FIX,77.7,79.20860637312015,0.8775737582080095,4.949588433677037,1.320710817350313
2026-06-09,CVNA,86.7,78.71376392941467,0.3345842619609772,5.8462413675943345,2.5197985268511855
2026-06-09,FCX,77.8,77.90982360748087,0.7853215738320584,4.748866217516909,1.971519831859652
2026-06-10,MU,96.6,94.89883636099692,0.8525890907331285,8.384608299703377,-3.2867120371168665
2026-06-10,QCOM,97.7,92.65705146208221,0.6408034308054807,9.699639742782109,-2.901368663325758
2026-06-10,LITE,94.7,91.92189499894283,0.761792999929522,11.121226010072448,1.4523702074523854
2026-06-10,APP,95.3,88.20015892203755,0.4796772614691696,7.3536981832203345,-2.851170389255544
2026-06-10,VRT,88.7,85.53747728505714,0.6761651523371431,6.2285344215041425,-1.726996473381286
2026-06-10,GNRC,80.3,80.99337495216255,0.8492249968108373,5.470379608464668,-1.2452584856152626
2026-06-10,ECHO,78.7,78.91073733137206,0.8010491554248043,7.658524759606955,1.0533556498193402
2026-06-10,FCX,77.7,77.96501058216704,0.794667372144469,4.988327577685302,-1.634240057681785
2026-06-10,XYZ,77.0,74.44437874224835,0.5996252494832229,4.5278539928970325,-2.167232884890883
2026-06-10,NEM,76.7,73.88249252520625,0.5791661683470828,4.46881566033367,-4.191188568141356
2026-06-11,MRVL,97.6,94.19170164550931,0.7487801097006215,12.30848283330327,3.1473978868096135
2026-06-11,ON,95.8,92.42685552026553,0.7331237013510362,8.075831824038394,3.1678365718152697
2026-06-11,TER,94.8,92.42373163678668,0.7895821091191128,8.114035024456594,3.1531377687935436
2026-06-11,GNRC,92.4,89.24365794240096,0.7135771961600637,6.459071457511502,2.998619108629164
2026-06-11,ECHO,87.1,85.84932858332972,0.7876219055553152,7.444093768162172,2.160712894239734
2026-06-11,APP,87.4,80.46314797690606,0.4115431984604033,7.855680191395334,-1.3824094871049957
2026-06-11,GEV,84.0,80.20813212109869,0.5872088080732465,4.985830785496613,2.419585027962391
2026-06-11,CMI,79.0,78.94517172900262,0.7863447819335089,4.35207572405988,2.091924448523006
2026-06-11,FCX,79.6,78.68528898847507,0.7350192658983375,5.242084389289423,1.5302785441719564
2026-06-11,ALB,80.5,76.97054643320155,0.5697030955467703,4.741687836396595,2.784951820078543
2026-06-12,MRVL,98.5,96.61654715626933,0.8594364770846225,11.634019217981697,-3.790383119498647
2026-06-12,DELL,94.2,91.93405805875149,0.7909372039167651,9.4133533575594,-1.6477230823587121
2026-06-12,WDC,92.5,91.81922752208499,0.8796151681389993,6.790092843361872,2.399443166175943
2026-06-12,GNRC,90.0,88.89801502352223,0.8265343349014822,6.319012858260852,2.8679148439391002
2026-06-12,ECHO,88.3,88.4140751618369,0.8906050107891273,6.668452594744298,2.3413719547921623
2026-06-12,VRT,89.3,86.48077914943227,0.7050519432954847,6.221823899603029,1.879953676554657
2026-06-12,UAL,79.6,80.97737411064327,0.8878249407095511,4.729344309936285,1.2432301911826937
2026-06-12,FCX,80.0,80.78174626517766,0.8521164176785103,5.031439997613165,1.3114301998915279
2026-06-12,ALB,79.0,76.81280832520746,0.6441872216804976,4.771783373705678,1.5843105187604636
2026-06-12,APTV,81.0,75.24473685879003,0.42631579058600305,5.325613187414719,1.3243106798165578
2026-06-15,SNDK,96.0,96.6,1.0,7.827862917521809,6.111819761310338
2026-06-15,TER,95.6,95.59373246076133,0.9555821640507559,7.66599398389389,5.766368873040067
2026-06-15,MRVL,96.2,94.60193087561761,0.8554620583745075,12.00699633256007,6.081508225125229
2026-06-15,ECHO,87.3,85.87753514193614,0.7781690094624089,8.549767018572037,2.8488779346384003
2026-06-15,FCX,81.7,83.08024018908232,0.9090160126054875,5.023283775861666,4.063731370382382
2026-06-15,RDDT,92.4,82.99602331115636,0.2970682207437571,7.586849293758936,4.139414683792907
2026-06-15,APP,89.6,82.47217873137319,0.4208119154248795,7.895318945026715,2.5625563677071836
2026-06-15,UAL,79.4,81.80258477829705,0.9541723185531357,4.748095762452589,4.657206578213151
2026-06-15,FIX,79.3,80.81027475716495,0.8936849838109961,5.605492863649332,4.6010628044386905
2026-06-15,HOOD,86.4,78.2561508246475,0.32107672164316703,7.2720105447579115,5.934111636893554
2026-06-16,MRVL,97.4,97.34434510951276,0.9702896739675169,11.15389191705366,-3.156565606666285
2026-06-16,WDC,94.4,95.24000000000001,1.0,6.325427221125314,5.0877539683636686
2026-06-16,MU,92.3,93.455,1.0,7.729521707253656,1.0762930764627199
2026-06-16,HOOD,88.0,80.46322988527244,0.3775486590181625,7.27753288110218,2.0892737107416073
2026-06-16,ECHO,75.9,76.64248082386591,0.8084987215910608,8.237891005304773,0.8483922768288878
2026-06-16,DLTR,81.0,76.28457187039673,0.49563812469311624,5.127442590798617,1.2756931931646085
2026-06-16,CVNA,83.9,76.1245553547526,0.3206370236501739,6.1548841878342015,1.5965144408711416
2026-06-16,FOXA,88.1,75.60087841223533,0.04772522748235618,5.309533404650752,-1.716578991090564
2026-06-16,VRT,75.2,75.28394390729909,0.7575962604866061,5.838969334327372,0.7277336532397668
2026-06-16,TPL,81.8,74.55673230384073,0.3351154869227158,5.330463590285294,-1.5436369486627843
2026-06-17,SNDK,96.6,96.2660196853257,0.9437346456883801,7.9026853532948556,4.169618489445581
2026-06-17,MU,96.6,96.08422494509138,0.9316149963394256,8.395285156972998,3.9715543981594976
2026-06-17,INTC,96.9,95.67744905272424,0.8874966035149492,8.711173264062076,4.100807601210222
2026-06-17,MRNA,87.2,88.10419957497984,0.9322799716653232,5.73749290351238,1.4620894156751554
2026-06-17,FIX,83.5,84.72980728942024,0.9169871526280164,5.560071758239038,1.6959823192760557
2026-06-17,VRT,85.9,83.59029443710912,0.7050196291406086,6.108310246884903,1.7089435957549601
2026-06-17,ECHO,82.1,82.12403920020401,0.822602613346934,8.219277134269017,-0.8018526997725751
2026-06-17,GNRC,78.1,79.55766015615521,0.8781773437436811,5.639053867458282,1.4680395402857642
2026-06-17,HOOD,87.1,79.45596122327592,0.36139741488506183,7.68830301457501,-0.8013664907616954
2026-06-17,CRL,77.1,72.8294180691545,0.4862945379436336,4.493519081166373,2.175444785170957
2026-06-18,SNDK,96.2,95.68837596267807,0.9278917308452044,8.030474933414453,4.387632435504587
2026-06-18,TER,93.8,93.69648825660632,0.9310992171070883,7.550211517276346,3.247990281223936
2026-06-18,WDC,90.4,91.84,1.0,6.668624398003123,7.304848717870042
2026-06-18,MRNA,89.4,90.99000000000001,1.0,5.844890950581213,3.495145427310603
2026-06-18,VRT,90.1,88.197305702591,0.7741537135060667,6.1386554537059785,4.29813747440172
2026-06-18,HOOD,92.7,85.6747236918298,0.45864824612198674,7.310769097901152,2.4952472206738614
2026-06-18,ECHO,86.3,84.50982816733772,0.7436552111558482,8.990921654497724,-1.7188882913174757
2026-06-18,GEV,81.6,82.08091918901373,0.8480612792675819,4.387995612729708,4.020559896865331
2026-06-18,FIX,76.8,79.20769216492903,0.9285128109952685,5.485162231838074,3.0169237904943174
2026-06-18,CVNA,89.4,78.50204535536882,0.1674696903579212,7.038317516179044,2.449890074092271
2026-06-22,SNDK,97.7,98.045,1.0,7.739879209117993,4.969215764103444
2026-06-22,TER,96.0,96.6,1.0,7.240885640908694,4.16057742556445
2026-06-22,MU,95.6,96.25999999999999,1.0,8.08346887337949,5.487701038338813
2026-06-22,GNRC,86.5,87.94674069464779,0.9614493796431866,5.750107343695624,2.8801750745885046
2026-06-22,ECHO,89.3,86.72773570889743,0.7215157139264949,9.052069752468729,-3.453326652284241
2026-06-22,FIX,80.2,82.44154789596213,0.9514365263974758,5.391788013739971,2.232881345394866
2026-06-22,VRT,80.4,80.84587114335355,0.8337247428902369,6.03860471483542,1.7504931102017687
2026-06-22,APP,87.3,79.52451548918361,0.35463436594557407,7.141534516749871,-2.633538852104775
2026-06-22,NEM,82.5,79.5072323685922,0.6254821579061467,4.833935943098766,-3.757588873183498
2026-06-22,RDDT,85.5,78.02732203784532,0.35682146918968827,7.048671451180779,-1.7718369824856215
2026-06-23,COHR,97.8,98.06891681155354,0.995927787436903,9.900247044663798,-8.646706683032413
2026-06-23,WDC,96.2,96.47281278372208,0.9801875189148049,7.285786932729935,-9.201219403484691
2026-06-23,GLW,95.8,96.42999999999999,1.0,7.312723249038622,-8.282897932206124
2026-06-23,VRT,90.7,91.03970221286512,0.9296468141910081,5.8187279053950665,-5.587216582138589
2026-06-23,GNRC,86.6,88.61,1.0,5.532244275446514,-4.581446894985727
2026-06-23,FIX,85.9,88.015,1.0,5.225477302272241,-6.121916137244999
2026-06-23,HOOD,89.9,83.38235292179583,0.4644901947863883,6.866021584824155,-3.8454285087618953
2026-06-23,ECHO,85.3,82.9731231948904,0.6978748796593606,9.208513121682582,-2.810148327904202
2026-06-23,ALB,85.3,81.94416761172178,0.6292778407814523,5.608891379148106,-4.1227944433039925
2026-06-23,MRNA,77.3,79.04093820923798,0.8890625472825324,7.24095165195585,-0.4970966005131088
2026-06-24,MU,93.6,92.39628579867545,0.8557523865783637,9.510771777751618,2.8951149592042804
2026-06-24,DELL,90.0,89.88626080353484,0.8924173869023228,7.28061152968385,-1.4049300534795983
2026-06-24,SNDK,90.2,89.58676364459683,0.8611175763064549,9.746413869252315,1.218682726037251
2026-06-24,VRT,87.6,86.1150501704135,0.7770033446942336,6.98448208634476,1.699548736375568
2026-06-24,ECHO,89.1,85.88563536422845,0.6767090242818967,9.409711561601709,-2.655883906338168
2026-06-24,FCX,85.4,84.57185837826718,0.7987905585511449,5.357143068694387,-2.6242273313101223
2026-06-24,GNRC,80.6,81.56567569278155,0.8703783795187713,5.918990789830207,-1.1728713923224963
2026-06-24,UAL,76.3,79.85499999999999,1.0,4.2904154847016045,2.1883965166024533
2026-06-24,CCL,85.5,79.84826558785038,0.47821770585669204,5.140766725137252,2.0543181291565937
2026-06-24,MRNA,77.4,79.72269259866175,0.9288461732441159,7.439110374003997,0.27868552286116804
2026-06-25,GLW,96.4,96.56130775640331,0.9747538504268878,7.8598150859002525,6.179857701766775
2026-06-25,SNDK,94.7,93.08167541253637,0.8391116941690909,10.027811553562966,16.915734844856196
2026-06-25,WDC,93.0,91.80491187171447,0.8503274581142983,9.048749019783795,13.228644308187192
2026-06-25,GNRC,89.0,89.57830349266155,0.9285535661774375,5.887942290667112,2.766236695414953
2026-06-25,VRT,89.9,87.90437325202639,0.7659582168017589,6.995048707075911,7.107423844931389
2026-06-25,FIX,80.5,82.34693867382369,0.9281292449215789,5.735278222605387,2.908715735626554
2026-06-25,FCX,83.7,82.0713328292858,0.7284221886190534,5.684023606743911,2.247735100612332
2026-06-25,APP,86.5,78.44646466980645,0.3280976446537638,6.672985708490158,-3.008858932269366
2026-06-25,IVZ,77.4,77.12192273773205,0.7554615158488031,4.224655101069703,1.7712784134913082
2026-06-25,HOOD,83.7,76.64843602398967,0.3668957349326455,7.657900415977102,1.6462582919325457
2026-06-26,SNDK,98.2,98.47,1.0,9.222444596732563,-7.066590270342613
2026-06-26,INTC,95.7,95.34976768147658,0.9336511787651054,8.570137769928118,-3.1308711945472134
2026-06-26,TER,94.5,95.325,1.0,7.272105977763234,-3.8604969807991303
2026-06-26,ECHO,94.6,89.69906727887613,0.619271151925075,9.909162176703111,-2.3562103693823198
2026-06-26,VRT,87.9,86.74094800247285,0.8017298668315228,6.757643682379802,-3.553769408708697
2026-06-26,GNRC,82.7,85.2591887745095,0.9976125849672995,5.667869933720882,-3.113566312299785
2026-06-26,ALB,86.8,81.57470546341386,0.5196470308942573,6.267788365491564,-2.7578867816266657
2026-06-26,COIN,94.2,80.14696766597527,0.005131177731684033,7.780864132527605,-2.308453863523776
2026-06-26,FIX,75.5,78.7040934368091,0.9686062291206067,5.359382896129325,-3.0001392188605798
2026-06-26,STLD,75.3,76.0533263973916,0.8032217598261066,4.072282907293816,-2.2350600041241284
2026-06-29,WDC,98.2,94.96061470161156,0.7660409801074374,10.997769153674348,2.4059996688313356
2026-06-29,STX,96.1,93.63040293925222,0.7963601959501493,9.501214802371303,1.7879725951545453
2026-06-29,GLW,89.5,90.48319752749832,0.9605465018332214,7.466960089818535,2.6464558986487847
2026-06-29,ECHO,93.8,88.99250664227498,0.6175004428183326,9.489795934369601,2.929083643096151
2026-06-29,MRNA,85.8,87.92999999999999,1.0,7.221857243488228,1.0034236441832582
2026-06-29,FIX,86.7,86.64124687699848,0.8630831251332314,6.0932884665367375,1.3568993298947218
2026-06-29,HOOD,93.4,85.151167973743,0.3840778649161999,7.403267390310021,1.9961507467514195
2026-06-29,INCY,79.5,82.575,1.0,4.237362369076236,1.520882072029533
2026-06-29,AXON,90.9,80.6616627997774,0.22644418665182686,5.895396550184846,4.831878885069404
2026-06-29,CVNA,91.6,80.17804952257278,0.15453663483818492,6.896553291361436,2.822778154454924
2026-06-30,WDC,97.6,95.88771008264165,0.8618473388427765,10.310725463062425,-2.9821443050551846
2026-06-30,GLW,93.7,94.645,1.0,7.24733649166271,-1.251514301571293
2026-06-30,SNDK,93.9,92.95424377753103,0.8759495851687359,10.804564847315506,2.8940880027462383
2026-06-30,ALB,92.3,85.03067875674238,0.43837858378282496,6.596627065580159,4.841195436478763
2026-06-30,GEV,81.1,82.8405949648981,0.9270396643265406,5.131206481557609,1.314272896030697
2026-06-30,ECHO,85.8,82.60913671027909,0.6452757806852735,8.903071299411703,-2.836169263011356
2026-06-30,AXON,91.5,82.47930300028213,0.31362020001880936,5.900062045235944,2.1249522079551184
2026-06-30,GNRC,80.0,81.8945771819338,0.926305145462253,5.94613087576711,1.123992272593449
2026-06-30,FCX,78.3,77.39062314776687,0.7223748765177918,4.875504486293307,2.207076653563266
2026-06-30,CHTR,88.5,76.28229793111456,0.0704865287409703,5.654375441675207,-1.163027276142747
2026-07-01,SNDK,98.9,98.66442192100516,0.9732947947336776,9.628326458246212,-8.29298378494691
2026-07-01,KLAC,95.9,96.515,1.0,6.7728240740185495,-5.366080971772124
2026-07-01,LRCX,95.2,95.92,1.0,6.6592281004595595,-6.544662550564789
2026-07-01,VRT,90.5,89.49397956560914,0.8379319710406098,6.570909402558142,-2.6939906020955244
2026-07-01,GEV,86.0,88.1,1.0,4.850783653441321,-2.4224129932371223
2026-07-01,APP,90.7,83.87530068355551,0.45202004557036746,5.815503933140337,3.4373042416017574
2026-07-01,GNRC,81.1,83.67772688735107,0.9828484591567394,5.469904852906455,-1.6256308887378348
2026-07-01,FOXA,88.6,77.16029225999031,0.1233528173326888,5.97406333912409,3.009968748882413
2026-07-01,STLD,76.9,75.41146839885111,0.6697645599234073,4.514636679153631,-1.4599520637568126
2026-07-01,ECHO,76.2,74.53487373862802,0.6509915825752021,8.638986242564107,-0.5517217326046797
2026-07-02,MRNA,92.4,93.54,1.0,7.158424114358835,1.668964254445043
2026-07-02,GLW,92.8,91.30319587850462,0.8282130585669755,9.12387208799502,1.477584387747932
2026-07-02,INTC,89.8,89.61331758721391,0.8855545058142612,8.782643294305272,1.4958286695739893
2026-07-02,STX,90.3,88.9370736491898,0.8121382432793206,9.650221499234132,-1.577814705458471
2026-07-02,HOOD,95.2,88.39250796279792,0.4981671975198613,6.556897983224681,3.7827892799178824
2026-07-02,APP,92.6,87.34902121044594,0.5759347473630628,5.702989499179896,-2.5460052731885714
2026-07-02,RDDT,93.3,86.95462725791546,0.5099751505276977,6.209475385088728,-1.8962379167493222
2026-07-02,COIN,93.2,80.19689237125161,0.06512615808344048,6.640471646432291,3.736496321897962
2026-07-02,FDS,90.1,79.78339422698961,0.21322628179930822,5.38936055345856,1.8122569305381777
2026-07-02,AXON,83.0,77.63588179315936,0.4723921195439574,5.477521630293866,-1.1616984576076657
2026-07-06,SNDK,99.5,95.71763112016131,0.7428420746774205,13.383994928110928,4.795418550770057
2026-07-06,WDC,99.1,94.67855875649936,0.6962372504332905,12.89080051853838,5.194805194805195
2026-07-06,STX,98.7,94.57979901210793,0.7123199341405287,11.405354101395575,5.29896890798371
2026-07-06,MRNA,92.1,93.285,1.0,6.950136772799269,-1.5170499649761444
2026-07-06,FIX,90.6,88.84049767788495,0.7886998451923309,6.3410754056633785,1.775105452399029
2026-07-06,VRT,90.0,87.05594638289496,0.7037297588596643,7.534547099430183,3.8132604071562617
2026-07-06,GNRC,89.5,87.03403738781671,0.7306024925211138,6.434395257450197,1.3219331471067788
2026-07-06,APP,92.5,85.8505962166471,0.48170641444313994,6.49743172818668,-2.3166284728901
2026-07-06,RDDT,81.5,76.61328214749295,0.48921880983286364,6.458843052801004,1.690043959453179
2026-07-06,FOX,84.6,75.87020619929856,0.2640137466199044,5.598722335132722,-1.008706729386847
2026-07-07,SNDK,98.9,95.20390486070603,0.7425936573804025,13.25746146528616,-7.1742644050318924
2026-07-07,MU,95.6,93.16429096852613,0.7936193979017432,10.767347540364442,-6.269610584856562
2026-07-07,LRCX,95.2,92.23614035435698,0.7544093569571316,8.83168832961493,-7.935467611718122
2026-07-07,VRT,89.1,87.3441342281302,0.773942281875347,7.530874151900684,-4.30967000059891
2026-07-07,GEV,83.6,85.53964611820139,0.9653097412134269,5.213043134976373,-4.791506490269893
2026-07-07,AXON,88.5,83.12197702570224,0.5264651350468159,5.423453943404059,2.4696707190703706
2026-07-07,HOOD,85.6,81.76171779351276,0.6001145195675174,6.354559025087185,-1.5099970053572562
2026-07-07,ECHO,84.2,80.91788244251026,0.623192162834017,6.982978398810513,2.2586236646910245
2026-07-07,ALB,78.7,73.71954089461312,0.45496939297420763,5.541853663263557,-3.7070303443479813
2026-07-07,CSGP,85.8,73.01319976418033,0.005546650945355563,5.291190512299398,3.379788458427709
2026-07-08,MRNA,94.8,95.06771711171466,0.9658478074476442,7.7614220227929245,-3.0462585024904802
2026-07-08,MU,94.6,91.68692338881435,0.7517948925876233,11.126092708029663,-3.808690514333616
2026-07-08,INTC,94.5,91.55742592644836,0.748828395096557,10.18661068848234,-1.8932841284956192
2026-07-08,MRVL,94.3,90.0945955457028,0.6626397030468537,11.76233913677243,-2.4013842043421074
2026-07-08,FIX,92.0,89.46659199583637,0.7511061330557579,6.8849252676588995,-1.9864053705602454
2026-07-08,GNRC,90.7,86.4651702154828,0.6246780143655203,7.4999993297817795,-1.6157750251417344
2026-07-08,HOOD,88.5,83.42774848709898,0.5468498991399322,6.4669732126391395,-1.802483290173306
2026-07-08,BLDR,91.6,80.0388211269173,0.1452547417944865,5.935073953871335,-2.2443184747904055
2026-07-08,CVNA,88.5,79.49821478822453,0.2848809858816353,6.0836522287278445,-1.985473966965365
2026-07-08,NCLH,87.2,79.10765403899893,0.33251026926659466,5.007206930078734,-2.5491213180093117
2026-07-09,SNDK,98.9,95.09112585532093,0.7350750570213949,13.708927316549563,6.27803587503593
2026-07-09,MU,97.9,94.63290161066799,0.7611934407111992,10.764427479778176,7.136385206976921
2026-07-09,WDC,98.4,94.33201571390713,0.7128010475938084,11.984760461842885,7.96656874940038
2026-07-09,VRT,92.6,90.28038797728577,0.7713591984857185,7.9097137196629825,4.952641627163747
2026-07-09,FIX,90.6,88.29121102370829,0.7520807349138862,6.813977959867108,4.220928915017777
2026-07-09,GNRC,89.4,85.43650345889503,0.6297668972596686,7.51387132697054,2.873928842490488
2026-07-09,HOOD,82.1,78.09599543407408,0.5540663622716054,6.300850710476152,-1.1450677674105163
2026-07-09,SW,81.9,76.92996164376814,0.4876641095845424,4.436447011634981,1.9486683914996072
2026-07-09,FCX,77.5,75.01188806904706,0.6091258712698044,4.560250702852048,3.791304878566576
2026-07-09,FDS,83.4,74.22333372470473,0.22222224831364912,5.282924772203598,-1.5858315787347828
2026-07-10,TER,97.9,93.60134466457379,0.6924229776382519,10.967410651790328,-2.5609947746166437
2026-07-10,LRCX,95.7,92.79275434471367,0.7631836229809118,8.95764499441264,-3.3440064635013083
2026-07-10,AMAT,94.7,91.93946333862897,0.7629642225752646,9.317651089465487,-1.7701191495141586
2026-07-10,FIX,86.6,85.82296069337039,0.8141973795580258,6.710537726607807,-1.8204608071611585
2026-07-10,VRT,86.0,85.02908327114599,0.7952722180764001,7.561391717467944,-1.1144775622041054
2026-07-10,HOOD,89.7,84.82747340242844,0.5721648934952291,5.659120430432794,3.5183763619870976
2026-07-10,GNRC,88.6,84.68582431677692,0.6250549544517947,7.376955184259569,-1.098107492236203
2026-07-10,RDDT,86.9,81.77156315521471,0.5271042103476467,5.917543186170396,2.7407546103924
2026-07-10,APP,87.4,81.26603516054124,0.46506901070274903,6.333198184028954,1.1855548290815054
2026-07-10,IVZ,78.4,80.65968518837245,0.9346456792248296,3.717482120809348,2.516600132801062
2026-07-13,SNDK,99.4,96.75009155822116,0.8173394372147437,12.469409811737096,-6.423026836774541
2026-07-13,STX,98.3,95.65306846499486,0.8065378976663249,9.6846861192392,-4.475256505006936
2026-07-13,WDC,97.8,94.52649519828742,0.7597663465524952,10.402561000094513,-5.307341787535142
2026-07-13,MRNA,96.3,93.44063109363206,0.7723754062421383,8.923602599348845,-2.8416506626688802
2026-07-13,VRT,84.2,83.20202868133875,0.7754685787559158,7.413241568486714,-2.1702261895692394
2026-07-13,GEV,82.5,83.1596852887418,0.8689790192494529,5.841578415856209,-1.9760480180305813
2026-07-13,APP,89.6,82.62976228527896,0.4313174856852637,6.587722745719981,-1.968521592579566
2026-07-13,ECHO,84.4,80.7904024667384,0.6033601644492259,5.247022424425398,-1.5000025431315103
2026-07-13,GNRC,82.6,79.40488588551105,0.6129923923674042,6.9257689615969165,-1.9492166841948586
2026-07-13,RDDT,84.6,79.31579052973122,0.49371936864874794,6.254590453080635,1.87365809907074
2026-07-14,MRVL,98.2,92.63220699188759,0.6108137994591722,10.493791295887474,6.45428613235395
2026-07-14,SNDK,96.2,92.44824294296843,0.7118828628645621,14.698868451033709,7.94697823886278
2026-07-14,INTC,94.9,91.0008547928606,0.6890569861907053,9.731381036742142,4.712956246030211
2026-07-14,GEV,88.8,87.35918812586357,0.7919458750575715,6.255780430523747,2.730670570668772
2026-07-14,VRT,87.1,84.88657740971196,0.7234384939807975,7.524905915452101,3.1582057136426056
2026-07-14,AXON,92.5,84.37010139453302,0.38300675963553515,7.063076666085412,-3.7511687535006817
2026-07-14,APP,90.7,81.15083468952133,0.27038897930142236,8.163311505136146,-2.111325725336012
2026-07-14,FDS,86.5,77.80276632053071,0.2851844213687149,5.083425880641545,-3.5916469216575884
2026-07-14,TSLA,75.4,71.47024071157377,0.492016047438251,5.038684694756639,1.0867306518435784
2026-07-14,CVNA,78.4,69.96225880679518,0.22148392045301196,5.819905614728427,1.8002859467581178
2026-07-15,SNDK,96.4,93.16644681822339,0.7484297878815599,13.245160657900785,-2.3056916217229917
2026-07-15,AMAT,95.1,92.46578991284599,0.7753859941897331,8.874311594397529,2.464326401705583
2026-07-15,LRCX,94.0,91.03445081160224,0.7422967207734834,8.582573338329112,3.2216104304689046
2026-07-15,AXON,91.3,83.35667189000905,0.3834447926672713,7.080339373957327,1.2590020329437714
2026-07-15,GNRC,84.1,79.84869848397612,0.5575798989317411,6.51113044173413,0.8351123505639083
2026-07-15,VRT,81.0,79.56655863431294,0.7144372422875299,7.006155889763161,0.8795090407248544
2026-07-15,CVNA,86.4,78.81251967058986,0.35816797803932465,5.750212674839718,1.1651033345051685
2026-07-15,MRNA,77.7,77.42117765296011,0.7584118435306741,8.233773816322302,0.5189775525663455
2026-07-15,HOOD,80.6,76.80724941547302,0.553149961031536,5.884845221614438,1.3398010695005917
2026-07-15,SW,79.1,75.20350341510536,0.531233561007024,4.282384093216535,1.4448821582136584
2026-07-16,SNDK,98.3,93.84770238392565,0.6861801589283776,14.942039007214728,-5.418576456075852
2026-07-16,WDC,98.4,93.51148830645127,0.6580992204300846,11.32481414583103,-5.285698419778222
2026-07-16,MU,96.4,92.75556429016628,0.7210376193444187,10.063098213376929,-4.148052434022124
2026-07-16,FIX,89.3,87.68077709766906,0.7850518065112706,6.298769159207652,-3.120858680009891
2026-07-16,MRNA,84.9,83.75315518578037,0.7725436790520247,8.09481990663521,-1.7721135121630074
2026-07-16,CAT,84.9,83.74361976205664,0.7719079841371086,5.163902251167438,-2.464176808763161
2026-07-16,VRT,83.3,81.57993020233383,0.7183286801555891,7.081764445281026,-2.4854736652254723
2026-07-16,FCX,80.1,78.65261970132745,0.7045079800884972,4.032429171712231,-2.3290174761557965
2026-07-16,ALB,82.1,75.59406127476119,0.38727075165074654,4.956021325293079,-2.4450821505498403
2026-07-16,ERIE,86.9,74.13862081415253,0.01824138761016791,4.792942674543068,1.9934356500016115
2026-07-17,SNDK,97.5,91.83449080512908,0.5972993870086051,16.045541695957496,-3.2510560300398796
2026-07-17,STX,96.2,91.25176632365033,0.6321177549100219,11.208065413255838,-3.2931344638511466
2026-07-17,INTC,95.9,91.0936403836551,0.6385760255770067,9.457030689785196,-4.990723654103812
2026-07-17,MRNA,92.9,89.25857315952416,0.6862382106349443,8.925574166506573,-2.327792850647387
2026-07-17,HOOD,93.4,86.41061710525925,0.46804114035061656,6.309051696988287,-5.329177584777709
2026-07-17,VRT,86.0,83.25820789335965,0.6772138595573104,7.175037590177738,-5.066129896499013
2026-07-17,APP,92.9,82.26844172431011,0.22022944828734003,8.1262511942314,-3.003594637396914
2026-07-17,RDDT,88.7,81.78513907258703,0.42600927150580176,6.8927471072432205,-2.0079894909884928
2026-07-17,IBKR,79.6,80.6062858933552,0.8630857262236811,4.398345340840755,-2.8304962978695696
2026-07-17,CAT,82.0,80.41464358394535,0.7143095722630234,5.2424262807824,-4.040266212009238
2026-07-20,AMD,95.8,93.45806261795276,0.8018708411968513,8.208898319602099,4.284329073742031
2026-07-20,STX,97.7,93.1944001989239,0.6766266799282601,10.27600862818101,2.8387942956466325
2026-07-20,WDC,98.4,92.69905421767724,0.6039369478451495,11.314638217553606,2.9629906740476204
2026-07-20,VRT,92.5,88.51494086822152,0.6593293912147681,7.263484627100373,1.8787133883386091
2026-07-20,GEV,89.3,88.10503127212208,0.813335418141472,6.21340849997383,2.189370313847787
2026-07-20,FIX,89.8,87.49340955160002,0.7442273034400013,6.367966078212617,1.5501206804774716
2026-07-20,FCX,80.2,77.66972522226797,0.633315014817865,4.62487275358082,1.0962647789295417
2026-07-20,HOOD,84.3,77.63438044774145,0.39862536318276304,6.910906515721277,2.5310112069517556
2026-07-20,APP,84.2,74.48475547271859,0.19431703151457255,7.945189453991597,1.2248507996397469
2026-07-20,RDDT,79.3,73.38404194440048,0.39860279629336565,6.97818382648663,-1.2032193199622834
2026-07-21,AMAT,96.9,92.14312118765854,0.6518747458439016,9.17198619911207,7.466235322159847
2026-07-21,LRCX,97.0,91.84112024912457,0.6260746832749711,9.378899400290356,6.966356251427588
2026-07-21,DELL,94.0,91.3462232582879,0.7630815505525276,8.43028505981247,3.3047017271983634
2026-07-21,HOOD,92.2,84.23254191141758,0.3908361274278384,6.899964953264359,3.5606403158483304
2026-07-21,CAT,86.1,83.60585727404947,0.6947238182699653,5.102559210261299,2.6830964675382014
2026-07-21,VRT,86.5,83.53934728554934,0.6676231523699568,7.142367621608775,3.9016607266190344
2026-07-21,GNRC,85.6,80.00508372153752,0.48300558143583494,6.122927073956414,2.1055125407568873
2026-07-21,ECHO,77.3,74.01884777521506,0.5542565183476709,4.954056158935424,1.915195054213211
2026-07-21,COIN,83.5,72.01594134173095,0.06939608944873005,5.810277321618456,4.650007513834015
2026-07-21,APP,79.4,70.40710157135307,0.19447343809020412,7.708113076773823,-1.2976942266651037
2026-07-22,SNDK,98.9,94.19033196163782,0.6750221307758549,13.269894617283882,-3.9889281137663963
2026-07-22,TER,96.2,92.58650578221837,0.7211003854812246,9.42164232489653,-3.045132709932972
2026-07-22,DELL,93.9,92.20250039475545,0.8258333596503631,7.9940268801718855,2.521341728392116
2026-07-22,GEV,88.1,87.58678818706298,0.846785879137532,5.978882805510293,-5.357759539567929
2026-07-22,RDDT,94.3,86.60357950888161,0.429905300592107,7.056108612252237,-6.962980357510872
2026-07-22,HOOD,90.1,83.66403702886743,0.471935801924495,6.812106926375687,-1.5419324748375598
2026-07-22,CVNA,90.3,80.30168592749791,0.23644572849986173,5.9913738616944014,-1.9975680869346097
2026-07-22,COIN,90.9,79.17811414888443,0.12754094325896237,5.776432908645777,-2.047202717409319
2026-07-22,FIX,77.9,78.35063220475755,0.8090421469838361,5.843818354736479,-3.1863372326324213
2026-07-22,VRT,79.4,78.2608025744235,0.7180535049615653,6.4783019804769975,-3.3645304161535305
2026-07-23,AMD,85.6,86.76249117667578,0.9334994117783856,7.004354286503606,-1.3741832999516541
2026-07-23,TER,87.8,85.27200234740168,0.7094668231601128,8.704015345755936,-1.756615163881447
2026-07-23,MPWR,87.9,85.24802933317169,0.7022019555447786,6.112023468865264,-2.763051516126515
2026-07-23,MRNA,88.5,84.23660774337304,0.6007738495582037,8.098230524383911,-1.4981900059529512
2026-07-23,FCX,82.9,82.69424641695815,0.8152830944638761,4.289011274065291,-3.6307701697716346
2026-07-23,RDDT,87.9,79.60584538224565,0.3260563588163763,7.371882903759784,2.3711663166763746
2026-07-23,ECHO,83.3,79.3721599206317,0.5711439947087802,4.844726417769852,-2.1781557897911625
2026-07-23,AXON,88.3,79.21333371211719,0.2772222474744803,6.44062099484665,1.648051082312583
2026-07-23,META,83.3,76.56309752690784,0.383873168460523,4.379082357625216,-2.991216141846575
2026-07-23,HOOD,81.9,76.3710134570979,0.4504008971398598,6.47697404970066,-2.4885203100858067
2026-07-24,SNDK,97.3,92.96717004124409,0.6841446694162727,11.407129682856244,-3.674086591368001
2026-07-24,TER,96.3,92.66045615375141,0.7203637435834279,7.612230617124044,-2.341137123745819
2026-07-24,MU,92.3,90.43316289284923,0.7985441928566154,7.225956978179066,-3.1488262069561497
2026-07-24,GEV,80.3,79.81736914169805,0.770824609446537,6.552839099327958,-0.8141039937458479
2026-07-24,FCX,78.8,78.59077474737592,0.7740516498250618,4.462317433480605,-1.4803127979669044
2026-07-24,AXON,87.3,78.3750474338158,0.27800316225438676,6.24749684377087,1.5958540762185054
2026-07-24,VRT,78.9,77.80868150402556,0.7162454336017041,5.987934581847547,-1.164323261883753
2026-07-24,DECK,82.4,75.68232637196263,0.37615509146417475,3.9065622383911784,-2.3069740655300195
2026-07-24,TTD,85.9,73.015,0.0,5.459456128646918,1.0124964840716517
2026-07-24,RDDT,80.3,72.98463027953913,0.31530868530260925,7.3003321452987615,0.4265915546335711
2026-07-27,SNDK,92.7,87.92107750782277,0.6084051671881845,13.15619928111962,1.8398069389801417
2026-07-27,MRVL,91.4,85.47687227703493,0.5191248184689958,8.5921705411036,2.3116952025589956
2026-07-27,MU,86.3,84.39610252465931,0.7360735016439552,8.101107615782198,1.2487105540549988
2026-07-27,MRNA,87.2,82.12218651969216,0.5334791013128103,7.213135600540227,1.257629570952029
2026-07-27,HOOD,90.3,81.86668367010743,0.3407789113404959,6.759035004791208,2.1810131861269944
2026-07-27,SW,79.5,79.99232369239482,0.8278215794929876,4.132587839400397,1.6474448402725181
2026-07-27,RDDT,84.5,76.54959201930559,0.31497280128703947,7.081516966884779,2.729218931389165
2026-07-27,APP,87.8,75.9161964425286,0.08574642950190664,6.542152936075861,3.2583302249750687
2026-07-27,UAL,75.8,74.23791511921262,0.6538610079475079,4.048846317722006,3.1538035535678404
2026-07-27,DECK,79.5,73.15309296099414,0.3718728640662762,4.005770844553017,2.7592685345866808
2026-07-28,DELL,93.1,92.48448905155308,0.8899659367702063,7.381784378975098,-6.00829066464927
2026-07-28,SNDK,98.8,92.07092917544682,0.539395278363122,14.682825044113942,-8.185538321080749
2026-07-28,LITE,97.0,92.05561758859697,0.6403745059064652,9.831530202874543,-4.833141344698855
2026-07-28,GEV,89.3,86.63900889035665,0.7156005926904433,6.116415574797697,-4.790430163813221
2026-07-28,VRT,84.3,81.42937988193437,0.6516253254622911,5.820087966477475,-5.222537973745334
2026-07-28,HOOD,84.4,76.97883106493586,0.3492554043290564,6.77619326753887,-3.1207533327053274
2026-07-28,FCX,76.5,76.3141699825067,0.752611332167114,4.565643150091861,-2.0089319383089506
2026-07-28,MRNA,78.8,75.37586114348497,0.559724076232332,6.691147466224952,-1.4362749793922007
2026-07-28,FIX,75.2,75.28174402014933,0.7574496013432888,5.6325291403366755,-3.7690324382013856
2026-07-28,COIN,85.6,74.34039719740561,0.10535981316037482,5.290722005039931,-2.991229089087037
2026-07-29,STX,96.2,91.2764793160713,0.633765287738087,10.37172033747188,5.292384375620469
2026-07-29,SNDK,95.8,88.33017898405728,0.4600119322704858,17.66225665306446,2.11915225445864
2026-07-29,FLEX,93.5,88.0024601506365,0.568497343375767,7.544516924890604,-11.714333321030756
2026-07-29,VRT,87.1,82.74574198969837,0.5807161326465589,6.457614655942008,-8.743876049452153
2026-07-29,FIX,81.6,79.59483503351395,0.6823223355675964,6.5562998702193855,-1.1264663100803112
2026-07-29,CAT,79.6,77.54555850426857,0.6590372336179043,4.615396843578254,-3.6415527152569966
2026-07-29,MRNA,80.2,76.6100231294892,0.5626682086326134,6.167777129769196,-1.3708438051517862
2026-07-29,NCLH,79.0,75.08827043046972,0.5292180286979818,3.8373508464941657,-3.3930223216424484
2026-07-29,CSGP,83.6,71.74661223037113,0.04577414869140945,5.115161642878412,-14.177379650105602
2026-07-29,CHTR,82.3,71.38332685834808,0.09522179055653941,4.722951340287579,-1.3931534837721793
2026-07-30,MU,97.4,91.36939127154457,0.5719594181029706,10.645273984020093,7.3261183556748986
2026-07-30,LITE,98.2,91.32605593783502,0.5237370625223347,12.053705236335887,9.8879389014097
2026-07-30,SNDK,99.0,90.52577320918712,0.42505154727914235,18.362111538306188,11.725678311584801
2026-07-30,FIX,94.5,89.40846221053286,0.6055641473688569,7.12344756662025,11.127925668786249
2026-07-30,VRT,95.2,86.88792514634952,0.39786167642330067,8.687424515644505,6.348638848793291
2026-07-30,GEV,90.5,85.35505330767435,0.562003553844957,7.019452420344938,6.522411782141353
2026-07-30,CSGP,89.7,76.82399277654338,0.038599518436224875,6.074900843858134,-5.229632819082386
2026-07-30,CVNA,83.5,74.80316808541654,0.2552112056944371,5.669052742397085,-11.112784930335183
2026-07-30,GS,77.0,74.64254339255376,0.612836226170251,4.337422116108982,2.7132281775745604
2026-07-30,VST,85.9,74.47515953789025,0.09734396919268326,5.255734573781766,3.634201057441259
2026-07-31,MU,96.6,92.52481671854673,0.6943211145697817,9.807811754972583,5.143719005202147
2026-07-31,LITE,97.9,92.5116052445876,0.6197736829725066,10.99870528512027,7.899141788850263
2026-07-31,SNDK,99.1,92.3372396378585,0.5401493091905666,15.108167966483677,8.103776744725444
2026-07-31,VRT,97.0,88.6808868921094,0.41539245947396014,8.832339970994408,8.514283567994505
2026-07-31,GEV,88.6,85.69490948755487,0.6923272991703249,6.704029041748045,6.009288472200468
2026-07-31,FIX,83.5,81.98405671580518,0.7339371143870121,6.989299147548245,4.697734260666252
2026-07-31,RDDT,85.6,78.42265857374441,0.3775105715829618,6.506965070352255,-17.04111294204017
2026-07-31,ERIE,87.1,76.4864588458478,0.1634305897231877,5.540169336933784,2.940041584722587
2026-07-31,CMG,76.1,74.46431880958359,0.6519545873055731,4.083222463920631,-1.4278277012577112
2026-07-31,CSGP,86.8,74.27935420007515,0.03329028000500963,6.088159077209498,-1.4935459619239853
2026-08-03,MU,98.6,93.52628412585395,0.6477522750569302,10.737067386074797,-4.4554928301510675
2026-08-03,SNDK,99.4,92.16642530908105,0.511761687272069,15.612290771732894,-4.526558631543947
2026-08-03,AMD,94.9,92.00862616124284,0.7562417440828563,8.79359852073362,-3.0158533100148226
2026-08-03,BAX,85.4,86.78178059881516,0.9461187065876775,4.671799064945034,3.134555426632916
2026-08-03,FIX,85.7,84.19884048181498,0.756922698787666,7.044035559376832,-3.201151477597847
2026-08-03,VRT,88.3,82.11545373498595,0.4706969156657304,8.537278189952993,-1.90007511591424
2026-08-03,DXCM,77.5,80.875,1.0,4.044335462667843,2.156983963551515
2026-08-03,GEV,81.0,79.43374498071243,0.7055829987141627,6.727330760528847,-1.5419683966217135
2026-08-03,EXPE,76.0,78.46736398567673,0.9244909323784489,4.008374665785486,2.9449764134337815
2026-08-03,CMG,79.1,75.78481138174776,0.5699874254498505,4.133722675295392,3.0359946704929794
2026-08-04,LITE,98.3,94.22495338500312,0.7113302256668751,10.47655099961623,9.291690425473469
2026-08-04,COHR,97.5,91.75979188727774,0.59231945915185,10.26856997061266,13.094321701477224
2026-08-04,MU,95.8,91.2338202545632,0.6535880169708808,10.728408470538135,4.499096723835895
2026-08-04,VRT,94.7,88.8219121789584,0.5551274785972267,8.171153809628445,4.622696911767128
2026-08-04,ETN,86.0,88.1,1.0,4.751582049590861,2.980169598426064
2026-08-04,FIX,86.3,85.15559852465522,0.7867065683103484,6.986121206458897,2.199941493154258
2026-08-04,BAX,77.0,80.45,1.0,4.534823613549801,-1.2811409447131588
2026-08-04,HOOD,89.4,80.31645907140222,0.28843060476014776,7.1788324938722825,2.5182661258584966
2026-08-04,FCX,77.9,77.8834985182135,0.7778999012142334,4.597288259552319,4.006918724409339
2026-08-04,CVNA,86.2,77.02589450215997,0.25039296681066503,6.188570091602018,2.1775328915983323
2026-08-05,AMD,94.2,92.89453545404372,0.8549690302695807,7.964056436912341,-6.571795280715455
2026-08-05,SNDK,96.3,90.9226281474189,0.6045085431612608,12.964469036452146,-2.020844180146785
2026-08-05,INTC,93.6,89.60940698798244,0.6699604658654965,7.888586634626135,-1.5466959638642346
2026-08-05,EXPE,78.5,81.725,1.0,3.9584865263833953,3.505736886174303
2026-08-05,ECHO,85.8,81.40882525100909,0.5652550167339403,4.769963101786798,-2.128817664547344
2026-08-05,FCX,79.1,80.4125709019347,0.8785047267956471,4.421565924816183,2.451699586425619
2026-08-05,FIX,79.8,79.68364248591234,0.7902428323941559,6.90249017245215,-0.8384678280528834
2026-08-05,AXON,84.1,78.94914563621799,0.497609709081199,4.641092854382174,1.6551362962657683
2026-08-05,CMI,78.1,77.62967224415661,0.7496448162771076,4.568796052340141,1.4026012016427936
2026-08-05,CMG,83.8,76.56417324016428,0.3556115493442858,5.022387619587956,2.4541745669551562
2026-08-06,WDC,97.9,93.15008802718387,0.6623392018122572,9.674920884751241,-17.389288909898696
2026-08-06,ANET,91.3,92.60499999999999,1.0,5.6120536933678595,-2.483398690950396
2026-08-06,SNDK,98.5,92.2884243013539,0.5708949534235941,13.026736271515677,-13.124027414614957
2026-08-06,VRT,91.9,87.31982660768993,0.6136551071793286,7.45957673428632,-2.4501682013294923
2026-08-06,RDDT,92.8,82.24736742779876,0.22449116185325158,8.702590393010917,-2.782424461080013
2026-08-06,MRNA,84.5,80.37858320968512,0.5702388806456747,5.5645842421798415,2.2842410861501774
2026-08-06,DVA,83.3,80.08576415933274,0.6187176106221827,4.872316481534443,-1.4203232285200342
2026-08-06,CRL,75.4,79.09,1.0,4.205935727777533,1.5994221418418912
2026-08-06,FIX,78.4,78.07297365178886,0.7621982434525905,7.011760313540896,-0.9147964679584054
2026-08-06,AXON,81.2,76.54956984528529,0.5019713230190195,4.5945914395618,-3.3372108067748436
2026-08-07,COHR,98.6,94.72570149247306,0.7277134328315382,9.514904422001672,7.71946253926666
2026-08-07,LITE,97.3,94.28487694773435,0.7719917965156233,9.546009914641692,3.8111832726120705
2026-08-07,DELL,91.1,91.18766720920615,0.9168444806137444,8.128804891459158,1.6680037501093898
2026-08-07,VRT,90.6,86.05150821076775,0.6027672140511843,7.324460005852269,3.5432639910673123
2026-08-07,MRNA,89.8,84.27919213648708,0.5299461424324726,6.219166082215902,1.7266993959094774
2026-08-07,EXPE,80.6,82.05036619958273,0.9026910799721821,4.556869343858506,1.6015929623920158
2026-08-07,TPL,86.2,77.89444440241341,0.3082962934942281,5.090420524922721,1.4621475298817224
2026-08-07,PWR,78.9,77.79839271127179,0.7155595140847861,5.088900995266723,2.270000679041676
2026-08-07,FIX,78.3,77.73466267136335,0.7453108447575574,6.872039583460901,2.7515187375011676
2026-08-07,DVA,79.5,75.97823800421189,0.5602158669474593,5.271254179233469,0.7029414320762604
2026-08-10,LITE,96.1,94.09062250498779,0.8270415003325204,9.159230345743191,4.5923818672437156
2026-08-10,COHR,92.6,91.60504577165806,0.8596697181105375,9.06379625047451,1.070872129956762
2026-08-10,DELL,88.4,89.57149914072924,0.9620999427152828,8.114400352523148,1.0600078619233735
2026-08-10,VRT,94.1,88.8631880145309,0.591879200968727,7.519929613032203,1.7914849457254274
2026-08-10,TTD,97.9,83.215,0.0,9.30434761061099,-2.3550710490811246
2026-08-10,BAX,81.3,83.14882334790744,0.9362548898604969,4.869068548618323,-1.5607927758078124
2026-08-10,MRNA,85.7,82.13419819482166,0.6192798796547776,5.954393187828556,0.9802295910144118
2026-08-10,TPL,90.0,80.27986213442324,0.2519908089615491,5.442956789716842,1.6585921026616184
2026-08-10,GEV,81.0,79.43446349958217,0.7056308999721452,6.145748737334906,1.3743017661872559
2026-08-10,FIX,80.5,79.39844256070589,0.7315628373803931,7.157524906434734,0.7872276082690992
2026-08-11,DDOG,92.3,91.24221030783097,0.8524806871887316,6.827265367968558,-1.5913773739973804
2026-08-11,MRVL,96.0,90.23273263758388,0.5755155091722591,8.534715271486085,1.649406636783164
2026-08-11,LRCX,93.3,88.64353714169974,0.6225691427799835,7.711908678336851,2.816581284178518
2026-08-11,FIX,88.5,85.98507609737962,0.7173384064919751,7.094195110821437,1.5022351205575917
2026-08-11,VRT,89.0,84.39258086322661,0.5828387242151082,7.4882326064698574,1.9992572286039976
2026-08-11,CVNA,90.4,83.65036755226441,0.45402450348429446,5.47754000831838,-1.6181290700904294
2026-08-11,PWR,83.3,81.28472060525866,0.6986480403505773,5.406916443547143,1.3830485807935882
2026-08-11,EXPE,78.2,80.823794109561,0.9569196073040671,4.570599569379877,-0.9872316190905663
2026-08-11,APA,79.1,80.16920574594442,0.862280383062962,3.9579994582051192,-1.2920496669486616
2026-08-11,CRL,76.6,80.11,1.0,4.10933511782209,-0.7725684651398916
2026-08-12,DELL,92.9,92.85747661784347,0.9261651078562311,7.978190558215548,4.152209335761526
2026-08-12,DDOG,94.0,91.55534837078179,0.7770232247187865,7.309517894305825,-2.6703932127758323
2026-08-12,TER,92.6,89.58456483263996,0.7249709888426643,8.11277679340852,4.463063165340856
2026-08-12,VRT,92.4,87.97300130279382,0.628866753519587,7.269082285163547,5.847915662715838
2026-08-12,FIX,86.1,84.08807847288996,0.7268718981926652,6.852918787570296,4.854710986132559
2026-08-12,ETN,80.6,83.50999999999999,1.0,4.24350644928166,3.6425744426168345
2026-08-12,TPL,81.9,74.7651235425504,0.34334156950335953,5.160894072018493,-1.1233816724121077
2026-08-12,PODD,86.6,74.39156324741984,0.0521042164946555,5.942838622612627,-1.8659274396584478
2026-08-12,ECHO,77.7,73.98324378377382,0.5292162522515873,4.855811621626594,1.6480983097483766
2026-08-12,CVNA,79.1,73.22374019130753,0.39924934608716883,5.791667907957047,1.1111153496636283
2026-08-13,DELL,95.6,96.25999999999999,1.0,7.601945807619923,3.133125423277864
2026-08-13,HPE,92.9,93.965,1.0,5.51563614286606,4.099336298488798
2026-08-13,COHR,90.2,88.52975799616966,0.7906505330779771,10.51002531600135,-3.0255340575951903
2026-08-13,TPL,92.5,82.52430895266524,0.2599539301776823,5.720621248110085,-1.8321320362286408
2026-08-13,ECHO,85.2,80.95074950089155,0.5687166333927697,4.810038680735702,-1.5459462758657094
2026-08-13,CNC,75.4,78.50833085258482,0.9612220568389878,4.612451570391163,1.0287795505379993
2026-08-13,CF,79.4,78.20045329833893,0.7140302198892615,4.1222760325191095,-1.958168846171231
2026-08-13,APP,89.6,76.16,0.0,8.064684398145591,0.7308405153186663
2026-08-13,HOOD,83.5,76.08668367010743,0.3407789113404959,5.439212502555686,1.6858059344484633
2026-08-13,DVA,78.6,75.3040544540297,0.5662702969353142,5.451399057411575,0.7603332687672176
2026-08-14,STX,97.2,94.86348343321812,0.8162322288812075,8.522092847434338,2.1587434748086975
2026-08-14,SNDK,99.4,94.20607865721244,0.6477385771474959,10.970232621812546,7.7756227953735175
2026-08-14,MU,96.8,93.67637591234234,0.7597583941561553,8.247414801819872,3.104765032034733
2026-08-14,RDDT,93.1,82.79053838610035,0.2437025590733578,7.251049603556013,11.168735269072714
2026-08-14,HOOD,87.5,80.25300651006687,0.3918671006711245,4.971533866480938,-1.3786884459245468
2026-08-14,MRNA,82.0,80.11975081248428,0.6946500541656184,5.8747620747986815,-1.194033178336164
2026-08-14,COIN,90.6,77.79052631852973,0.05203508790198276,5.77786967013508,-1.6114332851807307
2026-08-14,APA,76.9,77.63829226149554,0.8182194840997018,3.9678573608398438,1.25
2026-08-14,TTD,88.9,75.98315585019655,0.027877056679770505,8.857927879298895,-0.4464322265406113
2026-08-14,GEV,75.0,75.7485655909881,0.7999043727325399,4.969588275890388,-0.6975346432163692
2026-08-17,STX,97.0,95.52473264438483,0.8716488429589886,7.925208215085078,1.7350853268898976
2026-08-17,LITE,95.8,94.40090014331281,0.864726676220855,9.615516312215732,2.404599536123857
2026-08-17,WDAY,95.9,91.07709680295699,0.6374731201971329,6.6938224174260474,-3.1155563774951442
2026-08-17,VRT,89.8,86.47228935625289,0.6761526237501922,6.4865240116360505,1.3749008287749276
2026-08-17,FIX,86.6,85.44415783907404,0.7889438559382693,5.880940749048723,1.236707928797022
2026-08-17,MRNA,85.9,83.35147309945424,0.6890982066302824,5.901092879272473,2.2978550822286556
2026-08-17,CVNA,86.7,81.04931158763816,0.49028743917587686,5.384783246631447,-1.296462197402998
2026-08-17,CNC,77.3,80.25632807874543,0.9700885385830285,4.588282152253951,-1.1412542737951843
2026-08-17,PWR,79.9,79.30037711546845,0.7590251410312301,4.9457760982287,1.3444501602909267
2026-08-17,TTD,92.8,79.14804860444181,0.017869906962788184,8.860881919407777,-2.4964684038061993
2026-08-18,COHR,98.9,95.729952216194,0.7776634810795998,10.637004324115908,-7.5764523024470805
2026-08-18,LITE,96.3,95.5075728284724,0.9101715218981613,8.924693455900758,-6.153369141799991
2026-08-18,SNDK,98.7,95.305438150839,0.7606958767226003,8.811959922949395,-6.117465820687771
2026-08-18,FIX,91.0,90.34375795342272,0.866250530228182,5.214317366840428,-3.9879233985742437
2026-08-18,VRT,89.7,86.30415561939924,0.670610374626616,6.061328822816458,-3.9086252990655943
2026-08-18,PWR,83.5,83.68796721308566,0.8475311475390442,4.5915182647419295,-1.9174558891266058
2026-08-18,CVNA,91.6,83.12220842849358,0.35081389523290557,5.9026151269988,-3.524031559940768
2026-08-18,MRNA,80.2,78.79415799417784,0.7082771996118559,5.808919493113449,-2.202913728069485
2026-08-18,CHTR,86.6,75.56603175374919,0.13040211691661233,5.1447409610776695,2.1165771434997454
2026-08-18,RDDT,83.5,75.27338164787957,0.286558776525305,7.75063067894628,0.9726480872435409
2026-08-19,LITE,97.2,94.74259963666432,0.8081733091109545,10.273058384439246,2.1630365736389154
2026-08-19,SNDK,97.8,93.48567119198744,0.6903780794658296,9.948767402494918,3.4829435089376424
2026-08-19,CIEN,95.6,90.11243195633652,0.5901621304224351,8.242447456435846,2.4559824543118665
2026-08-19,CVNA,90.5,80.25106344330536,0.22173756288702356,6.40164804982615,1.2769258939302883
2026-08-19,MRNA,81.1,79.18062503529748,0.6830416690198333,5.97465629076843,84.27572797039562
2026-08-19,FIX,77.8,77.58492675080736,0.7636617833871575,5.671471117088346,0.6779469236852758
2026-08-19,BLDR,90.6,77.300264517146,0.019350967809733916,5.181265164517053,3.815430489302319
2026-08-19,RDDT,85.5,76.34363755521535,0.244575837014357,8.079531219144945,-1.004737022363744
2026-08-19,HOOD,80.3,72.7859268376921,0.30206178917947396,4.8866087459338114,1.496780033708371
2026-08-19,NCLH,79.2,70.80148211813646,0.23209880787576395,4.6807830059652495,1.6467859064595538
2026-08-20,MRNA,96.5,97.02499999999999,1.0,6.6674180161059695,-13.900679443984373
2026-08-20,COHR,94.5,89.18026200224054,0.5903508001493688,13.495570030712912,1.419273856381711
2026-08-20,CRWD,86.7,86.09656260264784,0.8267708401765216,4.611522684427652,-2.154937814552176
2026-08-20,KEYS,85.8,84.16725850638595,0.749150567092397,4.665383704264883,-1.499454801027691
2026-08-20,STLD,84.5,81.89047475917528,0.6710316506116852,4.157518355260139,-1.7921299892182492
2026-08-20,VRT,83.9,79.52104501363566,0.5470696675757104,6.097208324781062,-0.9252906302382662
2026-08-20,COIN,91.9,79.27939198019148,0.07762613201276437,5.5332603304446355,7.8339596072604785
2026-08-20,FIX,76.5,76.0141518900598,0.7326101260039866,5.457395412005001,-0.9958382406836157
2026-08-20,CVNA,81.6,74.75534458756357,0.3596896391709046,5.499614151446354,-1.1073236119571366
2026-08-20,RDDT,84.0,74.40967401313442,0.20064493420896187,8.402544502141312,-1.384223855105579
2026-08-21,LITE,90.5,89.14315072424627,0.814543381616418,9.896505026017307,2.1995229251115704
2026-08-21,STX,91.3,88.71225474312254,0.7404836495415038,7.883572747173988,1.4584146307496475
2026-08-21,MU,87.9,86.4461454730801,0.7820763648720057,6.025165422586013,1.5754390521381285
2026-08-21,STLD,89.0,84.57028435218146,0.594685623478765,4.648400472801492,2.853881278538813
2026-08-21,VRT,87.8,83.05006989797795,0.5613379931985305,5.705351331467934,1.3490561381350823
2026-08-21,AXON,86.2,82.50203942336648,0.6154692948910989,6.797258078170626,1.562852120163322
2026-08-21,NEM,80.2,82.14299497199242,0.9315329981328283,3.829967088266685,2.7264147165306936
2026-08-21,FCX,78.3,81.34884277680592,0.9862561851203953,3.7298903157100756,4.549280831558997
2026-08-21,HOOD,88.2,80.1143288256693,0.34295525504462016,4.979569049568705,6.309148366214473
2026-08-21,MRNA,79.3,78.35355975483958,0.7299039836559724,10.916966940600208,-0.15752077882539836
2026-08-24,MRNA,97.4,94.90386667761408,0.8075911118409385,11.097095759483366,-1.6743663286805925
2026-08-24,LITE,96.4,93.95205645132455,0.8008037634216368,9.657966134607236,-4.973987296073845
2026-08-24,COHR,97.6,91.90472277592195,0.596314851728131,12.333221807179356,-4.911578391926376
2026-08-24,MRVL,95.3,91.31882798834113,0.687588532556075,7.397486491284081,-3.2990180083198513
2026-08-24,VRT,88.8,83.74205768009138,0.5508038453394256,5.260218990262569,-1.889678173833802
2026-08-24,FIX,85.7,83.3690624858718,0.7016041657247867,5.176425412620753,-1.5468610106337524
2026-08-24,FCX,80.1,83.085,1.0,3.8034354026523594,2.2567122944114137
2026-08-24,HOOD,86.6,80.99316015278364,0.492210676852243,4.878914819875738,-1.1791306102563253
2026-08-24,TPL,87.6,80.6620475221852,0.4134698348123477,5.2048419112966124,-1.582214339601989
2026-08-24,STLD,83.0,80.38311963740453,0.6555413091603025,4.400720849026061,3.043557345104069
2026-08-25,MRNA,97.1,94.03315769348785,0.7665438462325236,12.228228861904764,3.3191739006481336
2026-08-25,STX,95.1,91.03107836256189,0.6797385575041263,8.28675702560706,2.49795192551261
2026-08-25,CIEN,97.7,90.92321850833528,0.5252145672223522,7.9805254572022175,3.8661040175555454
2026-08-25,WDC,94.9,88.69797705171624,0.5355318034477486,9.225272326669359,2.6046203800615313
2026-08-25,FIX,87.2,84.14385505064877,0.6682570033765844,5.247371624354891,3.3913418035608927
2026-08-25,PWR,85.7,81.72274513289203,0.5918496755261351,4.4325828359670325,2.6216774444837196
2026-08-25,VRT,84.6,79.76051662373351,0.523367774915568,5.3624804281937015,3.1846864644122577
2026-08-25,COIN,87.6,76.7991421235564,0.1559428082370935,5.087712473474955,-1.9389323659344722
2026-08-25,ALB,76.4,72.16839722222608,0.48189314814840495,4.009812811064569,-3.6817127109890784
2026-08-25,MOS,77.9,70.1069926879052,0.25946617919368054,4.738096396128336,-0.9583314259847006
2026-08-26,MRNA,98.5,97.19066215484168,0.8977108103227783,11.529983168134436,-2.915069463851907
2026-08-26,SNDK,94.6,89.81025447719378,0.6266836318129194,9.080801452060335,-1.701822221533415
2026-08-26,PANW,87.1,85.72630623404893,0.7794204156032621,4.374186276463045,-2.7772882056247337
2026-08-26,HOOD,91.2,85.58357234282529,0.5375714895216868,5.144461918757345,-1.7708921811125342
2026-08-26,DDOG,88.3,84.78699209340827,0.6487994728938855,7.4870437934459355,-1.1345794506357076
2026-08-26,PWR,87.7,82.95029273037763,0.5603528486918418,4.6485709479683,1.525383499057654
2026-08-26,NEM,79.6,82.66,1.0,3.6845379469187765,-1.849933410752625
2026-08-26,COIN,92.7,81.60209290122286,0.18713952674819068,5.190362975198727,-2.94401028949141
2026-08-26,MOS,83.3,74.9483897526485,0.27622598350990024,4.1791760285497155,2.3485771902483954
2026-08-26,RDDT,83.0,74.64182527799348,0.27278835186623185,5.658621693679056,-0.8925804712105766
2026-08-27,MRNA,96.8,94.840847205043,0.8373898136695339,12.639268198911497,-3.6616402861384825
2026-08-27,LITE,95.6,94.41729197938986,0.8771527986259907,8.71637959982646,2.0979042796560923
2026-08-27,SNDK,93.8,89.25081827863457,0.6347212185756382,8.369376749370169,3.3380719229487577
2026-08-27,CRWD,91.0,88.39798161612715,0.7365321077418109,4.875175574137511,10.080351021527493
2026-08-27,FIX,88.7,85.4514362126631,0.6704290808442065,5.326781861619527,2.3055166121526183
2026-08-27,GEV,84.1,81.17865198314615,0.6462434655430771,4.401668664858522,2.718523163023336
2026-08-27,HOOD,86.5,80.9786075149446,0.4969071676629741,5.3949809252586345,1.9900460793213817
2026-08-27,VRT,84.4,80.11172231212299,0.5581148208081987,5.0108043600572865,3.4835686768713523
2026-08-27,COIN,81.0,71.32928367365305,0.16528557824353718,5.432782962784724,2.5030273310113023
2026-08-28,SNDK,97.3,92.12860982228156,0.6282406548187709,8.33871736945875,-2.4882960629558784
2026-08-28,MRVL,95.2,91.49413830313608,0.7049425535424049,6.717451866787353,-6.705323108733266
2026-08-28,PANW,90.2,90.8944331890569,0.9482955459371262,4.5786301936548375,-1.4601008877558153
2026-08-28,MRNA,92.2,90.25100252710513,0.7920668351403418,13.527652441503129,-3.908385279870038
2026-08-28,COIN,93.3,82.32900721175837,0.20160048078389195,5.317068591698951,-2.4591036133535527
2026-08-28,FIX,83.0,80.59865098430399,0.6699100656202656,5.121867634792887,-0.797533408375382
2026-08-28,TPR,87.4,79.84479760189295,0.3703198401261967,4.808271927162647,1.0305130594572147
2026-08-28,VEEV,78.4,79.30554735370086,0.8443698235800573,4.044994879921536,-0.7549728302373346
2026-08-28,HOOD,83.8,78.89322971048676,0.5108819806991182,5.303777585915315,-1.0067450213440232
2026-08-28,GNRC,81.5,75.01603094455702,0.38273539630380143,4.52741820623975,0.6893408974773151
2026-08-31,CRWD,92.6,92.68861297100528,0.9319075314003524,5.413233231096383,1.5728081105217038
2026-08-31,WDAY,90.5,87.15726565078356,0.6821510433855708,5.68825705518278,-1.7829200247754078
2026-08-31,MRNA,88.2,86.37935419350195,0.7606236129001304,14.362739036330726,-2.819044303785571
2026-08-31,GEV,89.8,85.03880503983544,0.5805870026556964,4.678977808680578,-2.9640398362606244
2026-08-31,HPE,84.0,83.57102019873595,0.8114013465823972,5.156757050483277,1.4911083135530845
2026-08-31,AXON,86.2,82.03651407878372,0.5844342719189155,5.254913455715905,-1.6413339890026375
2026-08-31,PCG,85.7,79.78290254185802,0.4625268361238682,4.044747711046274,-20.120482384544225
2026-08-31,HOOD,82.5,76.84321256139128,0.4478808374260853,5.7753946731330545,-0.8056819010876022
2026-08-31,EIX,79.1,76.81567956959522,0.6387119713063476,3.7175021474418624,-20.60709628302673
2026-08-31,TPL,83.0,75.66688139743216,0.3411254264954781,4.4919744463354325,1.5423445419281268
2026-09-01,SNDK,95.5,91.12909196828187,0.6636061312187914,8.229426433915211,-2.5971751244272623
2026-09-01,MRVL,95.6,90.0757174209313,0.5877144947287538,7.891361897518473,-3.0945870445198196
2026-09-01,PANW,87.2,88.30196860276038,0.9454645735173587,4.729131013140547,-1.9653022975592005
2026-09-01,COIN,93.7,82.5105861673476,0.1910390778231736,5.981364008130482,-3.5456083043114592
2026-09-01,FIX,85.0,81.53806924462671,0.6192046163084471,5.5355962555885405,-1.7397558735903078
2026-09-01,VEEV,79.4,80.50053062413856,0.8673687082759038,4.251611045433396,-1.2496087695441644
2026-09-01,AXON,85.3,80.17180524152324,0.5111203494348833,5.203959953419663,-1.600890878865963
2026-09-01,RDDT,88.0,77.41671277683525,0.17444751845568382,6.150125917050776,-2.043166444992173
2026-09-01,ALB,78.7,73.43757574643953,0.43617171642930236,4.0421679189353075,-2.2004898820787404
2026-09-01,TPR,79.5,73.16390436021567,0.37259362401437757,4.470725580306292,-1.6289830182129768
2026-09-02,MRNA,93.1,92.15072161112009,0.8677147740746737,13.735334651478423,-1.860381342122575
2026-09-02,DELL,93.4,91.67079981457373,0.8187199876382482,5.694285160353203,8.717644186580882
2026-09-02,PANW,91.5,90.77503911740807,0.866669274493872,5.224431159901681,-4.443645640758317
2026-09-02,MRVL,95.6,90.00075258251275,0.5827168388341839,7.818812807502708,-2.4430816125100168
2026-09-02,EIX,97.6,86.50564793095856,0.236376528730571,6.882895159522606,-3.435374972744053
2026-09-02,PCG,98.0,85.32910943804416,0.1352739625362772,7.086971461369607,-3.5561876605806737
2026-09-02,COIN,90.2,78.84706629596324,0.14513775306421633,6.731622846006287,-1.4251805045117067
2026-09-02,EXPE,75.5,75.69936680132668,0.7682911200884447,3.9093977574472474,0.8020255574049537
2026-09-02,AXON,80.3,74.2447129379425,0.3993141958628335,5.78360312131384,-0.318341388725889
2026-09-02,NCLH,83.5,71.76512384343447,0.05267492289563138,4.194055334264739,1.296175018208195
2026-09-03,CRWD,95.3,93.1208168019812,0.8077211201320806,6.823287235096016,2.4260139627447606
2026-09-03,DDOG,94.4,88.85953271432716,0.5746355142884765,5.804104944706853,5.147447542122842
2026-09-03,DELL,86.2,88.17963393889826,0.9939755959265513,5.54797625520964,-1.1966709675659286
2026-09-03,MRNA,82.1,82.45931851120314,0.844954567413543,14.376084565494748,-3.225906977741857
2026-09-03,HOOD,88.3,82.24228397584251,0.47915226505616826,5.847675380701375,6.365085824807164
2026-09-03,AXON,89.2,81.4163303822545,0.3730886921503,5.775231780857229,1.802829289675063
2026-09-03,STLD,78.2,78.0306834924762,0.7707122328317468,4.239450177278191,1.0539495302795834
2026-09-03,FCX,76.4,77.92743452342692,0.8658289682284614,4.005718116996855,1.9072041483761917
2026-09-03,MOS,81.1,74.48434894415055,0.3699565962767041,4.161588656698024,1.3188523798760667
2026-09-03,CVNA,78.2,73.28036755226441,0.45402450348429446,4.829614312315464,1.2001069925825334
2026-09-04,MRNA,92.7,91.2778960943945,0.8321930729596339,14.806591851561258,3.1907034028320442
2026-09-04,HOOD,95.2,91.15367619871941,0.6822450799146277,5.815883968606436,-3.4036262869097644
2026-09-04,LITE,92.9,90.57840274292478,0.7742268495283186,7.581618298723945,1.6539427557261202
2026-09-04,CRWD,86.5,86.84866025837417,0.8882440172249455,6.478114352403992,-1.1489980958632688
2026-09-04,LRCX,91.2,86.1818010358523,0.5774534023901541,4.707560040096422,3.6937051265380405
2026-09-04,AXON,88.4,81.81952514073126,0.4453016760487501,5.591905536918325,-1.289603665625124
2026-09-04,FCX,80.9,81.29136116510107,0.8350907443400707,4.297919935455969,-1.1576576159781566
2026-09-04,COIN,91.0,80.49465038665764,0.20964335911051013,6.6980502561330715,-4.011414556283197
2026-09-04,VRT,83.1,79.30270058287898,0.5778467055252666,4.733023924322254,1.9026972463795921
2026-09-04,MOS,86.4,78.71932947996041,0.35195529866402725,4.396683964856938,-1.922321598736795
