date,ticker,score,atr_pct,gap_pct
2026-05-11,INTC,97.7,6.325762709563401,4.77105891869027
2026-05-11,MRNA,97.5,6.288868778240618,6.86293185216858
2026-05-11,SNDK,96.2,6.426244404518975,1.5303989338283006
2026-05-11,QCOM,96.1,6.674035136754424,5.897119167878163
2026-05-11,TECH,95.9,7.585963545954661,2.1298568368429702
2026-05-11,RDDT,93.2,6.712587561921322,-1.4762535344712002
2026-05-11,APP,90.2,5.930407600817618,-2.663532343162571
2026-05-11,TTD,89.5,5.436988436752001,-1.429809032915565
2026-05-11,ZTS,88.4,5.793278322111685,-0.8571762269434876
2026-05-11,AXON,87.2,5.626279562586503,-2.314515572215165
2026-05-12,LITE,97.3,7.574546074592384,-3.3102570989182336
2026-05-12,COHR,96.3,6.946644582070402,-1.772501499395339
2026-05-12,WDC,95.7,5.886767526297927,-3.4856465096323563
2026-05-12,MRNA,94.0,6.945915259123684,-1.2102862646013341
2026-05-12,ZTS,93.9,6.350968220498307,1.2782097043671743
2026-05-12,CHTR,93.8,8.818498013723074,1.373580168012914
2026-05-12,TECH,92.0,7.633911232678431,1.0333228540436596
2026-05-12,COIN,91.9,5.640746545039703,-2.1699040048895752
2026-05-12,TTD,91.5,6.1982200882247485,1.1384708488534372
2026-05-12,HOOD,89.8,5.226274978893888,-2.104477561192883
2026-05-13,QCOM,98.7,8.962959855817777,3.0050912451073346
2026-05-13,GLW,96.6,6.8682978004717,4.842610259641866
2026-05-13,INTC,96.6,7.585251685615703,2.8936222917737022
2026-05-13,TTD,90.1,6.4363422182081145,-1.1589353782324778
2026-05-13,COIN,88.8,5.9612106480413445,-1.6567147233278918
2026-05-13,CHTR,86.3,8.812196155844369,-1.014061667501368
2026-05-13,CEG,85.6,5.104199218365725,-1.4986354921712954
2026-05-13,VRT,85.6,4.9498620200930965,2.3343249558025874
2026-05-13,MRNA,85.3,7.118989326305482,-0.7846804279822471
2026-05-13,MTD,83.5,4.946752420422134,-1.5012332807088036
2026-05-14,INTC,95.8,7.936772006034401,-4.680353487877674
2026-05-14,LITE,94.5,8.515665178772936,-2.7533793929976467
2026-05-14,QCOM,93.7,9.090666089469767,-2.1860504302374415
2026-05-14,MRNA,92.4,7.491641906548885,-1.8246691835700182
2026-05-14,TECH,90.8,7.271744454539923,1.0247250851572327
2026-05-14,J,88.9,4.977428466714776,1.1652838996157422
2026-05-14,CHTR,88.6,8.784526244928696,0.7968680337643111
2026-05-14,ALB,87.5,5.949538014234246,-1.4631245176099514
2026-05-14,RDDT,86.0,6.477789242346872,1.073837809324138
2026-05-14,VST,85.1,5.376102086276792,-0.8624891117557302
2026-05-15,GLW,95.8,6.888734294345262,-4.882849159088921
2026-05-15,COIN,94.0,6.480153112056571,-3.004573030627624
2026-05-15,MU,93.2,6.681338379889867,-5.597866251045685
2026-05-15,COHR,92.7,6.841049560590502,-5.487232944815893
2026-05-15,ALB,89.9,6.405771647900117,-3.1606532454269547
2026-05-15,HOOD,89.0,5.357141844212053,-2.676575110777489
2026-05-15,MRNA,86.4,7.431826377014139,-3.19807817941262
2026-05-15,VRT,84.6,4.767485994917504,-3.1682782020723854
2026-05-15,FDS,83.4,5.113222904107408,1.7762448918825546
2026-05-15,BLDR,82.3,5.163476949011335,-1.8347355810357187
2026-05-18,SNDK,97.2,8.39576128180699,1.7092844498215747
2026-05-18,LITE,95.6,8.958115640694917,-1.793038949005684
2026-05-18,TECH,95.3,7.474431239136655,1.4087774159345987
2026-05-18,COIN,92.5,7.412592201789325,-2.6505617714343717
2026-05-18,INTC,91.6,8.45099187292448,4.321048747532827
2026-05-18,MRNA,90.3,7.437659404569861,1.9167997739807472
2026-05-18,CRL,88.8,5.535299453885802,0.8949226318228835
2026-05-18,APP,88.3,5.963572906502843,-0.9002015500249501
2026-05-18,TTD,87.0,5.958797506911707,-0.7565004742218897
2026-05-18,F,86.8,4.514924627293798,4.4029863386861985
2026-05-19,SNDK,98.1,9.255445235660654,-3.245287690917725
2026-05-19,GLW,96.9,8.282993329363213,-2.64351786055971
2026-05-19,MU,96.6,8.443692956249924,-2.3417497802102045
2026-05-19,VRT,91.6,5.503636011390357,-2.9582368308790126
2026-05-19,FIX,90.3,4.938020896039763,-3.8459292771196716
2026-05-19,ALB,90.0,6.534002726507791,-1.8379486089487838
2026-05-19,ZTS,88.5,6.65759952696745,2.7406037312961056
2026-05-19,MRNA,87.0,7.68239377172096,-1.0392849587543296
2026-05-19,GNRC,85.2,4.839529028158532,-2.1260639470184457
2026-05-19,TTD,85.0,5.918274866147295,1.347100273435165
2026-05-20,MU,97.9,8.716403759697194,5.183620838150703
2026-05-20,INTC,97.2,8.795127114896928,4.89169496359443
2026-05-20,SNDK,95.7,8.991834614620071,3.9536134767019018
2026-05-20,MRNA,87.9,8.070709161785974,0.6999118247602214
2026-05-20,FIX,87.7,5.3061782509133995,2.163790742262394
2026-05-20,TTD,85.4,6.516337151971004,-1.866731855444606
2026-05-20,CEG,83.8,5.2617703084446275,4.879733212669471
2026-05-20,NCLH,83.7,5.626389237866834,1.2846489578996314
2026-05-20,FDS,82.9,5.280623982352839,-1.3472673063812033
2026-05-20,VRT,82.7,6.132301977823235,0.7345860835381207
2026-05-21,SMCI,92.7,7.420374666409421,-1.5242030349303608
2026-05-21,RDDT,91.9,6.819110046408386,-1.6425869970408018
2026-05-21,VRT,90.6,6.072006035317657,2.1002864013727933
2026-05-21,DASH,90.3,5.389251840033486,-1.885148298288496
2026-05-21,MRVL,88.5,6.7245328264963335,3.0567405577054636
2026-05-21,NOW,88.4,5.3595619269526695,-2.2362101836830224
2026-05-21,MRNA,85.8,7.791384571039582,-1.0182831975186393
2026-05-21,AXON,85.2,6.353528241802228,-1.317638783212299
2026-05-21,NCLH,85.0,5.614473217815992,-2.495324735312256
2026-05-21,RCL,85.0,4.706478681306397,-2.6350003771275023
2026-05-22,SNDK,96.6,8.313390784367979,-1.3956987596198522
2026-05-22,GLW,94.9,7.840800515997282,1.281987973157445
2026-05-22,COHR,92.9,7.7921388010499335,1.0582010582010581
2026-05-22,ECHO,90.3,5.795924256477721,1.4559289019327006
2026-05-22,RDDT,90.3,5.886524017971108,-3.205810299805116
2026-05-22,NCLH,87.4,5.5945880432016715,1.4571935708798924
2026-05-22,ZTS,85.3,6.662921549435853,0.9991295801260323
2026-05-22,ALB,84.7,6.6219625058963745,0.9947042390336542
2026-05-22,VRT,84.7,6.079711543499944,3.2653054291565176
2026-05-22,F,82.6,4.9064674625839055,0.8778338324019603
2026-05-26,SNDK,94.8,8.577013518740172,3.822303645177897
2026-05-26,ECHO,94.2,6.207729322765116,4.2351126367716425
2026-05-26,INTU,93.7,7.277479889436973,-1.7096959364138593
2026-05-26,DELL,91.9,6.017189064542227,1.714149367100647
2026-05-26,VRT,91.9,6.004114844627644,4.153180986502686
2026-05-26,TTD,89.1,6.011743112296098,-1.6979409071326574
2026-05-26,RDDT,87.5,6.170273003064483,1.2882028459306036
2026-05-26,NCLH,86.2,5.0175286350547825,3.312889207378421
2026-05-26,FIX,85.7,5.134887182622434,2.687817018921783
2026-05-26,CVNA,85.4,5.691814787744928,2.211485300565523
2026-05-27,MU,98.1,7.389542471472025,6.67276509531412
2026-05-27,SNDK,97.6,7.97896116690037,3.550686651726356
2026-05-27,SMCI,95.3,7.231421432054157,3.2075538823440377
2026-05-27,COIN,91.7,7.457124729254786,-2.0165489332791395
2026-05-27,NCLH,86.5,4.916457494370174,4.093560467690797
2026-05-27,APA,86.0,4.834285917736235,-2.666666666666667
2026-05-27,RCL,84.2,4.6476167156087556,2.5027127940256633
2026-05-27,TECH,81.0,6.256886653633449,1.500932640575209
2026-05-27,GEV,80.7,4.420366822334371,-2.166332736173624
2026-05-27,UAL,79.7,4.146660480062866,3.219414389216969
2026-05-28,QCOM,92.9,8.942954878308212,1.1139700820509695
2026-05-28,CIEN,92.4,6.281782807837305,2.8724522767020675
2026-05-28,TER,91.4,5.749370936923357,1.524628473259502
2026-05-28,COIN,90.9,7.767619425934061,-1.8931944465664037
2026-05-28,APP,90.4,6.61908445686765,-0.9985460040263014
2026-05-28,NCLH,86.5,4.734356546955179,-2.8650163564343907
2026-05-28,CEG,85.7,4.953581493319572,-1.196822315339999
2026-05-28,TTD,84.3,5.9446882365870115,-4.710637511359377
2026-05-28,HOOD,84.0,5.0611860657559955,-1.8168727210274933
2026-05-28,BLDR,82.8,4.739161769160741,-1.8716981473974972
2026-05-29,SMCI,96.6,6.229678176377802,7.748186009814578
2026-05-29,QCOM,96.3,8.048595494385523,2.8361253424666555
2026-05-29,SNDK,95.3,7.937785726847034,2.4585161784208656
2026-05-29,ECHO,94.9,6.43876158291854,-3.669798519267727
2026-05-29,COIN,91.0,7.628060919664291,-1.108369971171982
2026-05-29,F,89.8,4.95924402550234,1.381378663698916
2026-05-29,HOOD,87.9,5.189094605575393,0.9665338986495504
2026-05-29,NCLH,86.9,4.681149632135575,1.4770160846453746
2026-05-29,RDDT,85.4,5.536616881493172,0.6052831861595896
2026-05-29,DLTR,84.1,4.473451597500691,-1.7610600564332133
2026-06-01,NOW,94.5,5.437116255612184,9.166198660546547
2026-06-01,WDAY,94.0,5.4684211676810754,3.9742783101207135
2026-06-01,INTC,93.8,8.142534398066424,-4.5779560394394725
2026-06-01,HOOD,93.5,5.225267661597009,-4.623542385209169
2026-06-01,COIN,92.1,7.143234227677818,-5.194938437731822
2026-06-01,RDDT,89.6,5.334454078178901,2.215905623002486
2026-06-01,AXON,84.7,5.430684935824371,1.4998241593910957
2026-06-01,CF,83.6,4.676076295420909,2.0560794119818095
2026-06-01,VEEV,82.1,3.9995737871708084,4.818176741837983
2026-06-01,NCLH,81.0,4.626888186731302,-2.5081842311565086
2026-06-02,MRVL,98.0,7.132113971925678,15.508369490932344
2026-06-02,INTU,95.4,6.772549673878762,-6.750340406942438
2026-06-02,LITE,94.3,8.940962962306383,3.329282307493094
2026-06-02,AXON,92.5,5.286294823263789,-3.4033741864091063
2026-06-02,TTD,87.6,5.211332157733442,-2.971570401004044
2026-06-02,COIN,85.4,6.917551651640033,-2.9790276672820264
2026-06-02,DLTR,85.2,4.771954609599584,1.4997738588505123
2026-06-02,FDS,85.2,4.440253594879517,-2.004796955295608
2026-06-02,CVNA,85.0,5.277163929622658,-4.492961185079225
2026-06-02,HOOD,84.7,5.619813293366876,-2.2704784655238917
2026-06-03,MRVL,98.5,6.8308980375770405,9.230027012342937
2026-06-03,HPE,96.9,6.108510815018274,-3.5084615621874446
2026-06-03,COHR,96.2,6.901910923230263,2.129353235253496
2026-06-03,AXON,92.3,5.3903708538143915,-1.8607678136059136
2026-06-03,CVNA,90.9,6.063807857814666,-1.7682866763670078
2026-06-03,APP,88.0,5.9301184963785705,-1.788223338098865
2026-06-03,RDDT,87.6,5.522208715678391,-1.2593891215744637
2026-06-03,COIN,86.2,6.9597580694032395,-1.408133875326252
2026-06-03,HOOD,84.5,5.807946814201256,-1.9453310980546776
2026-06-03,PODD,83.8,4.992928991599699,1.432288597785456
2026-06-04,MRVL,97.7,6.954369488439357,-6.199231582239083
2026-06-04,NOW,96.3,7.308250821689849,3.426633471790557
2026-06-04,SMCI,96.1,6.737663911666162,-4.5972091409867755
2026-06-04,CHTR,87.0,5.613630115359842,1.9765934116233868
2026-06-04,VRT,86.4,5.535001915569666,-3.12122892363663
2026-06-04,TTD,84.1,6.2729294833498415,1.8968935171574643
2026-06-04,DLTR,82.9,4.980316646515377,2.0977783203125
2026-06-04,FDS,82.0,5.001465259334217,2.3871479382452536
2026-06-04,GPN,79.4,4.344667202493966,2.063377387418639
2026-06-04,VEEV,78.7,4.60297083390994,2.316472337383162
2026-06-05,MRVL,98.7,7.286874320470275,-5.350312254732429
2026-06-05,LITE,97.1,9.114927513580048,-3.4346321354470506
2026-06-05,COHR,97.0,7.368536666865998,-3.9416935585196446
2026-06-05,ECHO,92.8,6.965203601772396,-2.92041030766464
2026-06-05,APP,90.7,6.369026933826838,3.4077662205076464
2026-06-05,HOOD,89.1,5.943944292378638,-1.9925303970860948
2026-06-05,AXON,86.3,5.2528945018290925,-1.2548718410412416
2026-06-05,FIX,85.1,5.090486483417339,-2.4359550859803045
2026-06-05,MRNA,85.0,4.855314827768263,-1.5894547245568973
2026-06-05,RDDT,84.5,5.654394817286266,-0.9406834603225859
2026-06-08,MRVL,99.5,9.993275274662587,9.572247733652558
2026-06-08,INTC,98.4,8.918308360132398,11.929012856187796
2026-06-08,MU,98.2,8.534457216243803,8.594808963587017
2026-06-08,COIN,92.6,6.773996499289225,2.7624717076608136
2026-06-08,HOOD,92.6,6.760381693597896,2.6070104208258136
2026-06-08,TTD,92.1,7.030432842332327,-1.8796991762357562
2026-06-08,ECHO,91.3,7.750996172330211,1.7285880266007885
2026-06-08,VRT,89.8,6.585303531489378,2.908385727713872
2026-06-08,GNRC,85.7,5.440578079368938,2.1067443098674086
2026-06-08,FCX,82.6,4.947136313275923,1.956764556363101
2026-06-09,INTU,95.2,8.045095440045491,-2.0981321256959378
2026-06-09,NOW,94.7,7.443108310693853,-3.3978498991655837
2026-06-09,COIN,93.7,6.394687429065026,-2.9979647104148035
2026-06-09,MU,92.0,7.806893308658756,4.097838591181485
2026-06-09,ECHO,87.7,7.533626919625534,1.4234230780478145
2026-06-09,CVNA,86.7,5.8462413675943345,2.5197985268511855
2026-06-09,ALB,86.2,4.61635261920682,3.7373239724910015
2026-06-09,TTD,84.5,6.961987878793319,-1.3638671409482517
2026-06-09,RDDT,82.5,6.630546859006047,4.335883806014279
2026-06-09,VEEV,81.7,5.305464020883691,-1.034448056388541
2026-06-10,SMCI,98.7,9.647427927457029,-12.401577242176586
2026-06-10,QCOM,97.7,9.699639742782109,-2.901368663325758
2026-06-10,MU,96.6,8.384608299703377,-3.2867120371168665
2026-06-10,APP,95.3,7.3536981832203345,-2.851170389255544
2026-06-10,VRT,88.7,6.2285344215041425,-1.726996473381286
2026-06-10,TTD,86.7,6.419235242356988,-1.5837035514084652
2026-06-10,COIN,83.5,6.899861803173088,-1.7170406231159567
2026-06-10,AXON,80.9,6.555971574566991,-0.850811257304499
2026-06-10,GNRC,80.3,5.470379608464668,-1.2452584856152626
2026-06-10,RDDT,79.2,6.726820557892031,-2.0549119362007677
2026-06-11,MRVL,97.6,12.30848283330327,3.1473978868096135
2026-06-11,ON,95.8,8.075831824038394,3.1678365718152697
2026-06-11,TER,94.8,8.114035024456594,3.1531377687935436
2026-06-11,GNRC,92.4,6.459071457511502,2.998619108629164
2026-06-11,APP,87.4,7.855680191395334,-1.3824094871049957
2026-06-11,ECHO,87.1,7.444093768162172,2.160712894239734
2026-06-11,GEV,84.0,4.985830785496613,2.419585027962391
2026-06-11,VST,81.9,4.913689687181907,1.768451224023904
2026-06-11,ALB,80.5,4.741687836396595,2.784951820078543
2026-06-11,FCX,79.6,5.242084389289423,1.5302785441719564
2026-06-12,SMCI,99.3,14.497967871227655,-3.784795465939269
2026-06-12,MRVL,98.5,11.634019217981697,-3.790383119498647
2026-06-12,FSLR,94.5,7.487922848999112,2.054053372728471
2026-06-12,GNRC,90.0,6.319012858260852,2.8679148439391002
2026-06-12,VRT,89.3,6.221823899603029,1.879953676554657
2026-06-12,ECHO,88.3,6.668452594744298,2.3413719547921623
2026-06-12,MOS,82.5,4.717874547752436,1.94404857489676
2026-06-12,APTV,81.0,5.325613187414719,1.3243106798165578
2026-06-12,FCX,80.0,5.031439997613165,1.3114301998915279
2026-06-12,UAL,79.6,4.729344309936285,1.2432301911826937
2026-06-15,MRVL,96.2,12.00699633256007,6.081508225125229
2026-06-15,SNDK,96.0,7.827862917521809,6.111819761310338
2026-06-15,TER,95.6,7.66599398389389,5.766368873040067
2026-06-15,RDDT,92.4,7.586849293758936,4.139414683792907
2026-06-15,APP,89.6,7.895318945026715,2.5625563677071836
2026-06-15,CVNA,88.3,6.482061358050963,4.461779529536529
2026-06-15,ECHO,87.3,8.549767018572037,2.8488779346384003
2026-06-15,HOOD,86.4,7.2720105447579115,5.934111636893554
2026-06-15,COIN,83.5,6.8509386312252465,6.39629571835205
2026-06-15,FCX,81.7,5.023283775861666,4.063731370382382
2026-06-16,MRVL,97.4,11.15389191705366,-3.156565606666285
2026-06-16,WDC,94.4,6.325427221125314,5.0877539683636686
2026-06-16,ORCL,93.9,8.412434383263356,-1.3652434027955174
2026-06-16,FOXA,88.1,5.309533404650752,-1.716578991090564
2026-06-16,HOOD,88.0,7.27753288110218,2.0892737107416073
2026-06-16,FISV,84.1,5.0615727765858285,1.3149677940340556
2026-06-16,CVNA,83.9,6.1548841878342015,1.5965144408711416
2026-06-16,FOX,82.8,5.099016854637376,-0.9108233697868352
2026-06-16,TPL,81.8,5.330463590285294,-1.5436369486627843
2026-06-16,DLTR,81.0,5.127442590798617,1.2756931931646085
2026-06-17,SMCI,97.0,15.578860601150534,1.8822763769122037
2026-06-17,INTC,96.9,8.711173264062076,4.100807601210222
2026-06-17,MRVL,96.6,12.795215106683075,5.10280996716954
2026-06-17,MRNA,87.2,5.73749290351238,1.4620894156751554
2026-06-17,HOOD,87.1,7.68830301457501,-0.8013664907616954
2026-06-17,VRT,85.9,6.108310246884903,1.7089435957549601
2026-06-17,FIX,83.5,5.560071758239038,1.6959823192760557
2026-06-17,FOX,82.5,5.537911231376643,-1.0010417822710853
2026-06-17,ECHO,82.1,8.219277134269017,-0.8018526997725751
2026-06-17,AXON,80.3,7.285257082297216,-0.8245542466947877
2026-06-18,SNDK,96.2,8.030474933414453,4.387632435504587
2026-06-18,TER,93.8,7.550211517276346,3.247990281223936
2026-06-18,HOOD,92.7,7.310769097901152,2.4952472206738614
2026-06-18,AMD,91.6,7.078326213336131,3.7269819991062914
2026-06-18,VRT,90.1,6.1386554537059785,4.29813747440172
2026-06-18,CVNA,89.4,7.038317516179044,2.449890074092271
2026-06-18,MRNA,89.4,5.844890950581213,3.495145427310603
2026-06-18,ECHO,86.3,8.990921654497724,-1.7188882913174757
2026-06-18,FDS,85.3,5.800325289765413,-4.2137583212364715
2026-06-18,RDDT,85.3,7.425342762533503,1.8379048555867534
2026-06-22,SNDK,97.7,7.739879209117993,4.969215764103444
2026-06-22,GLW,96.0,7.551817386053015,2.852451062396721
2026-06-22,TER,96.0,7.240885640908694,4.16057742556445
2026-06-22,ECHO,89.3,9.052069752468729,-3.453326652284241
2026-06-22,APP,87.3,7.141534516749871,-2.633538852104775
2026-06-22,GNRC,86.5,5.750107343695624,2.8801750745885046
2026-06-22,RDDT,85.5,7.048671451180779,-1.7718369824856215
2026-06-22,CBOE,83.8,6.637322368824165,0.923319043201055
2026-06-22,DASH,83.4,5.028166151168471,-1.568085504106968
2026-06-22,NEM,82.5,4.833935943098766,-3.757588873183498
2026-06-23,SMCI,98.1,12.031665676492825,-6.232372085537865
2026-06-23,COHR,97.8,9.900247044663798,-8.646706683032413
2026-06-23,WDC,96.2,7.285786932729935,-9.201219403484691
2026-06-23,VRT,90.7,5.8187279053950665,-5.587216582138589
2026-06-23,HOOD,89.9,6.866021584824155,-3.8454285087618953
2026-06-23,GNRC,86.6,5.532244275446514,-4.581446894985727
2026-06-23,FIX,85.9,5.225477302272241,-6.121916137244999
2026-06-23,ALB,85.3,5.608891379148106,-4.1227944433039925
2026-06-23,ECHO,85.3,9.208513121682582,-2.810148327904202
2026-06-23,CSGP,81.3,5.632151479330552,1.7453807011170914
2026-06-24,ORCL,93.9,8.455005803149167,-1.6226736952931868
2026-06-24,MU,93.6,9.510771777751618,2.8951149592042804
2026-06-24,CIEN,90.5,8.463008902615323,-2.281183127698327
2026-06-24,ECHO,89.1,9.409711561601709,-2.655883906338168
2026-06-24,VRT,87.6,6.98448208634476,1.699548736375568
2026-06-24,LULU,86.4,5.328288217164249,1.8178510743843566
2026-06-24,APP,85.5,6.993949591319533,-1.6744415636590015
2026-06-24,CCL,85.5,5.140766725137252,2.0543181291565937
2026-06-24,FCX,85.4,5.357143068694387,-2.6242273313101223
2026-06-24,MOS,80.8,5.452099968405331,-1.5058809168198528
2026-06-25,GLW,96.4,7.8598150859002525,6.179857701766775
2026-06-25,SMCI,94.9,12.313448670810208,2.742679102383533
2026-06-25,SNDK,94.7,10.027811553562966,16.915734844856196
2026-06-25,VRT,89.9,6.995048707075911,7.107423844931389
2026-06-25,GNRC,89.0,5.887942290667112,2.766236695414953
2026-06-25,APP,86.5,6.672985708490158,-3.008858932269366
2026-06-25,FCX,83.7,5.684023606743911,2.247735100612332
2026-06-25,HOOD,83.7,7.657900415977102,1.6462582919325457
2026-06-25,CBOE,82.4,5.314429068110185,1.5585558102185406
2026-06-25,COIN,82.0,7.0971774892514174,0.7061471949129102
2026-06-26,SNDK,98.2,9.222444596732563,-7.066590270342613
2026-06-26,SMCI,96.3,12.54283836524398,-2.2411647253213296
2026-06-26,INTC,95.7,8.570137769928118,-3.1308711945472134
2026-06-26,ECHO,94.6,9.909162176703111,-2.3562103693823198
2026-06-26,COIN,94.2,7.780864132527605,-2.308453863523776
2026-06-26,VRT,87.9,6.757643682379802,-3.553769408708697
2026-06-26,ALB,86.8,6.267788365491564,-2.7578867816266657
2026-06-26,BLDR,83.7,5.286293566380228,-1.4202007652096862
2026-06-26,GNRC,82.7,5.667869933720882,-3.113566312299785
2026-06-26,CVNA,80.9,6.395124582881685,-1.0573972515277805
2026-06-29,WDC,98.2,10.997769153674348,2.4059996688313356
2026-06-29,STX,96.1,9.501214802371303,1.7879725951545453
2026-06-29,QCOM,95.4,8.826079763943806,1.9219596606891327
2026-06-29,ECHO,93.8,9.489795934369601,2.929083643096151
2026-06-29,HOOD,93.4,7.403267390310021,1.9961507467514195
2026-06-29,CVNA,91.6,6.896553291361436,2.822778154454924
2026-06-29,AXON,90.9,5.895396550184846,4.831878885069404
2026-06-29,COIN,89.4,7.172090164876583,1.180739161714504
2026-06-29,APP,87.3,6.659620258845281,2.779410190919095
2026-06-29,FIX,86.7,6.0932884665367375,1.3568993298947218
2026-06-30,WDC,97.6,10.310725463062425,-2.9821443050551846
2026-06-30,SNDK,93.9,10.804564847315506,2.8940880027462383
2026-06-30,GLW,93.7,7.24733649166271,-1.251514301571293
2026-06-30,ALB,92.3,6.596627065580159,4.841195436478763
2026-06-30,AXON,91.5,5.900062045235944,2.1249522079551184
2026-06-30,CHTR,88.5,5.654375441675207,-1.163027276142747
2026-06-30,ECHO,85.8,8.903071299411703,-2.836169263011356
2026-06-30,CBOE,85.4,6.136111957032654,-0.9718802874117657
2026-06-30,COIN,83.9,6.826812399379742,-2.288164431494625
2026-06-30,RDDT,82.8,6.714343450514796,-1.0264311556841856
2026-07-01,SNDK,98.9,9.628326458246212,-8.29298378494691
2026-07-01,ON,96.5,10.437758786003764,-2.686694405468502
2026-07-01,SMCI,96.3,11.304854261275214,-3.5799496753898117
2026-07-01,AXON,91.0,5.480127859546923,3.551494746780469
2026-07-01,APP,90.7,5.815503933140337,3.4373042416017574
2026-07-01,VRT,90.5,6.570909402558142,-2.6939906020955244
2026-07-01,FOXA,88.6,5.97406333912409,3.009968748882413
2026-07-01,GEV,86.0,4.850783653441321,-2.4224129932371223
2026-07-01,CSGP,84.9,5.5412634830133785,2.6836166563262145
2026-07-01,FOX,84.8,5.707270152361601,2.263025981720564
2026-07-02,HOOD,95.2,6.556897983224681,3.7827892799178824
2026-07-02,RDDT,93.3,6.209475385088728,-1.8962379167493222
2026-07-02,COIN,93.2,6.640471646432291,3.736496321897962
2026-07-02,GLW,92.8,9.12387208799502,1.477584387747932
2026-07-02,APP,92.6,5.702989499179896,-2.5460052731885714
2026-07-02,MRNA,92.4,7.158424114358835,1.668964254445043
2026-07-02,LITE,90.9,8.91506450537031,-2.9438516311454834
2026-07-02,SMCI,90.7,9.498835788081038,1.4466532515327943
2026-07-02,FDS,90.1,5.38936055345856,1.8122569305381777
2026-07-02,AXON,83.0,5.477521630293866,-1.1616984576076657
2026-07-06,SNDK,99.5,13.383994928110928,4.795418550770057
2026-07-06,WDC,99.1,12.89080051853838,5.194805194805195
2026-07-06,STX,98.7,11.405354101395575,5.29896890798371
2026-07-06,APP,92.5,6.49743172818668,-2.3166284728901
2026-07-06,MRNA,92.1,6.950136772799269,-1.5170499649761444
2026-07-06,FIX,90.6,6.3410754056633785,1.775105452399029
2026-07-06,VRT,90.0,7.534547099430183,3.8132604071562617
2026-07-06,GNRC,89.5,6.434395257450197,1.3219331471067788
2026-07-06,FOX,84.6,5.598722335132722,-1.008706729386847
2026-07-06,COIN,82.7,6.583877981637684,-2.483684261823787
2026-07-07,SNDK,98.9,13.25746146528616,-7.1742644050318924
2026-07-07,MU,95.6,10.767347540364442,-6.269610584856562
2026-07-07,LRCX,95.2,8.83168832961493,-7.935467611718122
2026-07-07,VRT,89.1,7.530874151900684,-4.30967000059891
2026-07-07,AXON,88.5,5.423453943404059,2.4696707190703706
2026-07-07,CSGP,85.8,5.291190512299398,3.379788458427709
2026-07-07,HOOD,85.6,6.354559025087185,-1.5099970053572562
2026-07-07,ECHO,84.2,6.982978398810513,2.2586236646910245
2026-07-07,GEV,83.6,5.213043134976373,-4.791506490269893
2026-07-07,COIN,83.2,6.515155497170961,-1.2139443668167094
2026-07-08,MRNA,94.8,7.7614220227929245,-3.0462585024904802
2026-07-08,MU,94.6,11.126092708029663,-3.808690514333616
2026-07-08,INTC,94.5,10.18661068848234,-1.8932841284956192
2026-07-08,MRVL,94.3,11.76233913677243,-2.4013842043421074
2026-07-08,FIX,92.0,6.8849252676588995,-1.9864053705602454
2026-07-08,BLDR,91.6,5.935073953871335,-2.2443184747904055
2026-07-08,GNRC,90.7,7.4999993297817795,-1.6157750251417344
2026-07-08,COIN,89.3,6.455699683899077,-2.580882736514738
2026-07-08,CVNA,88.5,6.0836522287278445,-1.985473966965365
2026-07-08,HOOD,88.5,6.4669732126391395,-1.802483290173306
2026-07-09,SNDK,98.9,13.708927316549563,6.27803587503593
2026-07-09,WDC,98.4,11.984760461842885,7.96656874940038
2026-07-09,MU,97.9,10.764427479778176,7.136385206976921
2026-07-09,VRT,92.6,7.9097137196629825,4.952641627163747
2026-07-09,FIX,90.6,6.813977959867108,4.220928915017777
2026-07-09,GNRC,89.4,7.51387132697054,2.873928842490488
2026-07-09,FDS,83.4,5.282924772203598,-1.5858315787347828
2026-07-09,HOOD,82.1,6.300850710476152,-1.1450677674105163
2026-07-09,SW,81.9,4.436447011634981,1.9486683914996072
2026-07-09,CHTR,80.6,6.443763374069417,-2.0817724420131136
2026-07-10,TER,97.9,10.967410651790328,-2.5609947746166437
2026-07-10,KLAC,96.1,10.097470043548388,-2.043395936782397
2026-07-10,LRCX,95.7,8.95764499441264,-3.3440064635013083
2026-07-10,HOOD,89.7,5.659120430432794,3.5183763619870976
2026-07-10,GNRC,88.6,7.376955184259569,-1.098107492236203
2026-07-10,APP,87.4,6.333198184028954,1.1855548290815054
2026-07-10,RDDT,86.9,5.917543186170396,2.7407546103924
2026-07-10,FIX,86.6,6.710537726607807,-1.8204608071611585
2026-07-10,TTD,86.2,4.822783099376271,2.4303774290446993
2026-07-10,VRT,86.0,7.561391717467944,-1.1144775622041054
2026-07-13,SNDK,99.4,12.469409811737096,-6.423026836774541
2026-07-13,STX,98.3,9.6846861192392,-4.475256505006936
2026-07-13,WDC,97.8,10.402561000094513,-5.307341787535142
2026-07-13,MRNA,96.3,8.923602599348845,-2.8416506626688802
2026-07-13,APP,89.6,6.587722745719981,-1.968521592579566
2026-07-13,COIN,89.3,6.524080653513395,-1.804243568133411
2026-07-13,CHTR,88.4,6.354974627016212,1.468674544246813
2026-07-13,CSGP,86.0,4.979116773082,1.7259590759161052
2026-07-13,TTD,85.3,4.947697896133563,3.8402456407123697
2026-07-13,VRT,84.2,7.413241568486714,-2.1702261895692394
2026-07-14,MRVL,98.2,10.493791295887474,6.45428613235395
2026-07-14,SNDK,96.2,14.698868451033709,7.94697823886278
2026-07-14,INTC,94.9,9.731381036742142,4.712956246030211
2026-07-14,AXON,92.5,7.063076666085412,-3.7511687535006817
2026-07-14,APP,90.7,8.163311505136146,-2.111325725336012
2026-07-14,GEV,88.8,6.255780430523747,2.730670570668772
2026-07-14,VRT,87.1,7.524905915452101,3.1582057136426056
2026-07-14,FDS,86.5,5.083425880641545,-3.5916469216575884
2026-07-14,TTD,81.3,4.88991405985602,-3.663468155278797
2026-07-14,CVNA,78.4,5.819905614728427,1.8002859467581178
2026-07-15,SNDK,96.4,13.245160657900785,-2.3056916217229917
2026-07-15,AMAT,95.1,8.874311594397529,2.464326401705583
2026-07-15,KLAC,95.0,9.251266167547428,2.4265363177336052
2026-07-15,AXON,91.3,7.080339373957327,1.2590020329437714
2026-07-15,CVNA,86.4,5.750212674839718,1.1651033345051685
2026-07-15,CSGP,84.6,5.083607252193027,1.3005802253703274
2026-07-15,GNRC,84.1,6.51113044173413,0.8351123505639083
2026-07-15,PSKY,82.8,4.566102007509857,1.096495424611469
2026-07-15,CHTR,81.8,6.3906549484423465,0.8521587887449285
2026-07-15,COIN,81.3,5.9942502777221085,2.2724446866534445
2026-07-16,WDC,98.4,11.32481414583103,-5.285698419778222
2026-07-16,SNDK,98.3,14.942039007214728,-5.418576456075852
2026-07-16,GLW,97.7,11.730978581953382,-4.48942243371775
2026-07-16,FIX,89.3,6.298769159207652,-3.120858680009891
2026-07-16,ERIE,86.9,4.792942674543068,1.9934356500016115
2026-07-16,PNR,85.7,5.090938734189774,-1.430128956095344
2026-07-16,CAT,84.9,5.163902251167438,-2.464176808763161
2026-07-16,MRNA,84.9,8.09481990663521,-1.7721135121630074
2026-07-16,ALB,82.1,4.956021325293079,-2.4450821505498403
2026-07-16,CSGP,80.7,5.049389694818,2.0358017843651637
2026-07-17,GLW,97.9,12.705979649892448,-4.773027077294018
2026-07-17,SNDK,97.5,16.045541695957496,-3.2510560300398796
2026-07-17,MRVL,96.5,11.28708039936977,-3.223583231992988
2026-07-17,HOOD,93.4,6.309051696988287,-5.329177584777709
2026-07-17,APP,92.9,8.1262511942314,-3.003594637396914
2026-07-17,MRNA,92.9,8.925574166506573,-2.327792850647387
2026-07-17,RDDT,88.7,6.8927471072432205,-2.0079894909884928
2026-07-17,VRT,86.0,7.175037590177738,-5.066129896499013
2026-07-17,GNRC,84.4,6.558839013109406,-2.841494213590736
2026-07-17,COIN,83.0,5.810330798686334,-4.442647291900178
2026-07-20,WDC,98.4,11.314638217553606,2.9629906740476204
2026-07-20,TER,98.0,11.104709140629874,3.9893338049124254
2026-07-20,STX,97.7,10.27600862818101,2.8387942956466325
2026-07-20,AXON,92.9,7.3937017147576665,-1.6931849477792853
2026-07-20,VRT,92.5,7.263484627100373,1.8787133883386091
2026-07-20,FIX,89.8,6.367966078212617,1.5501206804774716
2026-07-20,HOOD,84.3,6.910906515721277,2.5310112069517556
2026-07-20,APP,84.2,7.945189453991597,1.2248507996397469
2026-07-20,FCX,80.2,4.62487275358082,1.0962647789295417
2026-07-20,CSGP,80.1,4.902618307605736,-0.9402306252164421
2026-07-21,GLW,97.2,11.066530652680616,5.3559742791244025
2026-07-21,LRCX,97.0,9.378899400290356,6.966356251427588
2026-07-21,AMAT,96.9,9.17198619911207,7.466235322159847
2026-07-21,HOOD,92.2,6.899964953264359,3.5606403158483304
2026-07-21,VRT,86.5,7.142367621608775,3.9016607266190344
2026-07-21,CAT,86.1,5.102559210261299,2.6830964675382014
2026-07-21,GNRC,85.6,6.122927073956414,2.1055125407568873
2026-07-21,COIN,83.5,5.810277321618456,4.650007513834015
2026-07-21,ISRG,81.1,5.161819297859583,-1.74420347931658
2026-07-21,APP,79.4,7.708113076773823,-1.2976942266651037
2026-07-22,SNDK,98.9,13.269894617283882,-3.9889281137663963
2026-07-22,TER,96.2,9.42164232489653,-3.045132709932972
2026-07-22,WDC,95.0,9.778104118256321,-4.130276593125607
2026-07-22,RDDT,94.3,7.056108612252237,-6.962980357510872
2026-07-22,COIN,90.9,5.776432908645777,-2.047202717409319
2026-07-22,CVNA,90.3,5.9913738616944014,-1.9975680869346097
2026-07-22,HOOD,90.1,6.812106926375687,-1.5419324748375598
2026-07-22,GEV,88.1,5.978882805510293,-5.357759539567929
2026-07-22,APP,83.7,7.4676182629240415,-0.9645687424656414
2026-07-22,BLDR,83.3,5.644431539684786,1.089765069558879
2026-07-23,NOW,93.4,6.129718250277551,4.766397543888001
2026-07-23,WDAY,91.3,6.190800152084171,2.597796774636256
2026-07-23,MRNA,88.5,8.098230524383911,-1.4981900059529512
2026-07-23,AXON,88.3,6.44062099484665,1.648051082312583
2026-07-23,SNDK,88.3,12.476558344511862,-1.9802812257179103
2026-07-23,RDDT,87.9,7.371882903759784,2.3711663166763746
2026-07-23,CVNA,84.2,5.880251403009614,-1.5617522585439492
2026-07-23,ECHO,83.3,4.844726417769852,-2.1781557897911625
2026-07-23,META,83.3,4.379082357625216,-2.991216141846575
2026-07-23,DASH,83.0,4.57949740250051,-1.856750763003862
2026-07-24,SNDK,97.3,11.407129682856244,-3.674086591368001
2026-07-24,TER,96.3,7.612230617124044,-2.341137123745819
2026-07-24,NOW,95.9,6.743528446101561,3.2412395566752634
2026-07-24,AXON,87.3,6.24749684377087,1.5958540762185054
2026-07-24,TTD,85.9,5.459456128646918,1.0124964840716517
2026-07-24,ROL,83.5,4.093017764858422,-1.622716561696395
2026-07-24,DECK,82.4,3.9065622383911784,-2.3069740655300195
2026-07-24,VEEV,81.0,4.039981216926834,1.5035064710503185
2026-07-24,CHTR,80.9,4.4517224148664685,-11.620550947227027
2026-07-24,GEV,80.3,6.552839099327958,-0.8141039937458479
2026-07-27,WDAY,93.0,6.123203732461806,4.588449003916956
2026-07-27,SNDK,92.7,13.15619928111962,1.8398069389801417
2026-07-27,ORCL,91.7,5.886845782582033,2.617620829766834
2026-07-27,HOOD,90.3,6.759035004791208,2.1810131861269944
2026-07-27,APP,87.8,6.542152936075861,3.2583302249750687
2026-07-27,MRNA,87.2,7.213135600540227,1.257629570952029
2026-07-27,TTD,85.5,5.204493513312987,2.891844843981317
2026-07-27,CHTR,84.9,5.091697073937061,1.7679023180094549
2026-07-27,CVNA,83.2,6.027717513956652,3.374133222657056
2026-07-27,CMG,82.4,4.284815767081206,3.491665864688288
2026-07-28,SNDK,98.8,14.682825044113942,-8.185538321080749
2026-07-28,LITE,97.0,9.831530202874543,-4.833141344698855
2026-07-28,COHR,94.9,8.859398015188393,-5.171205965702341
2026-07-28,GEV,89.3,6.116415574797697,-4.790430163813221
2026-07-28,COIN,85.6,5.290722005039931,-2.991229089087037
2026-07-28,HOOD,84.4,6.77619326753887,-3.1207533327053274
2026-07-28,VRT,84.3,5.820087966477475,-5.222537973745334
2026-07-28,CSGP,82.5,4.980655296387862,2.502569558885907
2026-07-28,ISRG,80.4,4.942129173585722,2.429732296609695
2026-07-28,MRNA,78.8,6.691147466224952,-1.4362749793922007
2026-07-29,STX,96.2,10.37172033747188,5.292384375620469
2026-07-29,SNDK,95.8,17.66225665306446,2.11915225445864
2026-07-29,FLEX,93.5,7.544516924890604,-11.714333321030756
2026-07-29,VRT,87.1,6.457614655942008,-8.743876049452153
2026-07-29,CSGP,83.6,5.115161642878412,-14.177379650105602
2026-07-29,CHTR,82.3,4.722951340287579,-1.3931534837721793
2026-07-29,FIX,81.6,6.5562998702193855,-1.1264663100803112
2026-07-29,MRNA,80.2,6.167777129769196,-1.3708438051517862
2026-07-29,GNRC,79.9,4.797327135433027,7.361959840054196
2026-07-29,TTD,79.2,5.091031553572578,-1.2691685513207909
2026-07-30,SNDK,99.0,18.362111538306188,11.725678311584801
2026-07-30,LITE,98.2,12.053705236335887,9.8879389014097
2026-07-30,COHR,98.0,11.466529966662145,9.614947332268253
2026-07-30,VRT,95.2,8.687424515644505,6.348638848793291
2026-07-30,FIX,94.5,7.12344756662025,11.127925668786249
2026-07-30,GEV,90.5,7.019452420344938,6.522411782141353
2026-07-30,CSGP,89.7,6.074900843858134,-5.229632819082386
2026-07-30,VST,85.9,5.255734573781766,3.634201057441259
2026-07-30,CHTR,84.3,4.804212347642363,-3.581265191138931
2026-07-30,CVNA,83.5,5.669052742397085,-11.112784930335183
2026-07-31,SNDK,99.1,15.108167966483677,8.103776744725444
2026-07-31,LITE,97.9,10.99870528512027,7.899141788850263
2026-07-31,VRT,97.0,8.832339970994408,8.514283567994505
2026-07-31,MU,96.6,9.807811754972583,5.143719005202147
2026-07-31,GNRC,89.1,5.6924010057440615,2.881558373076471
2026-07-31,GEV,88.6,6.704029041748045,6.009288472200468
2026-07-31,ERIE,87.1,5.540169336933784,2.940041584722587
2026-07-31,CSGP,86.8,6.088159077209498,-1.4935459619239853
2026-07-31,RDDT,85.6,6.506965070352255,-17.04111294204017
2026-07-31,NRG,81.7,4.770790223974661,1.948197795454095
2026-08-03,SNDK,99.4,15.612290771732894,-4.526558631543947
2026-08-03,MU,98.6,10.737067386074797,-4.4554928301510675
2026-08-03,LITE,96.8,11.018012734215073,-3.9639168132046723
2026-08-03,VRT,88.3,8.537278189952993,-1.90007511591424
2026-08-03,FIX,85.7,7.044035559376832,-3.201151477597847
2026-08-03,BAX,85.4,4.671799064945034,3.134555426632916
2026-08-03,AXON,84.7,5.016214879326405,3.7933945658635198
2026-08-03,COIN,84.5,7.046650997327528,-1.4426368724175938
2026-08-03,RDDT,82.7,9.892605824311271,0.8743838370295789
2026-08-03,CSGP,81.4,6.216471884263086,2.4687033338742794
2026-08-04,LITE,98.3,10.47655099961623,9.291690425473469
2026-08-04,COHR,97.5,10.26856997061266,13.094321701477224
2026-08-04,MU,95.8,10.728408470538135,4.499096723835895
2026-08-04,VRT,94.7,8.171153809628445,4.622696911767128
2026-08-04,HOOD,89.4,7.1788324938722825,2.5182661258584966
2026-08-04,FIX,86.3,6.986121206458897,2.199941493154258
2026-08-04,CVNA,86.2,6.188570091602018,2.1775328915983323
2026-08-04,PWR,86.2,5.0619568867527915,2.5316039979552056
2026-08-04,ERIE,83.1,5.766516710533008,-1.6592113165765814
2026-08-04,RDDT,82.1,9.454693140857804,-0.7045514506993982
2026-08-05,SNDK,96.3,12.964469036452146,-2.020844180146785
2026-08-05,AMD,94.2,7.964056436912341,-6.571795280715455
2026-08-05,GLW,94.0,8.207874556592525,-2.2828156297564424
2026-08-05,NRG,89.0,6.969533518793079,1.13636519194374
2026-08-05,ECHO,85.8,4.769963101786798,-2.128817664547344
2026-08-05,AXON,84.1,4.641092854382174,1.6551362962657683
2026-08-05,CMG,83.8,5.022387619587956,2.4541745669551562
2026-08-05,FDS,82.1,4.666836749669035,2.207729889683548
2026-08-05,BLDR,81.8,5.163098095436594,-1.499276690505023
2026-08-05,CSGP,80.2,5.631408061902409,2.6492318028576713
2026-08-06,SNDK,98.5,13.026736271515677,-13.124027414614957
2026-08-06,WDC,97.9,9.674920884751241,-17.389288909898696
2026-08-06,COHR,95.5,9.360663753934658,-4.116144572353633
2026-08-06,RDDT,92.8,8.702590393010917,-2.782424461080013
2026-08-06,VRT,91.9,7.45957673428632,-2.4501682013294923
2026-08-06,PODD,89.6,6.613817637065135,-1.7709745667372812
2026-08-06,APP,86.8,4.889712124043744,-18.99233554436042
2026-08-06,MRNA,84.5,5.5645842421798415,2.2842410861501774
2026-08-06,DVA,83.3,4.872316481534443,-1.4203232285200342
2026-08-06,BLDR,82.1,4.8764627735347394,-1.8455068739979252
2026-08-07,COHR,98.6,9.514904422001672,7.71946253926666
2026-08-07,LITE,97.3,9.546009914641692,3.8111832726120705
2026-08-07,MRVL,94.5,8.153185872562862,4.041992038092038
2026-08-07,VRT,90.6,7.324460005852269,3.5432639910673123
2026-08-07,MRNA,89.8,6.219166082215902,1.7266993959094774
2026-08-07,TTD,89.0,5.710243874622137,-27.164686870457565
2026-08-07,PODD,86.9,6.472670282550485,-0.9332397869903765
2026-08-07,TPL,86.2,5.090420524922721,1.4621475298817224
2026-08-07,COIN,86.0,7.158576601931458,1.9255917620800054
2026-08-07,RDDT,82.9,8.681694128028134,1.6106634938794928
2026-08-10,TTD,97.9,9.30434761061099,-2.3550710490811246
2026-08-10,LITE,96.1,9.159230345743191,4.5923818672437156
2026-08-10,SMCI,95.6,8.065256866019805,2.7947345412391393
2026-08-10,VRT,94.1,7.519929613032203,1.7914849457254274
2026-08-10,MU,92.7,9.648721490249029,-1.5839220003022652
2026-08-10,TPL,90.0,5.442956789716842,1.6585921026616184
2026-08-10,MRNA,85.7,5.954393187828556,0.9802295910144118
2026-08-10,APTV,83.7,5.169382294536316,-0.9888958048722654
2026-08-10,BLDR,83.0,4.948070708694454,-1.5932553253560249
2026-08-10,EFX,82.0,4.955320232305372,-1.1722170345459122
2026-08-11,MRVL,96.0,8.534715271486085,1.649406636783164
2026-08-11,GLW,93.6,8.003567933124188,1.2614132622056051
2026-08-11,KLAC,93.5,6.549162488523648,3.076679727495167
2026-08-11,APP,93.1,7.282175095433983,-2.7728595564850664
2026-08-11,CVNA,90.4,5.47754000831838,-1.6181290700904294
2026-08-11,VRT,89.0,7.4882326064698574,1.9992572286039976
2026-08-11,FIX,88.5,7.094195110821437,1.5022351205575917
2026-08-11,TTD,87.8,9.75994879522997,-1.4189733322327025
2026-08-11,GNRC,85.6,5.739171323871191,1.5478686486927522
2026-08-11,CSGP,81.9,5.307224480344,-0.7306211740179366
2026-08-12,DDOG,94.0,7.309517894305825,-2.6703932127758323
2026-08-12,DELL,92.9,7.978190558215548,4.152209335761526
2026-08-12,TER,92.6,8.11277679340852,4.463063165340856
2026-08-12,VRT,92.4,7.269082285163547,5.847915662715838
2026-08-12,PODD,86.6,5.942838622612627,-1.8659274396584478
2026-08-12,FIX,86.1,6.852918787570296,4.854710986132559
2026-08-12,GNRC,85.8,5.719977237944699,3.2613699926929445
2026-08-12,TTD,84.7,9.392646321260214,-0.7374659172212126
2026-08-12,TPL,81.9,5.160894072018493,-1.1233816724121077
2026-08-12,CVNA,79.1,5.791667907957047,1.1111153496636283
2026-08-13,DELL,95.6,7.601945807619923,3.133125423277864
2026-08-13,SMCI,94.4,6.552209377220361,1.7814362086474043
2026-08-13,HPE,92.9,5.51563614286606,4.099336298488798
2026-08-13,TPL,92.5,5.720621248110085,-1.8321320362286408
2026-08-13,APP,89.6,8.064684398145591,0.7308405153186663
2026-08-13,TTD,87.1,9.301069725076585,1.7420356882043422
2026-08-13,BLDR,86.8,5.398819515811708,1.422453704191499
2026-08-13,LII,86.3,5.410047202775637,1.1332562714525174
2026-08-13,APTV,85.5,5.203914376727011,1.588284787611928
2026-08-13,ECHO,85.2,4.810038680735702,-1.5459462758657094
2026-08-14,SNDK,99.4,10.970232621812546,7.7756227953735175
2026-08-14,WDC,98.2,10.388797944842185,3.32655937343804
2026-08-14,STX,97.2,8.522092847434338,2.1587434748086975
2026-08-14,RDDT,93.1,7.251049603556013,11.168735269072714
2026-08-14,COIN,90.6,5.77786967013508,-1.6114332851807307
2026-08-14,TTD,88.9,8.857927879298895,-0.4464322265406113
2026-08-14,HOOD,87.5,4.971533866480938,-1.3786884459245468
2026-08-14,CSGP,86.3,5.199913555511794,0.6959139108796669
2026-08-14,MRNA,82.0,5.8747620747986815,-1.194033178336164
2026-08-14,CHTR,80.9,4.913253245265703,1.3415997699435094
2026-08-17,STX,97.0,7.925208215085078,1.7350853268898976
2026-08-17,WDAY,95.9,6.6938224174260474,-3.1155563774951442
2026-08-17,LITE,95.8,9.615516312215732,2.404599536123857
2026-08-17,TTD,92.8,8.860881919407777,-2.4964684038061993
2026-08-17,VRT,89.8,6.4865240116360505,1.3749008287749276
2026-08-17,CVNA,86.7,5.384783246631447,-1.296462197402998
2026-08-17,FIX,86.6,5.880940749048723,1.236707928797022
2026-08-17,CSGP,86.3,5.126620730864398,-1.3279811333891676
2026-08-17,MRNA,85.9,5.901092879272473,2.2978550822286556
2026-08-17,NRG,85.5,6.155508074058484,0.9188875805916757
2026-08-18,COHR,98.9,10.637004324115908,-7.5764523024470805
2026-08-18,SNDK,98.7,8.811959922949395,-6.117465820687771
2026-08-18,LITE,96.3,8.924693455900758,-6.153369141799991
2026-08-18,CVNA,91.6,5.9026151269988,-3.524031559940768
2026-08-18,FIX,91.0,5.214317366840428,-3.9879233985742437
2026-08-18,VRT,89.7,6.061328822816458,-3.9086252990655943
2026-08-18,CHTR,86.6,5.1447409610776695,2.1165771434997454
2026-08-18,PWR,83.5,4.5915182647419295,-1.9174558891266058
2026-08-18,RDDT,83.5,7.75063067894628,0.9726480872435409
2026-08-18,APP,82.6,7.364757487720882,-1.0128865795340507
2026-08-19,SNDK,97.8,9.948767402494918,3.4829435089376424
2026-08-19,LITE,97.2,10.273058384439246,2.1630365736389154
2026-08-19,CIEN,95.6,8.242447456435846,2.4559824543118665
2026-08-19,BLDR,90.6,5.181265164517053,3.815430489302319
2026-08-19,CVNA,90.5,6.40164804982615,1.2769258939302883
2026-08-19,RDDT,85.5,8.079531219144945,-1.004737022363744
2026-08-19,MRNA,81.1,5.97465629076843,84.27572797039562
2026-08-19,HOOD,80.3,4.8866087459338114,1.496780033708371
2026-08-19,NRG,79.4,6.585321950798082,0.553824336422239
2026-08-19,NCLH,79.2,4.6807830059652495,1.6467859064595538
2026-08-20,MRNA,96.5,6.6674180161059695,-13.900679443984373
2026-08-20,COHR,94.5,13.495570030712912,1.419273856381711
2026-08-20,COIN,91.9,5.5332603304446355,7.8339596072604785
2026-08-20,CRWD,86.7,4.611522684427652,-2.154937814552176
2026-08-20,INTC,86.7,6.754156181828291,-1.0021554683108012
2026-08-20,STLD,84.5,4.157518355260139,-1.7921299892182492
2026-08-20,RDDT,84.0,8.402544502141312,-1.384223855105579
2026-08-20,VRT,83.9,6.097208324781062,-0.9252906302382662
2026-08-20,CVNA,81.6,5.499614151446354,-1.1073236119571366
2026-08-20,HOOD,80.3,4.785123892169232,5.3043771631190415
2026-08-21,FLEX,92.1,6.411220592378464,1.921684873501222
2026-08-21,STX,91.3,7.883572747173988,1.4584146307496475
2026-08-21,LITE,90.5,9.896505026017307,2.1995229251115704
2026-08-21,STLD,89.0,4.648400472801492,2.853881278538813
2026-08-21,HOOD,88.2,4.979569049568705,6.309148366214473
2026-08-21,VRT,87.8,5.705351331467934,1.3490561381350823
2026-08-21,AXON,86.2,6.797258078170626,1.562852120163322
2026-08-21,NRG,86.2,6.249379861327403,1.0575599984815283
2026-08-21,MOS,85.2,4.521261627372699,1.7987155007811144
2026-08-21,KKR,84.3,4.371012088395838,2.8873145806488405
2026-08-24,COHR,97.6,12.333221807179356,-4.911578391926376
2026-08-24,MRNA,97.4,11.097095759483366,-1.6743663286805925
2026-08-24,WDC,97.1,8.628982096135381,-2.8491198564191267
2026-08-24,LITE,96.4,9.657966134607236,-4.973987296073845
2026-08-24,VRT,88.8,5.260218990262569,-1.889678173833802
2026-08-24,RDDT,88.1,6.099505061645565,-2.1397344399215887
2026-08-24,TPL,87.6,5.2048419112966124,-1.582214339601989
2026-08-24,HOOD,86.6,4.878914819875738,-1.1791306102563253
2026-08-24,FIX,85.7,5.176425412620753,-1.5468610106337524
2026-08-24,COIN,85.5,4.66589391846283,1.2118582445528316
2026-08-25,CIEN,97.7,7.9805254572022175,3.8661040175555454
2026-08-25,MRNA,97.1,12.228228861904764,3.3191739006481336
2026-08-25,STX,95.1,8.28675702560706,2.49795192551261
2026-08-25,WDC,94.9,9.225272326669359,2.6046203800615313
2026-08-25,COIN,87.6,5.087712473474955,-1.9389323659344722
2026-08-25,FIX,87.2,5.247371624354891,3.3913418035608927
2026-08-25,PWR,85.7,4.4325828359670325,2.6216774444837196
2026-08-25,VRT,84.6,5.3624804281937015,3.1846864644122577
2026-08-25,NRG,79.4,4.571478825626669,1.9949931841890658
2026-08-25,MOS,77.9,4.738096396128336,-0.9583314259847006
2026-08-26,MRNA,98.5,11.529983168134436,-2.915069463851907
2026-08-26,SNDK,94.6,9.080801452060335,-1.701822221533415
2026-08-26,COIN,92.7,5.190362975198727,-2.94401028949141
2026-08-26,HOOD,91.2,5.144461918757345,-1.7708921811125342
2026-08-26,DDOG,88.3,7.4870437934459355,-1.1345794506357076
2026-08-26,PWR,87.7,4.6485709479683,1.525383499057654
2026-08-26,PANW,87.1,4.374186276463045,-2.7772882056247337
2026-08-26,MOS,83.3,4.1791760285497155,2.3485771902483954
2026-08-26,RDDT,83.0,5.658621693679056,-0.8925804712105766
2026-08-26,NEM,79.6,3.6845379469187765,-1.849933410752625
2026-08-27,MRNA,96.8,12.639268198911497,-3.6616402861384825
2026-08-27,LITE,95.6,8.71637959982646,2.0979042796560923
2026-08-27,SNDK,93.8,8.369376749370169,3.3380719229487577
2026-08-27,COHR,91.9,10.497478933053118,3.1626856381498656
2026-08-27,FIX,88.7,5.326781861619527,2.3055166121526183
2026-08-27,HOOD,86.5,5.3949809252586345,1.9900460793213817
2026-08-27,VRT,84.4,5.0108043600572865,3.4835686768713523
2026-08-27,GEV,84.1,4.401668664858522,2.718523163023336
2026-08-27,COIN,81.0,5.432782962784724,2.5030273310113023
2026-08-28,SNDK,97.3,8.33871736945875,-2.4882960629558784
2026-08-28,MRVL,95.2,6.717451866787353,-6.705323108733266
2026-08-28,COIN,93.3,5.317068591698951,-2.4591036133535527
2026-08-28,COHR,92.7,9.477542595141523,-2.014290230532247
2026-08-28,MRNA,92.2,13.527652441503129,-3.908385279870038
2026-08-28,TPR,87.4,4.808271927162647,1.0305130594572147
2026-08-28,RDDT,84.2,5.8476327934852526,-1.104252667711143
2026-08-28,HOOD,83.8,5.303777585915315,-1.0067450213440232
2026-08-28,FIX,83.0,5.121867634792887,-0.797533408375382
2026-08-28,CSGP,82.7,4.467134282681378,1.180596458466236
2026-08-31,CRWD,92.6,5.413233231096383,1.5728081105217038
2026-08-31,WDAY,90.5,5.68825705518278,-1.7829200247754078
2026-08-31,GEV,89.8,4.678977808680578,-2.9640398362606244
2026-08-31,MRNA,88.2,14.362739036330726,-2.819044303785571
2026-08-31,NOW,87.9,4.302199688021594,-1.817431249252007
2026-08-31,AXON,86.2,5.254913455715905,-1.6413339890026375
2026-08-31,PCG,85.7,4.044747711046274,-20.120482384544225
2026-08-31,TPL,83.0,4.4919744463354325,1.5423445419281268
2026-08-31,HOOD,82.5,5.7753946731330545,-0.8056819010876022
2026-08-31,CHTR,80.3,4.916118091514709,-1.0805809504511483
2026-09-01,MRVL,95.6,7.891361897518473,-3.0945870445198196
2026-09-01,SNDK,95.5,8.229426433915211,-2.5971751244272623
2026-09-01,COIN,93.7,5.981364008130482,-3.5456083043114592
2026-09-01,SMCI,92.5,7.123697775512191,-2.2800389000901284
2026-09-01,RDDT,88.0,6.150125917050776,-2.043166444992173
2026-09-01,AXON,85.3,5.203959953419663,-1.600890878865963
2026-09-01,FIX,85.0,5.5355962555885405,-1.7397558735903078
2026-09-01,TPR,79.5,4.470725580306292,-1.6289830182129768
2026-09-01,VEEV,79.4,4.251611045433396,-1.2496087695441644
2026-09-01,ALB,78.7,4.0421679189353075,-2.2004898820787404
2026-09-02,PCG,98.0,7.086971461369607,-3.5561876605806737
2026-09-02,EIX,97.6,6.882895159522606,-3.435374972744053
2026-09-02,MRVL,95.6,7.818812807502708,-2.4430816125100168
2026-09-02,DELL,93.4,5.694285160353203,8.717644186580882
2026-09-02,MRNA,93.1,13.735334651478423,-1.860381342122575
2026-09-02,PANW,91.5,5.224431159901681,-4.443645640758317
2026-09-02,COIN,90.2,6.731622846006287,-1.4251805045117067
2026-09-02,NCLH,83.5,4.194055334264739,1.296175018208195
2026-09-02,AXON,80.3,5.78360312131384,-0.318341388725889
2026-09-02,BLDR,76.2,4.653834692843754,0.3344466975803556
2026-09-03,CRWD,95.3,6.823287235096016,2.4260139627447606
2026-09-03,DDOG,94.4,5.804104944706853,5.147447542122842
2026-09-03,TER,91.1,6.266150896354169,-2.5642555736879546
2026-09-03,AXON,89.2,5.775231780857229,1.802829289675063
2026-09-03,HOOD,88.3,5.847675380701375,6.365085824807164
2026-09-03,COIN,83.7,6.770934763882545,3.7037011196144767
2026-09-03,MRNA,82.1,14.376084565494748,-3.225906977741857
2026-09-03,MOS,81.1,4.161588656698024,1.3188523798760667
2026-09-03,BLDR,79.5,4.53999979528491,2.995725471191296
2026-09-03,TTD,79.5,3.7383410039116374,2.130580494011155
2026-09-04,HOOD,95.2,5.815883968606436,-3.4036262869097644
2026-09-04,LITE,92.9,7.581618298723945,1.6539427557261202
2026-09-04,CIEN,92.8,8.023282470198215,1.3261582832405467
2026-09-04,MRNA,92.7,14.806591851561258,3.1907034028320442
2026-09-04,LRCX,91.2,4.707560040096422,3.6937051265380405
2026-09-04,COIN,91.0,6.6980502561330715,-4.011414556283197
2026-09-04,PCG,89.7,7.62893728934589,-1.1461307089892208
2026-09-04,AXON,88.4,5.591905536918325,-1.289603665625124
2026-09-04,MOS,86.4,4.396683964856938,-1.922321598736795
2026-09-04,VRT,83.1,4.733023924322254,1.9026972463795921
