date,disp_ma20,disp_pctile
2021-08-25,,
2021-08-26,,
2021-08-27,,
2021-08-30,,
2021-08-31,,
2021-09-01,,
2021-09-02,,
2021-09-03,,
2021-09-07,,
2021-09-08,,
2021-09-09,,
2021-09-10,,
2021-09-13,,
2021-09-14,,
2021-09-15,,
2021-09-16,0.013875650022360821,
2021-09-17,0.013735044271088816,
2021-09-20,0.013779192002265576,
2021-09-21,0.01389222419496221,
2021-09-22,0.014317073550043177,
2021-09-23,0.014407162557420475,
2021-09-24,0.014331287087170616,
2021-09-27,0.014567927330362936,
2021-09-28,0.01471891851655408,
2021-09-29,0.014898132278205342,
2021-09-30,0.01481250374782866,
2021-10-01,0.01498698507856796,
2021-10-04,0.015322771531869181,
2021-10-05,0.015402639775324804,
2021-10-06,0.015456464746647986,
2021-10-07,0.015191221092978751,
2021-10-08,0.01535971519027377,
2021-10-11,0.015404195014298813,
2021-10-12,0.015417354228264232,
2021-10-13,0.015555705716653056,
2021-10-14,0.0156312061457453,
2021-10-15,0.015772560541806428,
2021-10-18,0.015967262710440307,
2021-10-19,0.015781073195624256,
2021-10-20,0.015283953420909116,
2021-10-21,0.015392839458299367,
2021-10-22,0.015672014990764226,
2021-10-25,0.015617514709310837,
2021-10-26,0.015647577970397487,
2021-10-27,0.01592595684584332,
2021-10-28,0.015856477316756972,
2021-10-29,0.01589001371378303,
2021-11-01,0.0161057834777513,
2021-11-02,0.015942759947493692,
2021-11-03,0.016147767515986584,
2021-11-04,0.016965118212050552,
2021-11-05,0.017767151666113805,
2021-11-08,0.017837490333350515,
2021-11-09,0.019403773333049414,
2021-11-10,0.019767270309555933,
2021-11-11,0.020477122014671906,
2021-11-12,0.020643569489174354,
2021-11-15,0.020750754057462184,
2021-11-16,0.0213258628168893,
2021-11-17,0.02192893078029017,
2021-11-18,0.02218849210202071,
2021-11-19,0.02235417316046917,
2021-11-22,0.022937241526418278,
2021-11-23,0.022876190397091316,
2021-11-24,0.02267636520221599,
2021-11-26,0.023271687023086685,
2021-11-29,0.023522081028167986,
2021-11-30,0.023175021440633586,
2021-12-01,0.024130936610124883,
2021-12-02,0.02450708915474068,
2021-12-03,0.02465726287432167,
2021-12-06,0.024516194830806037,
2021-12-07,0.024749449913670486,
2021-12-08,0.023643929750213177,
2021-12-09,0.023490792281977934,
2021-12-10,0.02330456039454022,
2021-12-13,0.023421617866422377,
2021-12-14,0.023342456219504617,
2021-12-15,0.023427648979102274,
2021-12-16,0.023746784308706522,
2021-12-17,0.02387118238223931,
2021-12-20,0.023586255431787072,
2021-12-21,0.02330082151304322,
2021-12-22,0.023093453086457737,
2021-12-23,0.022830445505746564,
2021-12-27,0.022436956936551067,
2021-12-28,0.022039600180337827,
2021-12-29,0.021839593263236347,
2021-12-30,0.021028895632540213,
2021-12-31,0.02016646192331224,
2022-01-03,0.02004241471331582,
2022-01-04,0.020065710336149935,
2022-01-05,0.020297620889758446,
2022-01-06,0.019940967898857638,
2022-01-07,0.01985967924823309,
2022-01-10,0.0195158570180939,
2022-01-11,0.019314635683041956,
2022-01-12,0.019020366553075794,
2022-01-13,0.01917366467892726,
2022-01-14,0.018696082169535007,
2022-01-18,0.018560523101412225,
2022-01-19,0.01885230915768259,
2022-01-20,0.018556876060121172,
2022-01-21,0.01938483460546574,
2022-01-24,0.019783250303895973,
2022-01-25,0.020519843318450186,
2022-01-26,0.02074615468064543,
2022-01-27,0.021704586807298525,
2022-01-28,0.022096952885933194,
2022-01-31,0.023500284417286077,
2022-02-01,0.02321863839777165,
2022-02-02,0.0236206389598882,
2022-02-03,0.023870358744292074,
2022-02-04,0.02447940614546634,
2022-02-07,0.0245275579855157,
2022-02-08,0.024575654862929803,0.98
2022-02-09,0.02480413990380664,0.9801980198019802
2022-02-10,0.02519458914634894,1.0
2022-02-11,0.02508095620485682,1.0
2022-02-14,0.024722212954154055,0.9903846153846154
2022-02-15,0.02484505920179227,0.9619047619047619
2022-02-16,0.025162975307690693,0.9811320754716981
2022-02-17,0.02559164524151391,0.9906542056074766
2022-02-18,0.025453202162752875,1.0
2022-02-22,0.02555855013168289,0.9908256880733946
2022-02-23,0.02496141065041619,0.990909090909091
2022-02-24,0.02614129705542756,0.9459459459459459
2022-02-25,0.026270016347877057,1.0
2022-02-28,0.02653647989867945,1.0
2022-03-01,0.026135582883718107,1.0
2022-03-02,0.026239662966228094,0.9739130434782609
2022-03-03,0.025899415697055662,0.9827586206896551
2022-03-04,0.02585303853074452,0.9572649572649573
2022-03-07,0.02605807174779303,0.9491525423728814
2022-03-08,0.026344856319977,0.957983193277311
2022-03-09,0.02699709475659417,0.9916666666666667
2022-03-10,0.02717468899280693,1.0
2022-03-11,0.027385239459423914,1.0
2022-03-14,0.027397723016886692,1.0
2022-03-15,0.027986112081103624,1.0
2022-03-16,0.0286300549425356,1.0
2022-03-17,0.02838132123278076,1.0
2022-03-18,0.02822515458042143,0.9921259842519685
2022-03-21,0.02793407714653561,0.984375
2022-03-22,0.027976277652909838,0.9689922480620154
2022-03-23,0.027881088072796885,0.9692307692307692
2022-03-24,0.0266884998896104,0.9541984732824428
2022-03-25,0.02591833268779083,0.9166666666666666
2022-03-28,0.02549478654041905,0.8571428571428571
2022-03-29,0.02568707906514033,0.8208955223880597
2022-03-30,0.0256456156620448,0.837037037037037
2022-03-31,0.02496747726837649,0.8308823529411765
2022-04-01,0.024118886407513786,0.7737226277372263
2022-04-04,0.02351515016001742,0.6811594202898551
2022-04-05,0.02330071649272187,0.6258992805755396
2022-04-06,0.023013892324677026,0.5714285714285714
2022-04-07,0.022658743062581498,0.5390070921985816
2022-04-08,0.02239006726120043,0.5070422535211268
2022-04-11,0.021971969909239917,0.4965034965034965
2022-04-12,0.021318584693146545,0.4652777777777778
2022-04-13,0.020427518905796707,0.43448275862068964
2022-04-14,0.020310294359340186,0.3904109589041096
2022-04-18,0.020174654692412784,0.3877551020408163
2022-04-19,0.02044651869992574,0.3783783783783784
2022-04-20,0.021541718638827277,0.40268456375838924
2022-04-21,0.021885888232440497,0.46
2022-04-22,0.0218282797058354,0.4768211920529801
2022-04-25,0.02203331631020072,0.46710526315789475
2022-04-26,0.02225996257816433,0.49673202614379086
2022-04-27,0.02169271786720118,0.5194805194805194
2022-04-28,0.02201284327452536,0.45161290322580644
2022-04-29,0.022206358233804378,0.4935897435897436
2022-05-02,0.02264998324677931,0.5222929936305732
2022-05-03,0.02245217762837487,0.5506329113924051
2022-05-04,0.02300499520560605,0.5471698113207547
2022-05-05,0.023222048699559066,0.5875
2022-05-06,0.02385532419984064,0.6149068322981367
2022-05-09,0.025149945825119997,0.7098765432098766
2022-05-10,0.02550788389980737,0.8159509202453987
2022-05-11,0.026813222189573955,0.8414634146341463
2022-05-12,0.027485855048337886,0.9333333333333333
2022-05-13,0.028732416281237506,0.9578313253012049
2022-05-16,0.029194227900545537,1.0
2022-05-17,0.02925436700424559,1.0
2022-05-18,0.028652102752913237,1.0
2022-05-19,0.028805216975031828,0.9823529411764705
2022-05-20,0.02920040947027671,0.9883040935672515
2022-05-23,0.029164333477622317,0.9941860465116279
2022-05-24,0.02962243071186284,0.9826589595375722
2022-05-25,0.02951407251214546,1.0
2022-05-26,0.029225923377523656,0.9942857142857143
2022-05-27,0.02945986085864718,0.9829545454545454
2022-05-31,0.029043149638052223,0.9887005649717514
2022-06-01,0.029357322599565406,0.9550561797752809
2022-06-02,0.02925840368826906,0.9832402234636871
2022-06-03,0.02896756736363797,0.9777777777777777
2022-06-06,0.02814696989151962,0.9392265193370166
2022-06-07,0.026595258918683883,0.9010989010989011
2022-06-08,0.026253166102222947,0.8360655737704918
2022-06-09,0.025355659657067476,0.8152173913043478
2022-06-10,0.024723237855052836,0.7351351351351352
2022-06-13,0.023767685348168872,0.6827956989247311
2022-06-14,0.02342992739669731,0.6149732620320856
2022-06-15,0.02332994687679923,0.5691489361702128
2022-06-16,0.023221630205500894,0.5502645502645502
2022-06-17,0.023225485686035902,0.5210526315789473
2022-06-21,0.02320747319288504,0.5287958115183246
2022-06-22,0.023231718348801167,0.5104166666666666
2022-06-23,0.02336278094529405,0.533678756476684
2022-06-24,0.02359682620832567,0.5670103092783505
2022-06-27,0.02362060598298433,0.6102564102564103
2022-06-28,0.023627139738025438,0.6122448979591837
2022-06-29,0.023802398856038087,0.6192893401015228
2022-06-30,0.023495555117188545,0.6363636363636364
2022-07-01,0.023087113906063734,0.5778894472361809
2022-07-05,0.023696804159080553,0.48
2022-07-06,0.023994694476176713,0.6268656716417911
2022-07-07,0.024381312533018947,0.6584158415841584
2022-07-08,0.023967586814362445,0.6699507389162561
2022-07-11,0.024027678328107843,0.6519607843137255
2022-07-12,0.024181951078021926,0.6585365853658537
2022-07-13,0.02338180764190403,0.6699029126213593
2022-07-14,0.023113594282639652,0.5410628019323671
2022-07-15,0.022770844726176805,0.47115384615384615
2022-07-18,0.02224306454328733,0.4354066985645933
2022-07-19,0.021887155606986317,0.3952380952380952
2022-07-20,0.02201804001703309,0.35545023696682465
2022-07-21,0.02233546968044166,0.37264150943396224
2022-07-22,0.021662576366773163,0.4084507042253521
2022-07-25,0.021331886239283334,0.32710280373831774
2022-07-26,0.021635151952057306,0.3209302325581395
2022-07-27,0.021772019200749258,0.3287037037037037
2022-07-28,0.021899735686378628,0.3456221198156682
2022-07-29,0.022705455236869253,0.3669724770642202
2022-08-01,0.022482673813341812,0.45662100456621
2022-08-02,0.021993694924830838,0.4409090909090909
2022-08-03,0.02306973367248451,0.3755656108597285
2022-08-04,0.023046945091758943,0.49099099099099097
2022-08-05,0.024057727608664436,0.48878923766816146
2022-08-08,0.024021490501678587,0.6830357142857143
2022-08-09,0.02411153692325492,0.6755555555555556
2022-08-10,0.02478912073412686,0.6858407079646017
2022-08-11,0.024960086164175103,0.7444933920704846
2022-08-12,0.024620598486272096,0.7543859649122807
2022-08-15,0.02434787662418815,0.7205240174672489
2022-08-16,0.02398925912157978,0.691304347826087
2022-08-17,0.023550091355519026,0.6536796536796536
2022-08-18,0.022915795437871735,0.5905172413793104
2022-08-19,0.022970340321369773,0.45493562231759654
2022-08-22,0.022744420635898866,0.46153846153846156
2022-08-23,0.022236603612073764,0.43829787234042555
2022-08-24,0.021483231913235916,0.3855932203389831
2022-08-25,0.02164130425443012,0.29535864978902954
2022-08-26,0.02088873799947146,0.3067226890756303
2022-08-29,0.020577771356325134,0.27615062761506276
2022-08-30,0.019888946403068607,0.2625
2022-08-31,0.01841117380042926,0.2157676348547718
2022-09-01,0.018427835134235928,0.16115702479338842
2022-09-02,0.017644502121768633,0.1646090534979424
2022-09-06,0.017278782012916487,0.15163934426229508
2022-09-07,0.016770507295234688,0.1510204081632653
2022-09-08,0.016441182227387656,0.14634146341463414
2022-09-09,0.01665977009388252,0.145748987854251
2022-09-12,0.01656520562189027,0.14919354838709678
2022-09-13,0.0169125542848903,0.14859437751004015
2022-09-14,0.017157903027686404,0.16
2022-09-15,0.017457681386541322,0.16733067729083664
2022-09-16,0.018127497978208233,0.1746031746031746
2022-09-19,0.017693520222712443,0.1865079365079365
2022-09-20,0.017683786486695247,0.1746031746031746
2022-09-21,0.017296838968574764,0.17063492063492064
2022-09-22,0.017905070787796438,0.15873015873015872
2022-09-23,0.017563932020134974,0.18253968253968253
2022-09-26,0.01730798794124224,0.15873015873015872
2022-09-27,0.017464868816021547,0.15079365079365079
2022-09-28,0.01774072588945102,0.15476190476190477
2022-09-29,0.01818084268361373,0.17063492063492064
2022-09-30,0.0181165439610366,0.1865079365079365
2022-10-03,0.018358144099329662,0.17857142857142858
2022-10-04,0.018973890999118895,0.1865079365079365
2022-10-05,0.01885035046402244,0.21031746031746032
2022-10-06,0.01866003540884808,0.20238095238095238
2022-10-07,0.01867064434547307,0.19444444444444445
2022-10-10,0.019263833689195146,0.19444444444444445
2022-10-11,0.01934741584757143,0.21825396825396826
2022-10-12,0.019460676604687317,0.2222222222222222
2022-10-13,0.019243327653911377,0.23015873015873015
2022-10-14,0.01904944563569252,0.20634920634920634
2022-10-17,0.019675339908471694,0.1984126984126984
2022-10-18,0.019926281371077024,0.23412698412698413
2022-10-19,0.020586310220216623,0.25
2022-10-20,0.020474971111101057,0.2976190476190476
2022-10-21,0.020480917717947935,0.28174603174603174
2022-10-24,0.020595409134699757,0.2857142857142857
2022-10-25,0.021174344001259917,0.2976190476190476
2022-10-26,0.021488311388369437,0.31746031746031744
2022-10-27,0.0221192088456832,0.3333333333333333
2022-10-28,0.022353759415887044,0.4126984126984127
2022-10-31,0.022174872244542905,0.4365079365079365
2022-11-01,0.021866622404511243,0.4087301587301587
2022-11-02,0.022604159312311006,0.35714285714285715
2022-11-03,0.02322204044738969,0.45634920634920634
2022-11-04,0.02384002053880398,0.5436507936507936
2022-11-07,0.02383389913286054,0.6626984126984127
2022-11-08,0.023990783039282412,0.6587301587301587
2022-11-09,0.02457735586996607,0.6825396825396826
2022-11-10,0.025856904494903687,0.7420634920634921
2022-11-11,0.026457403651376176,0.8373015873015873
2022-11-14,0.025929757078270645,0.873015873015873
2022-11-15,0.02611315377296829,0.8412698412698413
2022-11-16,0.02615141563105048,0.8452380952380952
2022-11-17,0.026035023839440397,0.8531746031746031
2022-11-18,0.025925061249442112,0.8333333333333334
2022-11-21,0.026224594345258517,0.8253968253968254
2022-11-22,0.025589552432927477,0.8531746031746031
2022-11-23,0.025201710390526932,0.7896825396825397
2022-11-25,0.024022510486413916,0.7658730158730159
2022-11-28,0.02333484323126052,0.6468253968253969
2022-11-29,0.023136505985572674,0.5158730158730159
2022-11-30,0.023740971021773166,0.46825396825396826
2022-12-01,0.02339677299255511,0.5912698412698413
2022-12-02,0.022980708884546657,0.5317460317460317
2022-12-05,0.022162332981472462,0.44047619047619047
2022-12-06,0.021969382493136985,0.3611111111111111
2022-12-07,0.021287708005888493,0.32936507936507936
2022-12-08,0.020633472442113592,0.2619047619047619
2022-12-09,0.01922402314397274,0.24603174603174602
2022-12-12,0.01827688093538599,0.1388888888888889
2022-12-13,0.01840548386267325,0.08333333333333333
2022-12-14,0.018045208504800486,0.09126984126984126
2022-12-15,0.017848431726356924,0.07142857142857142
2022-12-16,0.01749778624133119,0.06746031746031746
2022-12-19,0.017474208166645702,0.047619047619047616
2022-12-20,0.01724190632074827,0.047619047619047616
2022-12-21,0.017285300547588218,0.027777777777777776
2022-12-22,0.01745576519287499,0.03571428571428571
2022-12-23,0.017613014828338713,0.047619047619047616
2022-12-27,0.018060479281402537,0.07142857142857142
2022-12-28,0.017929211838250747,0.10317460317460317
2022-12-29,0.01719991046038241,0.0992063492063492
2022-12-30,0.016518529623412187,0.027777777777777776
2023-01-03,0.01674590140196109,0.007936507936507936
2023-01-04,0.01684143304877566,0.01984126984126984
2023-01-05,0.017234425204674282,0.027777777777777776
2023-01-06,0.017586694748308325,0.04365079365079365
2023-01-09,0.01803187984217538,0.09126984126984126
2023-01-10,0.01813498153344763,0.12698412698412698
2023-01-11,0.018097128787729712,0.14682539682539683
2023-01-12,0.017974371975070385,0.1388888888888889
2023-01-13,0.017935442836204987,0.12698412698412698
2023-01-17,0.018045299071119795,0.12698412698412698
2023-01-18,0.01806883785828742,0.14285714285714285
2023-01-19,0.018289163620327044,0.15079365079365079
2023-01-20,0.018549139340731314,0.17857142857142858
2023-01-23,0.018966871774903117,0.1984126984126984
2023-01-24,0.018726632123883598,0.21428571428571427
2023-01-25,0.01878678284762874,0.21031746031746032
2023-01-26,0.018851501742303902,0.21428571428571427
2023-01-27,0.019962485712083523,0.2222222222222222
2023-01-30,0.02025672606404711,0.2698412698412698
2023-01-31,0.020670883182191013,0.2777777777777778
2023-02-01,0.020982298260937025,0.31746031746031744
2023-02-02,0.022032572430846456,0.3253968253968254
2023-02-03,0.021876191985993537,0.4166666666666667
2023-02-06,0.021679322653432906,0.38492063492063494
2023-02-07,0.02117098402992141,0.36904761904761907
2023-02-08,0.021062381314307866,0.32936507936507936
2023-02-09,0.021212789381619288,0.32936507936507936
2023-02-10,0.021456345569739972,0.3412698412698413
2023-02-13,0.021481648066056087,0.35714285714285715
2023-02-14,0.021598675160156254,0.3611111111111111
2023-02-15,0.022882277452667573,0.376984126984127
2023-02-16,0.022878389741047684,0.5277777777777778
2023-02-17,0.02284919059972326,0.5277777777777778
2023-02-21,0.0225796605039581,0.5277777777777778
2023-02-22,0.02263784541261769,0.503968253968254
2023-02-23,0.02297522416562584,0.5119047619047619
2023-02-24,0.02272515499428716,0.5555555555555556
2023-02-27,0.02178963643073418,0.5277777777777778
2023-02-28,0.021453450338022127,0.40476190476190477
2023-03-01,0.02180880998971004,0.35714285714285715
2023-03-02,0.021429191244135833,0.4126984126984127
2023-03-03,0.020185996502941055,0.35714285714285715
2023-03-06,0.019597282588382302,0.2777777777777778
2023-03-07,0.019702341389500652,0.25793650793650796
2023-03-08,0.01955506878218075,0.26587301587301587
2023-03-09,0.01972397122263126,0.25793650793650796
2023-03-10,0.019918187382618666,0.27380952380952384
2023-03-13,0.02032102935395501,0.28174603174603174
2023-03-14,0.020671678586947826,0.30952380952380953
2023-03-15,0.020467697866825847,0.3492063492063492
2023-03-16,0.019480958152895023,0.32142857142857145
2023-03-17,0.019485709160630096,0.25793650793650796
2023-03-20,0.01916339193718675,0.2619047619047619
2023-03-21,0.019499639804724824,0.23809523809523808
2023-03-22,0.01952557283120746,0.2698412698412698
2023-03-23,0.019914300730822714,0.27380952380952384
2023-03-24,0.01986189566184491,0.30158730158730157
2023-03-27,0.02014213415768255,0.2976190476190476
2023-03-28,0.02003114393814612,0.32142857142857145
2023-03-29,0.019858792638177115,0.32142857142857145
2023-03-30,0.01940404482582846,0.2976190476190476
2023-03-31,0.019319216014918324,0.25793650793650796
2023-04-03,0.01981235867505439,0.25396825396825395
2023-04-04,0.019812773474587493,0.3055555555555556
2023-04-05,0.020218579813832495,0.30952380952380953
2023-04-06,0.01991998896145418,0.35714285714285715
2023-04-10,0.019564950304752523,0.3333333333333333
2023-04-11,0.018681499967366972,0.2896825396825397
2023-04-12,0.018467929975198485,0.21031746031746032
2023-04-13,0.01788829525883733,0.1984126984126984
2023-04-14,0.01770304020646361,0.11904761904761904
2023-04-17,0.017586470863836287,0.1111111111111111
2023-04-18,0.017432142712682737,0.09126984126984126
2023-04-19,0.017136221077060348,0.06746031746031746
2023-04-20,0.017345828643328128,0.03571428571428571
2023-04-21,0.01662256393414111,0.07142857142857142
2023-04-24,0.016569390657463167,0.015873015873015872
2023-04-25,0.016663254390543395,0.015873015873015872
2023-04-26,0.017057055022937077,0.027777777777777776
2023-04-27,0.01720641012579507,0.047619047619047616
2023-04-28,0.017914594764234654,0.06349206349206349
2023-05-01,0.01799359964017404,0.16666666666666666
2023-05-02,0.01805257959042702,0.18253968253968253
2023-05-03,0.018913690288893843,0.1984126984126984
2023-05-04,0.01896808712455684,0.2896825396825397
2023-05-05,0.019370585915581405,0.2976190476190476
2023-05-08,0.019856333337732755,0.3333333333333333
2023-05-09,0.020584325601424956,0.39285714285714285
2023-05-10,0.020853913763115003,0.46825396825396826
2023-05-11,0.021164597109380092,0.49206349206349204
2023-05-12,0.021195832474324217,0.5079365079365079
2023-05-15,0.02119251708790524,0.5198412698412699
2023-05-16,0.021334915033246957,0.5198412698412699
2023-05-17,0.021294970777845503,0.5396825396825397
2023-05-18,0.02141271227393405,0.5357142857142857
2023-05-19,0.021431140250365226,0.5476190476190477
2023-05-22,0.021686525862475946,0.5555555555555556
2023-05-23,0.021429530708838088,0.5992063492063492
2023-05-24,0.021077020794035013,0.5555555555555556
2023-05-25,0.02217531997343188,0.5079365079365079
2023-05-26,0.022664927377489753,0.6666666666666666
2023-05-30,0.02285674764619578,0.7023809523809523
2023-05-31,0.02299297950737004,0.7261904761904762
2023-06-01,0.022003279423222617,0.753968253968254
2023-06-02,0.021886937791867137,0.6468253968253969
2023-06-05,0.02157651630805086,0.6309523809523809
2023-06-06,0.021261333895703227,0.5873015873015873
2023-06-07,0.021195821779502612,0.5357142857142857
2023-06-08,0.020830826725469,0.5277777777777778
2023-06-09,0.02054194970675874,0.49206349206349204
2023-06-12,0.02072710223336568,0.4642857142857143
2023-06-13,0.020661162282187395,0.49603174603174605
2023-06-14,0.020821160787556456,0.4880952380952381
2023-06-15,0.02059080965701885,0.503968253968254
2023-06-16,0.02020130410662723,0.4801587301587302
2023-06-20,0.020314050597809673,0.44047619047619047
2023-06-21,0.020306832967756157,0.4523809523809524
2023-06-22,0.020327780358711252,0.4523809523809524
2023-06-23,0.02022964797227874,0.4642857142857143
2023-06-26,0.01874776433565171,0.44841269841269843
2023-06-27,0.017960348299240623,0.2777777777777778
2023-06-28,0.017493119098723246,0.17857142857142858
2023-06-29,0.017130341558268827,0.11507936507936507
2023-06-30,0.017038669513687366,0.051587301587301584
2023-07-03,0.017120846302817634,0.047619047619047616
2023-07-05,0.01691025777599916,0.05555555555555555
2023-07-06,0.016610749618740116,0.04365079365079365
2023-07-07,0.01634280681566621,0.01984126984126984
2023-07-10,0.016564418763964826,0.003968253968253968
2023-07-11,0.01701264645361191,0.015873015873015872
2023-07-12,0.016831725147441697,0.06349206349206349
2023-07-13,0.01741631269286887,0.051587301587301584
2023-07-14,0.017326456788651946,0.13095238095238096
2023-07-17,0.017621187368946082,0.12698412698412698
2023-07-18,0.01777174376849159,0.18253968253968253
2023-07-19,0.0177963882495875,0.20634920634920634
2023-07-20,0.018296234825103386,0.21031746031746032
2023-07-21,0.01823389014192267,0.30158730158730157
2023-07-24,0.018198589670751518,0.29365079365079366
2023-07-25,0.01829619112574644,0.29365079365079366
2023-07-26,0.018217660290559882,0.30952380952380953
2023-07-27,0.01874871461967386,0.2976190476190476
2023-07-28,0.019518603736728275,0.36507936507936506
2023-07-31,0.020185490654871286,0.44841269841269843
2023-08-01,0.019876300048305758,0.5317460317460317
2023-08-02,0.02029540929930783,0.5
2023-08-03,0.020545837159788586,0.5595238095238095
2023-08-04,0.02073799287916373,0.5952380952380952
2023-08-07,0.02044402119394753,0.6388888888888888
2023-08-08,0.020687876580272817,0.5793650793650794
2023-08-09,0.021594459913178012,0.6388888888888888
2023-08-10,0.020781747093822543,0.7619047619047619
2023-08-11,0.020798133787106408,0.6507936507936508
2023-08-14,0.020647176465036148,0.6547619047619048
2023-08-15,0.020340099487560742,0.626984126984127
2023-08-16,0.020019877762569683,0.5793650793650794
2023-08-17,0.0193178784584696,0.5277777777777778
2023-08-18,0.01917952743107196,0.4166666666666667
2023-08-21,0.01967486011803899,0.40476190476190477
2023-08-22,0.01944882910904936,0.47619047619047616
2023-08-23,0.019244087911877338,0.44047619047619047
2023-08-24,0.01890393939596037,0.4166666666666667
2023-08-25,0.017905199712266822,0.38095238095238093
2023-08-28,0.017083508802760446,0.2261904761904762
2023-08-29,0.01721014230290132,0.07936507936507936
2023-08-30,0.016673054234903936,0.10714285714285714
2023-08-31,0.016641552706167167,0.04365079365079365
2023-09-01,0.01613352349970023,0.03571428571428571
2023-09-05,0.016220246560336025,0.003968253968253968
2023-09-06,0.015490876790221958,0.007936507936507936
2023-09-07,0.01450823702334401,0.003968253968253968
2023-09-08,0.014575870374933094,0.003968253968253968
2023-09-11,0.014671753431338109,0.007936507936507936
2023-09-12,0.014835176538360617,0.011904761904761904
2023-09-13,0.014897821198983422,0.015873015873015872
2023-09-14,0.014966586128798564,0.01984126984126984
2023-09-15,0.014929026745477558,0.023809523809523808
2023-09-18,0.014944436947503432,0.023809523809523808
2023-09-19,0.014425253739787139,0.027777777777777776
2023-09-20,0.01439321094692651,0.003968253968253968
2023-09-21,0.01443015932775053,0.003968253968253968
2023-09-22,0.014204996279182655,0.011904761904761904
2023-09-25,0.014054440980713623,0.003968253968253968
2023-09-26,0.014136700659709586,0.003968253968253968
2023-09-27,0.013893891109218343,0.007936507936507936
2023-09-28,0.014041847758269605,0.003968253968253968
2023-09-29,0.013937779003727748,0.007936507936507936
2023-10-02,0.013944526533981474,0.007936507936507936
2023-10-03,0.014105410333215515,0.011904761904761904
2023-10-04,0.014513715192395079,0.023809523809523808
2023-10-05,0.014983572994116276,0.051587301587301584
2023-10-06,0.015228633410168228,0.08333333333333333
2023-10-09,0.015208565952051504,0.0873015873015873
2023-10-10,0.014912753828923741,0.0873015873015873
2023-10-11,0.014922918065937318,0.07142857142857142
2023-10-12,0.015119085550642414,0.07539682539682539
2023-10-13,0.015236819436707235,0.09523809523809523
2023-10-16,0.01531169709141153,0.10714285714285714
2023-10-17,0.015291503836955003,0.1111111111111111
2023-10-18,0.01577843566347146,0.1111111111111111
2023-10-19,0.016213914985538543,0.12301587301587301
2023-10-20,0.016313427805423688,0.13095238095238096
2023-10-23,0.016511463897526953,0.1388888888888889
2023-10-24,0.01689483169835119,0.14682539682539683
2023-10-25,0.01727069440729791,0.19444444444444445
2023-10-26,0.017642634697460906,0.25
2023-10-27,0.017857324453770262,0.3055555555555556
2023-10-30,0.01783871649600817,0.3253968253968254
2023-10-31,0.017706869595570003,0.32142857142857145
2023-11-01,0.017547262846259452,0.3134920634920635
2023-11-02,0.018250318621603333,0.2896825396825397
2023-11-03,0.0185413757609297,0.4166666666666667
2023-11-06,0.018387012351369945,0.4444444444444444
2023-11-07,0.019297645025320626,0.4365079365079365
2023-11-08,0.01966080382458542,0.5119047619047619
2023-11-09,0.019833926618884033,0.5674603174603174
2023-11-10,0.019702034849079356,0.5912698412698413
2023-11-13,0.019678865856345647,0.5753968253968254
2023-11-14,0.020267868172586696,0.5753968253968254
2023-11-15,0.020317505438158807,0.6706349206349206
2023-11-16,0.020108463740168295,0.6865079365079365
2023-11-17,0.019932414141934397,0.6428571428571429
2023-11-20,0.01993193187194565,0.6309523809523809
2023-11-21,0.019760670527313333,0.6309523809523809
2023-11-22,0.01915552477276862,0.5912698412698413
2023-11-24,0.018519304851163022,0.49603174603174605
2023-11-27,0.018114128087142033,0.44841269841269843
2023-11-28,0.018152889695495774,0.4007936507936508
2023-11-29,0.01819441756521282,0.4087301587301587
2023-11-30,0.01825965826841194,0.4126984126984127
2023-12-01,0.017321160423049563,0.43253968253968256
2023-12-04,0.016908442728881326,0.25793650793650796
2023-12-05,0.016961907546159498,0.1984126984126984
2023-12-06,0.016239557294630825,0.20634920634920634
2023-12-07,0.01593678284694825,0.1388888888888889
2023-12-08,0.015691311855481303,0.12698412698412698
2023-12-11,0.015856649794081135,0.12301587301587301
2023-12-12,0.016066301485498934,0.13095238095238096
2023-12-13,0.016039432903922957,0.1388888888888889
2023-12-14,0.01639160501848186,0.1388888888888889
2023-12-15,0.016105736773522512,0.17063492063492064
2023-12-18,0.01625167749821558,0.14682539682539683
2023-12-19,0.016253130457664126,0.16666666666666666
2023-12-20,0.016273205936444924,0.17063492063492064
2023-12-21,0.016391519993153903,0.1746031746031746
2023-12-22,0.016710737889074616,0.1865079365079365
2023-12-26,0.016556830024126647,0.23015873015873015
2023-12-27,0.016317648568298346,0.20238095238095238
2023-12-28,0.015853347806818394,0.18253968253968253
2023-12-29,0.015512797483695292,0.13095238095238096
2024-01-02,0.015875855603964647,0.12301587301587301
2024-01-03,0.016094946047105343,0.14285714285714285
2024-01-04,0.015909618445302684,0.15873015873015872
2024-01-05,0.015593293197593413,0.14682539682539683
2024-01-08,0.015874238797189244,0.12698412698412698
2024-01-09,0.015960173554677097,0.14682539682539683
2024-01-10,0.015821306693646026,0.1626984126984127
2024-01-11,0.015697483255080698,0.1388888888888889
2024-01-12,0.015476772231012034,0.1349206349206349
2024-01-16,0.014869731054994836,0.11904761904761904
2024-01-17,0.014681399172671795,0.06746031746031746
2024-01-18,0.014819165967616205,0.06349206349206349
2024-01-19,0.01591759841340331,0.06746031746031746
2024-01-22,0.0160437509155863,0.18253968253968253
2024-01-23,0.016191313763139644,0.1984126984126984
2024-01-24,0.016457856436772042,0.21825396825396826
2024-01-25,0.017085061343319212,0.26587301587301587
2024-01-26,0.017554885181241105,0.34523809523809523
2024-01-29,0.018411909541134027,0.4007936507936508
2024-01-30,0.018968382038696004,0.5079365079365079
2024-01-31,0.01848610439168876,0.5476190476190477
2024-02-01,0.018274090145901176,0.5158730158730159
2024-02-02,0.018980448476584255,0.49603174603174605
2024-02-05,0.019577537744134003,0.5595238095238095
2024-02-06,0.020193845772937858,0.6309523809523809
2024-02-07,0.02031804436166486,0.7380952380952381
2024-02-08,0.02070447581191818,0.7738095238095238
2024-02-09,0.021298985962526343,0.8293650793650794
2024-02-12,0.021123518601760018,0.8928571428571429
2024-02-13,0.0210325551464762,0.8650793650793651
2024-02-14,0.02185582006241498,0.8611111111111112
2024-02-15,0.022064549779962823,0.9484126984126984
2024-02-16,0.02194098124034204,0.9563492063492064
2024-02-20,0.02187495912258419,0.9523809523809523
2024-02-21,0.022836651941390607,0.9484126984126984
2024-02-22,0.024153233620389958,0.9880952380952381
2024-02-23,0.024431332969680485,1.0
2024-02-26,0.024648972069819385,1.0
2024-02-27,0.024156551932675956,1.0
2024-02-28,0.023624407459997533,0.9920634920634921
2024-02-29,0.023931393767175117,0.9841269841269841
2024-03-01,0.02417291585490124,0.9841269841269841
2024-03-04,0.02424340915191687,0.9920634920634921
2024-03-05,0.02437919775944852,0.9920634920634921
2024-03-06,0.023753915813963696,0.9920634920634921
2024-03-07,0.02375645664484025,0.9682539682539683
2024-03-08,0.0236841621650817,0.9682539682539683
2024-03-11,0.023190579379517955,0.9603174603174603
2024-03-12,0.023442987748080044,0.9523809523809523
2024-03-13,0.023578846431537005,0.9523809523809523
2024-03-14,0.023121218158782382,0.9523809523809523
2024-03-15,0.02300526320739154,0.9404761904761905
2024-03-18,0.02213044344877097,0.9365079365079365
2024-03-19,0.022070806203892953,0.9126984126984127
2024-03-20,0.02120297704010684,0.9087301587301587
2024-03-21,0.019901365057768006,0.8412698412698413
2024-03-22,0.019550801527579164,0.6626984126984127
2024-03-25,0.01920468250115625,0.6031746031746031
2024-03-26,0.019162460414820698,0.5714285714285714
2024-03-27,0.019403831671068746,0.5674603174603174
2024-03-28,0.01875057647593352,0.5992063492063492
2024-04-01,0.018448142668416077,0.5436507936507936
2024-04-02,0.01780052023850542,0.5158730158730159
2024-04-03,0.017311421438588468,0.43253968253968256
2024-04-04,0.017060748110283734,0.373015873015873
2024-04-05,0.0168391227618784,0.3412698412698413
2024-04-08,0.016408007996635145,0.3134920634920635
2024-04-09,0.016258890902899576,0.26587301587301587
2024-04-10,0.015915882291818652,0.24206349206349206
2024-04-11,0.015842668433739625,0.18253968253968253
2024-04-12,0.015632043289425353,0.1626984126984127
2024-04-15,0.015587439265073813,0.14682539682539683
2024-04-16,0.015597670538774125,0.14285714285714285
2024-04-17,0.015951504180029826,0.15079365079365079
2024-04-18,0.015767949220295445,0.21031746031746032
2024-04-19,0.016318673141845954,0.16666666666666666
2024-04-22,0.016016276306693535,0.2857142857142857
2024-04-23,0.016025990087134644,0.2222222222222222
2024-04-24,0.016233717967402195,0.2261904761904762
2024-04-25,0.01656854929022058,0.26587301587301587
2024-04-26,0.017290824747204708,0.3333333333333333
2024-04-29,0.017688669580935946,0.4166666666666667
2024-04-30,0.017820058329705565,0.4523809523809524
2024-05-01,0.01840088448411519,0.4722222222222222
2024-05-02,0.018522070928130803,0.5436507936507936
2024-05-03,0.018900868815645483,0.5595238095238095
2024-05-06,0.019002849884870446,0.5793650793650794
2024-05-07,0.019473092450750944,0.5952380952380952
2024-05-08,0.019440826156485336,0.6349206349206349
2024-05-09,0.019855949215925404,0.6309523809523809
2024-05-10,0.019900629143371516,0.6785714285714286
2024-05-13,0.019728157654102733,0.6865079365079365
2024-05-14,0.01964650106617594,0.6706349206349206
2024-05-15,0.01970266687291467,0.6547619047619048
2024-05-16,0.019867835147250178,0.6746031746031746
2024-05-17,0.019109117826500575,0.6944444444444444
2024-05-20,0.01925936792400027,0.5992063492063492
2024-05-21,0.01907045843839888,0.623015873015873
2024-05-22,0.019120768618045257,0.5992063492063492
2024-05-23,0.018908499554284273,0.6071428571428571
2024-05-24,0.018462075091037557,0.5873015873015873
2024-05-28,0.018077639849887913,0.5515873015873016
2024-05-29,0.017847508690595308,0.49206349206349204
2024-05-30,0.01803706373338828,0.4801587301587302
2024-05-31,0.018275969834530975,0.49603174603174605
2024-06-03,0.017992063852741776,0.5396825396825397
2024-06-04,0.017857554896819033,0.49603174603174605
2024-06-05,0.01772603472753146,0.4880952380952381
2024-06-06,0.017845767895183176,0.4603174603174603
2024-06-07,0.017148266890413145,0.48412698412698413
2024-06-10,0.01720890486193988,0.40476190476190477
2024-06-11,0.01713827640583577,0.4087301587301587
2024-06-12,0.017483621486171434,0.40476190476190477
2024-06-13,0.01742498895316697,0.4444444444444444
2024-06-14,0.017537757720712914,0.4444444444444444
2024-06-17,0.017489078167592008,0.45634920634920634
2024-06-18,0.017317954662018548,0.4523809523809524
2024-06-20,0.017575717846994736,0.43253968253968256
2024-06-21,0.017382874987659426,0.47619047619047616
2024-06-24,0.017595469842191302,0.4444444444444444
2024-06-25,0.017727638769638336,0.48412698412698413
2024-06-26,0.018457066622985494,0.5079365079365079
2024-06-27,0.0187292216513787,0.6309523809523809
2024-06-28,0.018436799109421052,0.6507936507936508
2024-07-01,0.018168032618741937,0.6190476190476191
2024-07-02,0.018164989496634695,0.5634920634920635
2024-07-03,0.018162040527993584,0.5595238095238095
2024-07-05,0.017927973790881502,0.5555555555555556
2024-07-08,0.01802329995759642,0.5317460317460317
2024-07-09,0.018133837872809384,0.5357142857142857
2024-07-10,0.01794131433964548,0.5476190476190477
2024-07-11,0.018416520398399847,0.5238095238095238
2024-07-12,0.01810125093280241,0.6150793650793651
2024-07-15,0.017911731648213126,0.5357142857142857
2024-07-16,0.01796503265665664,0.5079365079365079
2024-07-17,0.0188304767523532,0.5158730158730159
2024-07-18,0.018956363095449524,0.6587301587301587
2024-07-19,0.019167890385796908,0.6706349206349206
2024-07-22,0.019588028267448952,0.7023809523809523
2024-07-23,0.01945384379167147,0.753968253968254
2024-07-24,0.020069459682575556,0.7341269841269841
2024-07-25,0.019957567300813547,0.8214285714285714
2024-07-26,0.019817172465697325,0.8134920634920635
2024-07-29,0.019176975801734244,0.7777777777777778
2024-07-30,0.019578302159348096,0.6825396825396826
2024-07-31,0.020112453994396436,0.7380952380952381
2024-08-01,0.02095012557187194,0.8293650793650794
2024-08-02,0.022038379675816015,0.8849206349206349
2024-08-05,0.02204942024644781,0.9166666666666666
2024-08-06,0.022414698688229016,0.9166666666666666
2024-08-07,0.023180114100367796,0.9285714285714286
2024-08-08,0.02315761541671068,0.9404761904761905
2024-08-09,0.023016768164972466,0.9365079365079365
2024-08-12,0.022747365100000853,0.9285714285714286
2024-08-13,0.02313066759144681,0.9166666666666666
2024-08-14,0.02211310457741431,0.9325396825396826
2024-08-15,0.022383108899823263,0.9007936507936508
2024-08-16,0.021780774832637607,0.9047619047619048
2024-08-19,0.021272172593573155,0.8650793650793651
2024-08-20,0.021062771967162153,0.8571428571428571
2024-08-21,0.02027498649759707,0.8452380952380952
2024-08-22,0.019869478155432267,0.8214285714285714
2024-08-23,0.020043805278695412,0.7777777777777778
2024-08-26,0.02017231585946202,0.7976190476190477
2024-08-27,0.019451257041965254,0.8095238095238095
2024-08-28,0.019232285811561535,0.6984126984126984
2024-08-29,0.018484107927311286,0.6785714285714286
2024-08-30,0.017424771806026106,0.5912698412698413
2024-09-03,0.017888283118020994,0.3968253968253968
2024-09-04,0.01791157320048826,0.47619047619047616
2024-09-05,0.01726707900776609,0.47619047619047616
2024-09-06,0.017107133583178155,0.3611111111111111
2024-09-09,0.017409470009824513,0.34523809523809523
2024-09-10,0.01767335465224764,0.38492063492063494
2024-09-11,0.017376674892627245,0.4246031746031746
2024-09-12,0.01751749202540378,0.373015873015873
2024-09-13,0.017223089887145337,0.3968253968253968
2024-09-16,0.017437436457549377,0.3412698412698413
2024-09-17,0.017403041027931554,0.38492063492063494
2024-09-18,0.01712337212522347,0.36904761904761907
2024-09-19,0.017311850838535606,0.31746031746031744
2024-09-20,0.017560390497318494,0.3492063492063492
2024-09-23,0.017246138196434956,0.4087301587301587
2024-09-24,0.017156230008954398,0.3253968253968254
2024-09-25,0.01728929783336107,0.3134920634920635
2024-09-26,0.0175373637550584,0.3333333333333333
2024-09-27,0.017670286499354287,0.39285714285714285
2024-09-30,0.017493361880661695,0.42063492063492064
2024-10-01,0.01713842095531424,0.38095238095238093
2024-10-02,0.016745100846820758,0.2896825396825397
2024-10-03,0.01673282630542399,0.25
2024-10-04,0.01658441451388081,0.24603174603174602
2024-10-07,0.016603641627659,0.23809523809523808
2024-10-08,0.01672898002218915,0.23809523809523808
2024-10-09,0.01633048724568604,0.24206349206349206
2024-10-10,0.0164371056316429,0.1984126984126984
2024-10-11,0.016608564840239107,0.21031746031746032
2024-10-14,0.016823438951221358,0.23412698412698413
2024-10-15,0.017562599310861356,0.25
2024-10-16,0.018072832631841534,0.40476190476190477
2024-10-17,0.017710008584777698,0.503968253968254
2024-10-18,0.017439234425860754,0.42857142857142855
2024-10-21,0.017462828100050086,0.35714285714285715
2024-10-22,0.0176217485748523,0.35714285714285715
2024-10-23,0.01772544045872005,0.40476190476190477
2024-10-24,0.017716338572452923,0.42857142857142855
2024-10-25,0.017440014847363648,0.4246031746031746
2024-10-28,0.017460526046512995,0.3412698412698413
2024-10-29,0.01735103412789361,0.34523809523809523
2024-10-30,0.018479207332769865,0.30952380952380953
2024-10-31,0.019767051644677437,0.5873015873015873
2024-11-01,0.0199343588882783,0.75
2024-11-04,0.019576265234575705,0.7857142857142857
2024-11-05,0.019755351743069145,0.7023809523809523
2024-11-06,0.021751086827459493,0.7380952380952381
2024-11-07,0.022011337870360352,0.8611111111111112
2024-11-08,0.022212775075190427,0.876984126984127
2024-11-11,0.02299648701874615,0.9007936507936508
2024-11-12,0.02247721905297126,0.9166666666666666
2024-11-13,0.022649611891968333,0.9047619047619048
2024-11-14,0.023176452544562097,0.9047619047619048
2024-11-15,0.02359617327645635,0.9365079365079365
2024-11-18,0.024196055627984058,0.9523809523809523
2024-11-19,0.025037268655147698,0.9841269841269841
2024-11-20,0.02557160655162809,1.0
2024-11-21,0.026151906358530857,1.0
2024-11-22,0.0265271261383917,1.0
2024-11-25,0.02715720119883567,1.0
2024-11-26,0.027201399317643277,1.0
2024-11-27,0.026207801344514114,1.0
2024-11-29,0.024810722373773443,0.9880952380952381
2024-12-02,0.025488426859293967,0.9722222222222222
2024-12-03,0.025716255577803843,0.9761904761904762
2024-12-04,0.026124297247173762,0.9801587301587301
2024-12-05,0.024450828259483665,0.9801587301587301
2024-12-06,0.02455644214642806,0.9523809523809523
2024-12-09,0.024621289449442564,0.9523809523809523
2024-12-10,0.02379707372796671,0.9523809523809523
2024-12-11,0.024003003889155397,0.9087301587301587
2024-12-12,0.023724327473589393,0.9126984126984127
2024-12-13,0.024075184001895712,0.8928571428571429
2024-12-16,0.02396442699035618,0.9126984126984127
2024-12-17,0.023517701299404344,0.9047619047619048
2024-12-18,0.022940206785358443,0.8650793650793651
2024-12-19,0.022777359644773187,0.8214285714285714
2024-12-20,0.021578731265988256,0.8134920634920635
2024-12-23,0.021351291419818928,0.7380952380952381
2024-12-24,0.020641991573369482,0.7341269841269841
2024-12-26,0.02014548112776224,0.6984126984126984
2024-12-27,0.019854974317927994,0.6785714285714286
2024-12-30,0.019671602744658373,0.6349206349206349
2024-12-31,0.018520175113402905,0.6111111111111112
2025-01-02,0.018549751590955774,0.4880952380952381
2025-01-03,0.018351296764026723,0.49206349206349204
2025-01-06,0.018440990892124177,0.44047619047619047
2025-01-07,0.018197394395806744,0.45634920634920634
2025-01-08,0.01767616647070199,0.4246031746031746
2025-01-10,0.017564135302238788,0.3134920634920635
2025-01-13,0.017367467840160692,0.2896825396825397
2025-01-14,0.017202538076873376,0.20634920634920634
2025-01-15,0.016835461037533805,0.1626984126984127
2025-01-16,0.01644302255706468,0.12301587301587301
2025-01-17,0.016544276770947504,0.08333333333333333
2025-01-21,0.016439414240388334,0.0873015873015873
2025-01-22,0.016283973820708154,0.07539682539682539
2025-01-23,0.01633930576921279,0.05555555555555555
2025-01-24,0.01634275186388826,0.06349206349206349
2025-01-27,0.017991632661678237,0.06349206349206349
2025-01-28,0.01907444386031139,0.38095238095238093
2025-01-29,0.019471748891150734,0.5317460317460317
2025-01-30,0.020603383746422795,0.5793650793650794
2025-01-31,0.020827427351675053,0.6944444444444444
2025-02-03,0.020819425998060363,0.7023809523809523
2025-02-04,0.02101685326534875,0.6984126984126984
2025-02-05,0.020925092874756294,0.7063492063492064
2025-02-06,0.02117855254472135,0.6984126984126984
2025-02-07,0.021740922275346845,0.7182539682539683
2025-02-10,0.022096545806642255,0.7380952380952381
2025-02-11,0.0222005220816306,0.7777777777777778
2025-02-12,0.02247361782117816,0.7857142857142857
2025-02-13,0.022545138488839614,0.7976190476190477
2025-02-14,0.023243059819620212,0.8015873015873016
2025-02-18,0.023759971430811114,0.8571428571428571
2025-02-19,0.023806161148343025,0.8928571428571429
2025-02-20,0.023779125635302056,0.8968253968253969
2025-02-21,0.024329964245510798,0.8888888888888888
2025-02-24,0.02470333794340742,0.9325396825396826
2025-02-25,0.02367264234494784,0.9563492063492064
2025-02-26,0.023250541024941666,0.8611111111111112
2025-02-27,0.023681101541326,0.8412698412698413
2025-02-28,0.02270925283538555,0.8690476190476191
2025-03-03,0.02308016610765416,0.7896825396825397
2025-03-04,0.023417991641530755,0.8174603174603174
2025-03-05,0.022704661261351733,0.8531746031746031
2025-03-06,0.023373993897727974,0.7896825396825397
2025-03-07,0.023256558013275436,0.8571428571428571
2025-03-10,0.023843448756553552,0.8571428571428571
2025-03-11,0.023923039479085466,0.9206349206349206
2025-03-12,0.024159134743762207,0.9206349206349206
2025-03-13,0.024521980236139204,0.9325396825396826
2025-03-14,0.024329736882576287,0.9444444444444444
2025-03-17,0.023511934461740547,0.9325396825396826
2025-03-18,0.022951089787766013,0.8650793650793651
2025-03-19,0.02285028359154887,0.8095238095238095
2025-03-20,0.02236756210190841,0.8055555555555556
2025-03-21,0.022099081148957665,0.7619047619047619
2025-03-24,0.022116473899857155,0.746031746031746
2025-03-25,0.02167279260254134,0.75
2025-03-26,0.0216785208285317,0.7103174603174603
2025-03-27,0.02120131286912104,0.7103174603174603
2025-03-28,0.02162500380573423,0.6904761904761905
2025-03-31,0.021166923338598022,0.7023809523809523
2025-04-01,0.020801371833431077,0.6785714285714286
2025-04-02,0.020591376577495546,0.6507936507936508
2025-04-03,0.02112591924605047,0.6388888888888888
2025-04-04,0.021433571535468203,0.6746031746031746
2025-04-07,0.0207493082018868,0.6944444444444444
2025-04-08,0.02050413660875029,0.6388888888888888
2025-04-09,0.022090768948795136,0.623015873015873
2025-04-10,0.02213616357091616,0.7341269841269841
2025-04-11,0.022028141678288888,0.75
2025-04-14,0.02190574875640621,0.7182539682539683
2025-04-15,0.021816105476209165,0.7103174603174603
2025-04-16,0.021770695902561546,0.7063492063492064
2025-04-17,0.022758247076241873,0.6984126984126984
2025-04-21,0.022467094197192623,0.7976190476190477
2025-04-22,0.02227322440983221,0.7658730158730159
2025-04-23,0.022609402485632236,0.75
2025-04-24,0.02292822349170141,0.7777777777777778
2025-04-25,0.02297908847824797,0.8055555555555556
2025-04-28,0.022502952939713675,0.8134920634920635
2025-04-29,0.022393322456809785,0.7619047619047619
2025-04-30,0.022491463776994427,0.7420634920634921
2025-05-01,0.022907586332425924,0.7579365079365079
2025-05-02,0.02208016206309308,0.7976190476190477
2025-05-05,0.021312621402558934,0.6865079365079365
2025-05-06,0.021146783933823604,0.6190476190476191
2025-05-07,0.021117551310186264,0.5992063492063492
2025-05-08,0.019359075846810604,0.5912698412698413
2025-05-09,0.018694829049747723,0.42857142857142855
2025-05-12,0.01921573955156066,0.38095238095238093
2025-05-13,0.02056276964400027,0.4246031746031746
2025-05-14,0.021004135255626805,0.5436507936507936
2025-05-15,0.021137030312736133,0.5793650793650794
2025-05-16,0.020448298550648294,0.5952380952380952
2025-05-19,0.020383029447388398,0.5277777777777778
2025-05-20,0.02004737571697049,0.5238095238095238
2025-05-21,0.01961435239249156,0.5
2025-05-22,0.019139064237883058,0.4603174603174603
2025-05-23,0.018741060718972302,0.4126984126984127
2025-05-27,0.018943822781098532,0.3888888888888889
2025-05-28,0.018835857837757857,0.4007936507936508
2025-05-29,0.01850456333439698,0.3968253968253968
2025-05-30,0.01829566967288303,0.36904761904761907
2025-06-02,0.01757019941481319,0.3373015873015873
2025-06-03,0.017566383419527605,0.21031746031746032
2025-06-04,0.01727699394362669,0.21031746031746032
2025-06-05,0.017318513717767176,0.1111111111111111
2025-06-06,0.01756477380863309,0.12698412698412698
2025-06-09,0.01758402480473213,0.21825396825396826
2025-06-10,0.01703491903135321,0.23412698412698413
2025-06-11,0.015883231815620152,0.06746031746031746
2025-06-12,0.015617535262426721,0.003968253968253968
2025-06-13,0.015584089495779075,0.003968253968253968
2025-06-16,0.015904914662691123,0.003968253968253968
2025-06-17,0.01596336873646587,0.015873015873015872
2025-06-18,0.016569287847546296,0.01984126984126984
2025-06-20,0.01651150820420597,0.05555555555555555
2025-06-23,0.016604463108987732,0.051587301587301584
2025-06-24,0.01721178279578425,0.07142857142857142
2025-06-25,0.017250738962122363,0.12301587301587301
2025-06-26,0.01745654291046998,0.1349206349206349
2025-06-27,0.018011286185722265,0.19444444444444445
2025-06-30,0.01794065839592259,0.30158730158730157
2025-07-01,0.018381339368961302,0.2896825396825397
2025-07-02,0.01864417654720074,0.3492063492063492
2025-07-03,0.018791550348414933,0.38095238095238093
2025-07-07,0.018491189371110554,0.3888888888888889
2025-07-08,0.018148900260197807,0.3611111111111111
2025-07-09,0.01798382729986532,0.3253968253968254
2025-07-10,0.01832670775435997,0.2976190476190476
2025-07-11,0.018190070483295788,0.3333333333333333
2025-07-14,0.0180722463801506,0.32142857142857145
2025-07-15,0.01801039929091696,0.3055555555555556
2025-07-16,0.017680685968006433,0.30158730158730157
2025-07-17,0.017655070792477547,0.2619047619047619
2025-07-18,0.017254173800298863,0.25
2025-07-21,0.01735583491130352,0.1388888888888889
2025-07-22,0.01744660645954178,0.16666666666666666
2025-07-23,0.01733284775798518,0.20238095238095238
2025-07-24,0.01745805364940515,0.1626984126984127
2025-07-25,0.017528522910511244,0.21428571428571427
2025-07-28,0.017208652474314023,0.23412698412698413
2025-07-29,0.01744823525755393,0.12301587301587301
2025-07-30,0.01718857068249163,0.21428571428571427
2025-07-31,0.01757186278498244,0.11904761904761904
2025-08-01,0.018178829176531987,0.2777777777777778
2025-08-04,0.018192944091090298,0.3611111111111111
2025-08-05,0.018551156831124314,0.36904761904761907
2025-08-06,0.019250850386678786,0.42063492063492064
2025-08-07,0.01929122334043786,0.4642857142857143
2025-08-08,0.019551424728966073,0.46825396825396826
2025-08-11,0.01930505702060719,0.48412698412698413
2025-08-12,0.019162402979876716,0.4722222222222222
2025-08-13,0.01928102163625791,0.45634920634920634
2025-08-14,0.019282044599305288,0.4722222222222222
2025-08-15,0.019790145867920585,0.47619047619047616
2025-08-18,0.019626659592927892,0.5238095238095238
2025-08-19,0.019661089573714666,0.5119047619047619
2025-08-20,0.019325255653318083,0.5158730158730159
2025-08-21,0.018973702053712117,0.4880952380952381
2025-08-22,0.01921445942375568,0.44841269841269843
2025-08-25,0.019042558028215396,0.4642857142857143
2025-08-26,0.01853596424384093,0.4523809523809524
2025-08-27,0.01827964818803609,0.4166666666666667
2025-08-28,0.018143060302124127,0.376984126984127
2025-08-29,0.017803112840211983,0.35714285714285715
2025-09-02,0.017729183072843303,0.32142857142857145
2025-09-03,0.017307078986277872,0.32142857142857145
2025-09-04,0.01680761932486116,0.1626984126984127
2025-09-05,0.016959233123279786,0.09126984126984126
2025-09-08,0.0170142144873518,0.10317460317460317
2025-09-09,0.01727967148073455,0.10714285714285714
2025-09-10,0.018396284200856743,0.16666666666666666
2025-09-11,0.01838445790103949,0.4087301587301587
2025-09-12,0.018456816300466142,0.40476190476190477
2025-09-15,0.017881776160561674,0.4126984126984127
2025-09-16,0.01808491178075939,0.3253968253968254
2025-09-17,0.01762085165375441,0.3531746031746032
2025-09-18,0.01844652341512012,0.2777777777777778
2025-09-19,0.01860670333289848,0.4087301587301587
2025-09-22,0.018464461001727894,0.44047619047619047
2025-09-23,0.01846905499539434,0.4087301587301587
2025-09-24,0.018623883562422394,0.4087301587301587
2025-09-25,0.018920881878941326,0.44047619047619047
2025-09-26,0.018316150043467018,0.4603174603174603
2025-09-29,0.018139843291937092,0.3611111111111111
2025-09-30,0.018486243236331766,0.3253968253968254
2025-10-01,0.01909200038971276,0.40476190476190477
2025-10-02,0.019295485900452717,0.47619047619047616
2025-10-03,0.01875962660614853,0.5079365079365079
2025-10-06,0.019184991628165463,0.44047619047619047
2025-10-07,0.019257707087550792,0.4801587301587302
2025-10-08,0.018474003614845365,0.49206349206349204
2025-10-09,0.018256916689269934,0.376984126984127
2025-10-10,0.018579313232682505,0.32142857142857145
2025-10-13,0.018743167361685596,0.4087301587301587
2025-10-14,0.019050612716513628,0.42857142857142855
2025-10-15,0.019299930936679192,0.45634920634920634
2025-10-16,0.018702738784682656,0.5079365079365079
2025-10-17,0.018745582696689737,0.4126984126984127
2025-10-20,0.018700130647308445,0.42063492063492064
2025-10-21,0.01897963910637743,0.40476190476190477
2025-10-22,0.01941494876200538,0.4444444444444444
2025-10-23,0.019536108070851096,0.5198412698412699
2025-10-24,0.019942589664323752,0.5238095238095238
2025-10-27,0.019855747934697045,0.5674603174603174
2025-10-28,0.01977393178462665,0.5595238095238095
2025-10-29,0.01943307192634768,0.5476190476190477
2025-10-30,0.01977821582848297,0.503968253968254
2025-10-31,0.020087549288225946,0.5476190476190477
2025-11-03,0.019556978515271068,0.5714285714285714
2025-11-04,0.019786447265100156,0.5079365079365079
2025-11-05,0.020219079031082502,0.5436507936507936
2025-11-06,0.021138812635171284,0.5753968253968254
2025-11-07,0.02085585556182446,0.6428571428571429
2025-11-10,0.02097853804392783,0.6150793650793651
2025-11-11,0.020969551269665536,0.623015873015873
2025-11-12,0.02100888502413827,0.623015873015873
2025-11-13,0.021271725200016366,0.6349206349206349
2025-11-14,0.02137038002218384,0.6746031746031746
2025-11-17,0.02138037813172393,0.6865079365079365
2025-11-18,0.02133215097093155,0.6904761904761905
2025-11-19,0.021099649903701383,0.6825396825396826
2025-11-20,0.021364275471051766,0.6428571428571429
2025-11-21,0.021307668540443372,0.6944444444444444
2025-11-24,0.021778389757100555,0.6825396825396826
2025-11-25,0.02162835307002863,0.7380952380952381
2025-11-26,0.021606463946739204,0.7222222222222222
2025-11-28,0.020934939432479233,0.7182539682539683
2025-12-01,0.02052486738599989,0.623015873015873
2025-12-02,0.02059575369135859,0.5833333333333334
2025-12-03,0.02048023913748612,0.5952380952380952
2025-12-04,0.019884208756098587,0.5793650793650794
2025-12-05,0.019110951748109194,0.5515873015873016
2025-12-08,0.019089527614385034,0.42857142857142855
2025-12-09,0.01872508895951999,0.4246031746031746
2025-12-10,0.018570424287804206,0.373015873015873
2025-12-11,0.018733741278403,0.34523809523809523
2025-12-12,0.018911079638762523,0.38095238095238093
2025-12-15,0.019127083841731556,0.4087301587301587
2025-12-16,0.01914826845320392,0.4523809523809524
2025-12-17,0.019295881377267635,0.4603174603174603
2025-12-18,0.019500662109466455,0.503968253968254
2025-12-19,0.019339977044878883,0.5357142857142857
2025-12-22,0.019072929379061538,0.5198412698412699
2025-12-23,0.018241578446924665,0.4365079365079365
2025-12-24,0.017877913984009668,0.25793650793650796
2025-12-26,0.017155523873293124,0.1984126984126984
2025-12-29,0.016967644779158454,0.07936507936507936
2025-12-30,0.01665065120849412,0.07142857142857142
2025-12-31,0.016049916430903612,0.05952380952380952
2026-01-02,0.016292552516523826,0.023809523809523808
2026-01-05,0.016547075252750103,0.031746031746031744
2026-01-06,0.016981752067234308,0.05952380952380952
2026-01-07,0.01719797124473603,0.09126984126984126
2026-01-08,0.017786607720573624,0.1111111111111111
2026-01-09,0.018043153403844124,0.2261904761904762
2026-01-12,0.017742448155045644,0.2619047619047619
2026-01-13,0.017541452057944235,0.2222222222222222
2026-01-14,0.017510058718316922,0.18253968253968253
2026-01-15,0.01780318049720302,0.1746031746031746
2026-01-16,0.017687979123086707,0.23015873015873015
2026-01-20,0.017541179527616295,0.21031746031746032
2026-01-21,0.017455290856030377,0.17063492063492064
2026-01-22,0.017643272909049164,0.15079365079365079
2026-01-23,0.01821599677411588,0.1984126984126984
2026-01-26,0.01864166325227776,0.29365079365079366
2026-01-27,0.019637955572506954,0.38492063492063494
2026-01-28,0.020351574096512292,0.5912698412698413
2026-01-29,0.02165444684552429,0.6349206349206349
2026-01-30,0.022858620301521783,0.7976190476190477
2026-02-02,0.02274039490777844,0.9087301587301587
2026-02-03,0.023423031945123924,0.8968253968253969
2026-02-04,0.02408635647367003,0.9484126984126984
2026-02-05,0.024563582801598406,0.9801587301587301
2026-02-06,0.024912967077401385,0.996031746031746
2026-02-09,0.024870723407601023,1.0
2026-02-10,0.02512662089477293,0.996031746031746
2026-02-11,0.02533061796257627,1.0
2026-02-12,0.025548357434516944,1.0
2026-02-13,0.026211560205376388,1.0
2026-02-17,0.026156248448070955,1.0
2026-02-18,0.02597756994544262,0.996031746031746
2026-02-19,0.025986673687150387,0.9920634920634921
2026-02-20,0.026120051420987916,0.9920634920634921
2026-02-23,0.026625932277998383,0.9920634920634921
2026-02-24,0.026731689341006625,1.0
2026-02-25,0.02659570055400586,1.0
2026-02-26,0.026475806587229627,0.9920634920634921
2026-02-27,0.0265342923982965,0.9880952380952381
2026-03-02,0.025965433924459123,0.9880952380952381
2026-03-03,0.025916733865919705,0.9603174603174603
2026-03-04,0.025184056073834664,0.9563492063492064
2026-03-05,0.02445698409292043,0.9444444444444444
2026-03-06,0.024345812008727933,0.9206349206349206
2026-03-09,0.023754643824511257,0.9166666666666666
2026-03-10,0.02359668134062492,0.8928571428571429
2026-03-11,0.023446475609949148,0.8888888888888888
2026-03-12,0.023195198522961515,0.8849206349206349
2026-03-13,0.022728300086586998,0.8809523809523809
2026-03-16,0.02166139935297671,0.8492063492063492
2026-03-17,0.02158505767329909,0.7738095238095238
2026-03-18,0.021594148984359535,0.7579365079365079
2026-03-19,0.021310878419089303,0.7619047619047619
2026-03-20,0.02207626183442012,0.7341269841269841
2026-03-23,0.021379630046118484,0.8174603174603174
2026-03-24,0.021666846793245466,0.753968253968254
2026-03-25,0.021358299796768766,0.7936507936507936
2026-03-26,0.021571030252706076,0.746031746031746
2026-03-27,0.020882815425519112,0.7698412698412699
2026-03-30,0.021038952359669214,0.6746031746031746
2026-03-31,0.02125041424380665,0.6984126984126984
2026-04-01,0.02142146425794602,0.7301587301587301
2026-04-02,0.021038232617651885,0.7698412698412699
2026-04-06,0.0203375742470192,0.6944444444444444
2026-04-07,0.020284699294651536,0.626984126984127
2026-04-08,0.020959602002307773,0.626984126984127
2026-04-09,0.021488494409167787,0.6825396825396826
2026-04-10,0.021604203487441617,0.7738095238095238
2026-04-13,0.02207749367552842,0.7857142857142857
2026-04-14,0.02251741170700749,0.8333333333333334
2026-04-15,0.023040724947295626,0.8611111111111112
2026-04-16,0.023254046023627628,0.8928571428571429
2026-04-17,0.023674804714550975,0.8968253968253969
2026-04-20,0.02269720009145925,0.9087301587301587
2026-04-21,0.022832594304969936,0.8531746031746031
2026-04-22,0.0227881894978981,0.8650793650793651
2026-04-23,0.023841297287268085,0.8611111111111112
2026-04-24,0.024362960699556922,0.9126984126984127
2026-04-27,0.02409838333832617,0.9206349206349206
2026-04-28,0.02380794546013301,0.9126984126984127
2026-04-29,0.024038495816390514,0.9007936507936508
2026-04-30,0.024188838471639267,0.9047619047619048
2026-05-01,0.02481507046411417,0.9126984126984127
2026-05-04,0.02533301720104165,0.9285714285714286
2026-05-05,0.025815800676946672,0.9484126984126984
2026-05-06,0.02616200644041778,0.9523809523809523
2026-05-07,0.026690740820029348,0.9761904761904762
2026-05-08,0.02746631409023704,0.996031746031746
2026-05-11,0.0274818930107115,1.0
2026-05-12,0.027387533419318176,1.0
2026-05-13,0.0271018672481148,0.9920634920634921
2026-05-14,0.026948137760419384,0.9880952380952381
2026-05-15,0.026990715213066657,0.9841269841269841
2026-05-18,0.027402636898148806,0.9841269841269841
2026-05-19,0.027268061685232485,0.9920634920634921
2026-05-20,0.02737816514454211,0.9841269841269841
2026-05-21,0.026464276311356415,0.9841269841269841
2026-05-22,0.02563167103149262,0.9404761904761905
2026-05-26,0.02625095449305944,0.9007936507936508
2026-05-27,0.027192900472885556,0.9365079365079365
2026-05-28,0.027710460314787865,0.9761904761904762
2026-05-29,0.02809013032657266,1.0
2026-06-01,0.028554350839415193,1.0
2026-06-02,0.029422193728767705,1.0
2026-06-03,0.029432744795591197,1.0
2026-06-04,0.028785126300025044,1.0
2026-06-05,0.0287694762824943,0.9920634920634921
2026-06-08,0.028103218375432625,0.9880952380952381
2026-06-09,0.02804387317478938,0.9801587301587301
2026-06-10,0.028659041359514865,0.9722222222222222
2026-06-11,0.029459817106773107,0.9841269841269841
2026-06-12,0.02987877509383925,1.0
2026-06-15,0.030176238114830466,1.0
2026-06-16,0.03025818660327992,1.0
2026-06-17,0.030473237841449473,1.0
2026-06-18,0.030607960786947597,1.0
2026-06-22,0.031055231482801364,1.0
2026-06-23,0.0316484597386419,1.0
2026-06-24,0.031391069331463226,1.0
2026-06-25,0.031147227813884164,0.996031746031746
2026-06-26,0.030806186349551307,0.9920634920634921
2026-06-29,0.030536284851093897,0.9841269841269841
2026-06-30,0.029841773315825527,0.9761904761904762
2026-07-01,0.029579623417976646,0.9563492063492064
2026-07-02,0.02977744587794672,0.9523809523809523
2026-07-06,0.029552252764163806,0.9523809523809523
2026-07-07,0.02922937714649117,0.9444444444444444
2026-07-08,0.02898508937694431,0.9285714285714286
2026-07-09,0.028821182245449106,0.9246031746031746
2026-07-10,0.02804486087409495,0.9206349206349206
2026-07-13,0.02742637519785545,0.8928571428571429
2026-07-14,0.027924887477794452,0.873015873015873
2026-07-15,0.027748743409558196,0.8849206349206349
2026-07-16,0.027991365631510407,0.8809523809523809
2026-07-17,0.027932555956790707,0.8849206349206349
2026-07-20,0.027210478115302757,0.8809523809523809
2026-07-21,0.027164599770815822,0.8373015873015873
2026-07-22,0.026928217003829153,0.8293650793650794
2026-07-23,0.02720359123660317,0.8134920634920635
2026-07-24,0.02703387121096638,0.8333333333333334
2026-07-27,0.026505772130035042,0.8174603174603174
2026-07-28,0.026443365882270253,0.7817460317460317
2026-07-29,0.026727084372875326,0.7698412698412699
2026-07-30,0.02716272223876846,0.7976190476190477
2026-07-31,0.027352461468442085,0.8214285714285714
2026-08-03,0.02744325134779957,0.8412698412698413
2026-08-04,0.027699885715368917,0.8571428571428571
2026-08-05,0.027604101912962774,0.8650793650793651
2026-08-06,0.027763409140674062,0.8611111111111112
2026-08-07,0.028153297991723274,0.873015873015873
2026-08-10,0.028242142233018276,0.9007936507936508
2026-08-11,0.02716878469414063,0.9007936507936508
2026-08-12,0.02705736580335414,0.7976190476190477
2026-08-13,0.02655317407841412,0.7817460317460317
2026-08-14,0.02637390384958909,0.7420634920634921
2026-08-17,0.026561331408163906,0.7182539682539683
2026-08-18,0.026243572122839703,0.7420634920634921
2026-08-19,0.026476342013991495,0.7063492063492064
2026-08-20,0.02613180257784522,0.7261904761904762
2026-08-21,0.025835100353565045,0.6865079365079365
2026-08-24,0.025574530811223056,0.6626984126984127
