ticker,date,entry_minute,entry_px,ret_pct,spread_pct
SNDK,2026-04-28,5,1037.9,0.0019269679159883424,0.154700110430574
COHR,2026-04-28,5,308.0,-0.0055844155844142485,0.15094834941262597
INTC,2026-04-28,0,82.05,0.2622059719683101,0.024606299212611014
COIN,2026-04-28,2,191.59,0.11775144840544538,0.06353912951391302
ALB,2026-04-28,12,195.42,-0.14893050864802637,0.5970456534047025
HOOD,2026-04-28,7,82.08,-0.017616959064326032,0.061293288384918376
SNDK,2026-04-29,0,1076.57,0.02248437166185724,0.11208668036615409
LITE,2026-04-29,5,830.23,0.3721884297122502,0.25214229595659376
INTC,2026-04-29,0,87.27,-0.19999999999998908,0.09289363678587818
HOOD,2026-04-29,0,72.77,0.3897210388896566,0.2350826246283644
ARE,2026-04-29,0,40.42,-0.0024740227610231535,0.37336652146857147
TER,2026-04-30,0,335.01,0.36005492373361037,1.5220048899755558
FICO,2026-04-30,4,1019.94,0.39296429201716165,0.6071961764676358
CSGP,2026-04-30,1,34.1,0.09266862170089762,0.4760487950014775
PODD,2026-04-30,1,165.71,1.4381389173858006,1.5038509543669512
NCLH,2026-04-30,2,18.28,-0.09080962800875891,0.2199010445299568
FCX,2026-04-30,1,58.24,-0.13145604395604638,0.37891836031691156
COIN,2026-05-01,0,192.56,-0.16372039883671974,0.17735120755307676
SNDK,2026-05-01,2,1073.87,0.5499846350117021,0.16526974383189705
FICO,2026-05-01,5,1057.11,0.35606512094294995,1.9038004580930574
HOOD,2026-05-01,6,74.28,-0.07907915993538017,0.06759954032312196
GLW,2026-05-01,13,163.19,0.2770145229487042,0.2583343584696688
CHTR,2026-05-01,0,169.0,0.3314792899408392,1.2048192771084338
CSGP,2026-05-01,0,35.86,0.4401003904071388,2.8460543337645596
IP,2026-05-01,0,31.44,0.5935750636132386,1.5829429817476932
LITE,2026-05-04,0,991.73,0.12906738729290268,0.44624561723055334
SNDK,2026-05-04,1,1235.53,0.06413442004646885,0.17191273382177635
MU,2026-05-04,0,564.99,0.11795253013326956,0.04993401576487726
BLDR,2026-05-04,2,75.28,0.03862911795959878,0.6124350951937265
ARE,2026-05-04,1,40.69,-0.1509461784222177,1.0872251050160557
NCLH,2026-05-04,0,17.87,0.13508673754896172,1.2557077625570712
IP,2026-05-04,1,32.61,0.04483287335173003,0.215219062259801
ALB,2026-05-04,0,197.27,0.04283469356718417,0.9064140314940522
INTC,2026-05-05,0,102.15,0.366656877141458,0.08954778369235701
TER,2026-05-05,0,349.19,0.002921045848958137,0.9719972228650814
SNDK,2026-05-05,0,1294.96,0.18842280842652492,0.02017270942763746
HOOD,2026-05-05,2,78.01,-0.0592744519933297,0.03869220352099199
ALB,2026-05-05,7,196.2,-0.06266055045871521,0.2555583950932788
BLDR,2026-05-05,59,75.74,-0.12094005809347719,0.23885350318472243
IP,2026-05-05,1,31.74,-0.20000000000000018,0.4765687053216906
CVNA,2026-05-05,3,76.326,0.5505332390011386,0.5129425451468754
QCOM,2026-05-06,2,195.95,0.5894360806328214,0.1694958781684237
INTC,2026-05-06,3,111.62,0.8818670489159519,0.036271309394261916
TER,2026-05-06,3,370.51,0.4653153761032147,0.2625275721612588
NCLH,2026-05-06,0,17.72,0.1379232505643424,0.3996574364830162
BLDR,2026-05-06,0,79.29,0.05173414049690628,2.0826595951102767
ARE,2026-05-06,0,44.95,2.419888765294753,1.0584393649363784
DOW,2026-05-06,8,38.32,-0.19999999999998908,0.05254860746191048
LUV,2026-05-06,0,41.78,-0.20000000000000018,1.9668985368193819
SMCI,2026-05-07,0,34.25,0.12052554744526045,0.3822967210704384
PODD,2026-05-07,0,156.55,-0.008751197700429536,1.1502095720830556
BLDR,2026-05-07,0,82.46,0.44145040019403226,3.115264797507788
ALB,2026-05-07,1,208.6,2.3835091083413307,0.7930751003433505
CF,2026-05-07,2,115.85,-0.191385412170908,0.26141512722202614
APP,2026-05-07,0,468.5,0.09822838847384219,0.7565095003518644
QCOM,2026-05-08,2,213.64,0.4353117393746553,0.22169288460177775
SNDK,2026-05-08,0,1404.56,0.18653528507148742,0.23379734216886416
TECH,2026-05-08,1,50.38,0.017903930131013546,2.3108610469205377
MRNA,2026-05-08,0,49.69,0.44270476957133376,0.24459845087647256
INTC,2026-05-11,2,132.41,0.05626463258061598,0.12228676245796134
MRNA,2026-05-11,30,58.78,-0.01323579448793133,0.08581481163648358
SNDK,2026-05-11,2,1596.19,-0.19687380574994195,0.15736436803038642
QCOM,2026-05-11,0,238.72,1.4095425603217082,0.05603327514493026
RDDT,2026-05-11,3,155.17,0.8162015853580007,0.5651736122389349
APP,2026-05-11,1,458.02,0.7652722588533223,0.42072048382855987
AXON,2026-05-11,0,398.52,0.2182123858275542,0.8531321595382465
LITE,2026-05-12,5,1032.05,0.9391347318443932,0.11366085951125521
COHR,2026-05-12,5,374.29,0.7652301691202013,0.26343377866186884
WDC,2026-05-12,1,500.55,-0.036507841374489036,0.1968227189652671
MRNA,2026-05-12,0,52.6,0.5399619771863096,0.2683534598428226
COIN,2026-05-12,0,214.04,0.03313399364603953,0.2831524303916915
HOOD,2026-05-12,0,79.38,0.41604938271606606,0.20232675771370331
MTD,2026-05-13,1,1062.41,-0.20000000000000018,0.7132269018200048
INTC,2026-05-14,1,115.53,-0.035869471133043174,0.10518934081346823
LITE,2026-05-14,1,1005.61,0.21781406310596996,0.22309091457226107
MRNA,2026-05-14,0,50.06,0.4379544546544212,0.5469462169553391
TECH,2026-05-14,0,45.78,-0.17820008737440274,3.184431667403799
J,2026-05-14,0,109.23,-0.19999999999998908,1.8172686178713255
CHTR,2026-05-14,0,146.36,0.09320852691991899,1.3730929264909777
VST,2026-05-14,1,142.39,-0.04580377835521343,0.5432290380612944
GLW,2026-05-15,48,199.5,-0.12996491228071116,0.18619631130010544
MU,2026-05-15,0,741.54,0.5913585241524411,0.12277805819679649
COHR,2026-05-15,48,384.39,0.14790707354510602,0.1699813020567827
MRNA,2026-05-15,0,49.0,-0.20000000000000018,0.41356492969396785
VRT,2026-05-15,19,365.71,0.04287550244730376,0.23132848645076887
FDS,2026-05-15,0,207.97,-0.20000000000000018,3.052560814680176
BLDR,2026-05-15,0,73.0,-0.20000000000000018,1.7271157167530224
TECH,2026-05-18,17,44.18,0.5228610230873842,0.5448354143019342
COIN,2026-05-18,17,191.21,0.029653260812723126,0.14747708838091284
INTC,2026-05-18,0,114.37,0.567893678412168,0.15856236786468692
CRL,2026-05-18,17,153.29,0.6854328397155829,0.7272250794378651
APP,2026-05-18,0,499.26,0.0918479349437229,1.0050251256281406
TTD,2026-05-18,0,21.17,1.0256967406707451,1.0944563407090193
SNDK,2026-05-19,0,1297.65,1.3650830347166076,0.0069609606125582025
GLW,2026-05-19,1,176.08,0.5141526578827715,0.5673515000429864
MU,2026-05-19,0,669.93,1.5295508485961395,0.20604757142105215
VRT,2026-05-19,6,332.22,0.5239720667027825,0.45982611873258245
FIX,2026-05-19,5,1818.22,0.4048750976229476,1.6581947118381175
ZTS,2026-05-19,28,79.74,-0.04981188863807384,0.1382865044943107
TTD,2026-05-19,0,22.66,1.0331862312444873,0.1772264067345997
INTC,2026-05-20,0,118.11,0.5520277707222077,0.13768178297909886
MRNA,2026-05-20,0,46.6,-0.20000000000001128,0.5220796171416184
FIX,2026-05-20,4,1876.23,-0.046275776424009596,
CEG,2026-05-20,27,274.55,-0.018248042250945673,0.1351326674092893
NCLH,2026-05-20,16,15.04,-0.20000000000000018,0.06655574043261091
FDS,2026-05-20,0,220.41,-0.20000000000000018,3.402987769102312
VRT,2026-05-20,50,326.98,0.03806960670376114,0.15717697819554383
SMCI,2026-05-21,1,33.27,0.009978960024059624,0.09081277433023774
RDDT,2026-05-21,0,146.2,0.6874145006840138,0.7538296621598084
VRT,2026-05-21,7,323.91,0.20670556636102067,0.1549186676994578
DASH,2026-05-21,33,158.37,-0.12437961735176639,0.3551947228212624
MRVL,2026-05-21,20,193.22,-0.008891419107748266,0.05706430109199555
NCLH,2026-05-21,29,15.69,-0.07278521351178346,0.06387735547748187
RCL,2026-05-21,22,249.55,-0.1880024043277806,0.25853362956978987
ZTS,2026-05-22,11,81.25,0.0579446153845975,0.14791076050783256
ALB,2026-05-22,8,172.61,0.04861827240598693,0.19815829350740383
F,2026-05-22,0,13.86,0.8080808080808133,0.508905852417292
SNDK,2026-05-26,3,1543.25,0.7538635995464116,0.10465724751438443
ECHO,2026-05-26,5,130.03,-0.04649696223948396,0.3390614163520056
INTU,2026-05-26,48,316.96,-0.20000000000000018,0.1044155104494563
DELL,2026-05-26,0,304.3,0.5182451528097376,0.7465781833264206
TTD,2026-05-26,0,22.16,0.07021660649817463,0.2727272727272831
RDDT,2026-05-26,32,144.2,0.28446601941747307,0.23640661938534516
NCLH,2026-05-26,0,16.97,0.09404832056569834,0.2378121284185443
FIX,2026-05-26,7,1886.81,-0.193652779029152,0.33725375281377395
CVNA,2026-05-26,0,70.68,0.9578381437464589,1.2112575703598067
SNDK,2026-05-27,2,1653.28,0.13140302912997281,0.15084066075566321
SMCI,2026-05-27,2,38.45,0.7603641092327473,0.07844162635638943
COIN,2026-05-27,0,177.53,0.5308060609474419,0.22662889518412307
NCLH,2026-05-27,0,18.02,1.0738068812430557,0.33764772087789685
APA,2026-05-27,12,36.55,-0.008864569083444351,0.16438356164384185
RCL,2026-05-27,1,279.83,0.3813315227102043,0.8381924198250771
UAL,2026-05-27,1,111.02,0.5640965591785285,0.4104154316202315
QCOM,2026-05-28,43,237.51,0.00589448865311315,0.14363567234168537
CIEN,2026-05-28,2,602.89,-0.06757119872613515,0.6424553110748666
COIN,2026-05-28,22,171.84,-0.136114990689018,0.16939747072051875
APP,2026-05-28,0,571.23,0.6124048106717073,0.3540956770078042
NCLH,2026-05-28,0,17.95,-0.14440111420612745,0.7384265833570154
TTD,2026-05-28,2,21.4,0.07981308411215693,0.2836879432624053
HOOD,2026-05-28,20,75.14,0.09220122438113876,0.026716537536748908
SMCI,2026-05-29,0,45.02,0.8640604175921718,0.2249718785151888
QCOM,2026-05-29,0,251.3,0.030338241146043998,0.15987210231814775
COIN,2026-05-29,3,182.0,0.041274725274731416,0.3279508629554348
F,2026-05-29,1,16.95,0.3299115044247847,0.05915409642118641
HOOD,2026-05-29,1,86.12,0.4953088713423037,0.1998236849838398
DLTR,2026-05-29,0,111.79,-0.01252348152787075,1.770544576589457
NOW,2026-06-01,7,136.87,-0.17812522831883726,0.1251887035605048
WDAY,2026-06-01,0,153.05,-0.19999999999998908,1.3157894736842104
INTC,2026-06-01,5,110.45,-0.07349932095971345,0.04581901489119026
COIN,2026-06-01,17,180.07,0.11591047925807452,0.11143923775560742
RDDT,2026-06-01,17,180.65,0.11489620813727175,0.2606405101899342
AXON,2026-06-01,0,459.87,-0.11319285885141861,1.092896174863388
CF,2026-06-01,0,116.0,0.13553448275862578,1.0003914575268633
VEEV,2026-06-01,8,183.85,0.511112319825946,0.3025385736681333
NCLH,2026-06-01,0,17.97,0.8552031163049589,0.8913649025069645
MRVL,2026-06-02,0,256.96,1.7963107098381226,0.5950387169231452
LITE,2026-06-02,0,946.93,2.422183265922495,0.43540899631823715
AXON,2026-06-02,0,469.93,-0.05983444342774202,3.7493629986229973
COIN,2026-06-02,5,177.66,-0.20000000000000018,0.30529172320216647
DLTR,2026-06-02,0,113.75,0.48434285714284986,2.809435462496693
HOOD,2026-06-02,0,89.08,-0.13277952402335202,0.24811097327168022
MRVL,2026-06-03,1,319.06,0.18786435153261838,0.1905608842025099
HPE,2026-06-03,0,55.38,-0.1459371614301208,1.6130527486789608
AXON,2026-06-03,49,484.0,0.014446280991742277,0.4371018695944806
MRVL,2026-06-04,1,285.94,0.274673008323445,0.18828712009519963
NOW,2026-06-04,8,122.48,0.3948236446766673,0.14822134387352343
SMCI,2026-06-04,0,45.98,1.0806002609830445,0.5975434325550584
CHTR,2026-06-04,1,132.3,-0.011413454270592371,0.6902567603443673
TTD,2026-06-04,26,21.04,0.03716730038023641,0.04763038818767118
FDS,2026-06-04,17,260.86,-0.18469677221498726,1.0043701602392106
GPN,2026-06-04,7,69.62,-0.20000000000000018,0.3324420033244258
VEEV,2026-06-04,0,184.06,-0.0427577963707515,3.3333333333333335
LITE,2026-06-05,2,916.85,0.7350297213284618,0.3470963631770266
COHR,2026-06-05,44,407.13,0.0868027411391914,0.1332741003998133
APP,2026-06-05,0,584.11,0.3364948383010047,0.6920415224913495
HOOD,2026-06-05,3,86.85,0.08727691421992478,0.15021087295626026
AXON,2026-06-05,0,511.76,-0.20000000000000018,2.566633761105627
FIX,2026-06-05,4,1889.0,-0.20000000000000018,0.6441137827531296
RDDT,2026-06-05,3,183.0,0.34535519125682423,1.0247933884297595
MRVL,2026-06-08,0,289.47,0.11029122188828122,0.23235248218342525
MU,2026-06-08,0,949.32,0.13430666161040605,0.1545389144973537
COIN,2026-06-08,30,157.4,0.3452858958068461,0.18483699289333125
HOOD,2026-06-08,24,84.97,-0.0708014593385875,0.023562676720070713
TTD,2026-06-08,41,19.73,0.15408008109478732,0.05090353779586669
FCX,2026-06-08,3,65.06,-0.07728250845373541,0.5400817838129905
INTU,2026-06-09,1,301.08,1.3181480005314494,0.49821945062110545
NOW,2026-06-09,1,111.21,0.5179210502652687,0.2539221909857633
COIN,2026-06-09,0,159.35,0.495186695952321,0.31161563165761014
ECHO,2026-06-09,1,118.75,0.8505263157894793,0.6217793109322344
CVNA,2026-06-09,1,72.66,-0.20000000000000018,1.0530010530010532
ALB,2026-06-09,15,156.04,-0.12325044860291845,0.24443586774732756
TTD,2026-06-09,1,19.28,0.5246887966805058,0.312662845231885
RDDT,2026-06-09,0,180.03,0.1436982725101288,1.091739542137793
VEEV,2026-06-09,2,167.2,0.12828947368421773,0.5677014132141549
SMCI,2026-06-10,0,35.94,0.24429604897051593,0.05632216277105921
QCOM,2026-06-10,0,201.29,0.7519399870833166,0.3206734141697639
MU,2026-06-10,0,918.35,-0.1619643926607517,0.04749570605680155
APP,2026-06-10,6,507.25,-0.20000000000000018,0.40654457043783665
VRT,2026-06-10,0,286.65,0.3326844583987576,0.47146576595594075
TTD,2026-06-10,1,19.72,0.2554766734280012,0.20429009193055517
COIN,2026-06-10,0,154.37,0.07799442896936348,0.22902012105348885
MRVL,2026-06-11,0,262.78,-0.11644721820533999,0.31473094342519126
TER,2026-06-11,1,364.54,0.7445054040708943,1.2346195114473892
ECHO,2026-06-11,0,118.38,0.32268964352086815,0.39072453919985883
GEV,2026-06-11,1,894.94,-0.09852057121148006,0.3271666357488539
VST,2026-06-11,3,142.0,-0.017267605633797256,0.27082887891097956
ALB,2026-06-11,0,153.25,0.6661272430668941,1.210025929127048
FCX,2026-06-11,18,64.1,0.033541341653675616,0.0779970361126233
SMCI,2026-06-12,44,30.9,-0.1354045307443319,0.0648718780408679
MRVL,2026-06-12,0,271.66,-0.20000000000000018,0.24408284023669566
MOS,2026-06-12,4,22.26,0.1586702605570478,0.4627487274410061
APTV,2026-06-12,0,69.11,0.17545941253076514,2.836468885672929
FCX,2026-06-12,0,67.89,-0.05299749594934733,1.2200565392054863
UAL,2026-06-12,0,114.47,0.8723683061064191,1.436580238262089
MRVL,2026-06-15,0,300.45,0.4477284073889143,0.10784941525394935
SNDK,2026-06-15,0,2107.39,0.39243803947064393,0.1962783341114542
TER,2026-06-15,0,429.48,0.6714026264319495,1.5172510980106584
RDDT,2026-06-15,1,169.65,1.1824344238137385,1.4858841010401187
APP,2026-06-15,0,513.5,0.20619668938657298,0.0980872976949485
CVNA,2026-06-15,0,67.45,1.8862564862861309,0.8995502248875477
HOOD,2026-06-15,2,100.11,0.09907102187594052,0.03028620463377611
COIN,2026-06-15,1,171.31,0.12623898196253425,0.29420417769932333
FCX,2026-06-15,2,71.61,0.05085881860076302,0.40477353618536704
MRVL,2026-06-16,0,303.07,1.008519483947623,0.1973937335853644
WDC,2026-06-16,0,694.66,1.1404168945959192,0.11934563660709818
ORCL,2026-06-16,9,191.02,0.17094545073812473,0.04725525714735944
HOOD,2026-06-16,1,101.47,0.20325219276633444,0.26039058587882336
FISV,2026-06-16,1,48.91,0.02445307708036637,0.10333781130515068
CVNA,2026-06-16,0,70.74,0.8722080859485448,1.2072434607645925
TPL,2026-06-16,0,360.75,-0.20000000000000018,2.0565552699228786
MRVL,2026-06-17,13,294.95,-0.03758603153076745,0.04763200870984838
HOOD,2026-06-17,0,97.59,0.3215493390716029,0.36502059759087296
VRT,2026-06-17,2,306.56,0.5520159185803619,0.3886285331722204
FIX,2026-06-17,1,1963.77,0.296009206780834,1.5335496163551148
FOX,2026-06-17,2,47.59,0.1774742592981715,0.5690799873537697
ECHO,2026-06-17,3,121.99,0.44629887695712966,1.217782967720417
AXON,2026-06-17,13,434.2,0.14936895439889852,
SNDK,2026-06-18,1,2058.45,0.40797784740946863,0.0910081489188545
TER,2026-06-18,0,428.77,0.08396576253002497,0.7471980074719747
HOOD,2026-06-18,0,108.17,-0.11696403808819644,0.32456994482311724
AMD,2026-06-18,5,534.22,-0.11219722211822658,0.1052789893217136
VRT,2026-06-18,0,334.65,-0.012120125504266888,0.5258862997551936
CVNA,2026-06-18,5,65.1,0.2599078341014138,0.2939583816817478
MRNA,2026-06-18,0,64.81,2.0328344391297604,0.18761726078798852
FDS,2026-06-18,14,222.75,0.3555645342312008,0.7946900257371161
SNDK,2026-06-22,5,2306.45,-0.031247154718283543,0.20561923613988484
GLW,2026-06-22,3,202.9,0.29186791522917144,0.3698335748913035
TER,2026-06-22,0,457.99,-0.20000000000000018,1.672750391879596
ECHO,2026-06-22,1,106.62,0.6705120990433189,0.1804454152618811
APP,2026-06-22,1,464.94,0.16276078633801205,0.4510147832623388
GNRC,2026-06-22,4,290.54,0.301507537688428,1.3259745218508079
RDDT,2026-06-22,6,173.25,0.606464646464655,0.22892025944296934
CBOE,2026-06-22,1,252.79,-0.20000000000000018,0.7199252232364824
DASH,2026-06-22,1,172.07,0.2117975242633907,0.8170411438576046
NEM,2026-06-22,0,100.7,0.6919563058589873,1.5941018232539688
SMCI,2026-06-23,0,33.61,0.9283546563522815,0.24147298520977448
COHR,2026-06-23,4,392.0,0.0520459183673605,0.2234809077948611
WDC,2026-06-23,1,671.71,0.8236887942713267,0.5122024706236784
HOOD,2026-06-23,0,102.06,0.2791495198902538,0.0885434600816601
GNRC,2026-06-23,2,283.4,-0.20000000000000018,1.089665978206681
FIX,2026-06-23,1,1951.08,0.05575578653873592,0.258732212160414
ALB,2026-06-23,0,150.82,-0.08089112849753999,1.8269960096296607
ECHO,2026-06-23,31,104.41,0.36394981323628617,0.20115905934191652
CSGP,2026-06-23,2,30.13,-0.001261201460323047,0.9383378016085828
ORCL,2026-06-24,2,164.08,0.3778278888347142,0.0675862492703841
CIEN,2026-06-24,0,451.32,0.8481520872108517,3.171131765992345
LULU,2026-06-24,1,111.65,-0.20000000000000018,0.4149003337241758
APP,2026-06-24,0,461.25,-0.20000000000000018,1.6770354341357856
CCL,2026-06-24,0,29.71,0.4382362840794185,0.784581272386152
MOS,2026-06-24,3,21.04,-0.19999999999998908,0.2859866539561595
GLW,2026-06-25,3,221.0,0.9605701357465968,0.15513072044531798
SMCI,2026-06-25,0,33.63,-0.11097234611956441,0.11990407673860656
SNDK,2026-06-25,2,2264.2,0.27603568589347205,0.1380416403278219
GNRC,2026-06-25,5,294.02,-0.19999999999998908,0.8114632016845581
COIN,2026-06-25,0,151.44,-0.19999999999998908,0.21961201876685357
SNDK,2026-06-26,26,2187.23,0.3826758045564427,0.11150583562565707
SMCI,2026-06-26,0,31.09,0.7630106143454496,0.25839793281653195
INTC,2026-06-26,0,129.67,-0.1769106192642811,0.11657276083155677
ECHO,2026-06-26,0,96.63,-0.20000000000000018,0.7865345288658171
COIN,2026-06-26,0,139.73,0.9070636227009432,0.17222820236814432
BLDR,2026-06-26,0,88.02,-0.15464667121107833,3.446893787575157
GNRC,2026-06-26,0,287.19,-0.20000000000001128,2.2246018860755115
WDC,2026-06-29,5,606.56,-0.15228501714585896,0.17999100044998434
ECHO,2026-06-29,2,100.58,-0.20000000000000018,0.6384676775738233
HOOD,2026-06-29,20,101.14,0.23417045679257065,0.11983223487118488
CVNA,2026-06-29,0,64.77,-0.061324687355257534,1.1584220413274922
AXON,2026-06-29,0,491.53,0.49642544707342307,0.6166495375128468
COIN,2026-06-29,1,151.83,0.03005993545412977,0.3047568570292696
APP,2026-06-29,2,493.12,0.32620051914340475,0.408997955010225
FIX,2026-06-29,4,1910.0,0.32251308900523856,1.8314023172193425
WDC,2026-06-30,0,642.76,0.6912377870433639,0.8978498857998023
SNDK,2026-06-30,5,2138.14,0.27002815531256275,0.494390568549158
GLW,2026-06-30,4,253.9,0.4564237888932565,0.45987947986044897
ALB,2026-06-30,0,138.4,0.07401734104046653,3.5036282342593275
AXON,2026-06-30,0,527.79,0.7208700430095139,0.9606147934678195
ECHO,2026-06-30,2,98.5,0.2762030456852749,0.42726347914547474
CBOE,2026-06-30,0,232.65,-0.20000000000001128,1.2611437268971541
SNDK,2026-07-01,0,2114.74,-0.20000000000000018,0.21884253415814955
ON,2026-07-01,2,92.89,-0.1892561093766787,0.3887269193391636
SMCI,2026-07-01,21,28.41,-0.12974304822246374,0.03540449637104466
AXON,2026-07-01,21,583.11,0.001958464097673307,0.35569149347470214
APP,2026-07-01,2,537.06,-0.20000000000000018,0.9473694084100266
FOXA,2026-07-01,13,54.11,-0.12622435778968377,0.03716090672611672
GEV,2026-07-01,0,1151.28,0.07392814953790516,0.8817844189127634
CSGP,2026-07-01,1,29.32,-0.13192360163710726,0.48126503953248734
FOX,2026-07-01,1,48.2,-0.20000000000000018,0.3141032352633203
HOOD,2026-07-02,0,114.9,1.0420713664055725,0.16859665468744128
RDDT,2026-07-02,2,196.64,0.8556550040683675,0.7587568859785926
COIN,2026-07-02,0,166.78,1.936263340928157,0.3208523776371953
APP,2026-07-02,0,562.61,0.8146566893585394,0.9036610089366123
MRNA,2026-07-02,0,75.05,1.089886742171875,1.223657375934746
LITE,2026-07-02,2,784.43,0.10152594877808063,0.6738147393771685
SMCI,2026-07-02,0,28.46,0.5714687280393482,0.10689470871191016
FDS,2026-07-02,2,251.93,0.2357559639582396,0.8968609865470852
AXON,2026-07-02,3,590.5,0.26815580016934515,1.2417268030231832
WDC,2026-07-06,0,570.69,1.4263470535667233,0.7054673721340388
STX,2026-07-06,0,868.52,0.5446046147469241,0.8067090334000807
APP,2026-07-06,0,523.84,-0.09331093463654794,1.9876568249645212
MRNA,2026-07-06,0,79.28,-0.09929364278506991,0.9922401730059803
FIX,2026-07-06,0,1785.86,0.7226355929356165,1.6795265098695393
VRT,2026-07-06,0,314.29,0.4382576601227983,0.6366559485530605
GNRC,2026-07-06,0,257.87,0.23732888664831364,2.7079303675048356
FOX,2026-07-06,0,50.32,-0.20000000000000018,1.7885532591415059
COIN,2026-07-06,0,163.96,0.02521346669919211,0.1673225296687697
SNDK,2026-07-07,0,1626.65,0.32150124488981024,0.04445432318293123
MU,2026-07-07,10,926.72,0.05738302831492792,0.02808563959642998
LRCX,2026-07-07,0,328.38,0.11303368049211393,0.6397478095591458
AXON,2026-07-07,0,653.33,0.971637610395959,2.8027251794234767
CSGP,2026-07-07,3,29.95,-0.033388981636051085,0.33523298692590636
HOOD,2026-07-07,1,117.37,0.0805998125585683,0.12051304123267675
COIN,2026-07-07,0,168.37,0.6357664667102192,0.437741732377891
MU,2026-07-08,0,922.11,0.7372721258851911,0.09751340809361236
INTC,2026-07-08,0,109.3,0.5304666056724638,0.07371913011426307
MRVL,2026-07-08,0,229.8,0.7988685813751006,0.4475859165540276
FIX,2026-07-08,1,1656.46,0.7886855100636136,2.4242424242424243
GNRC,2026-07-08,0,235.96,0.45557721647735416,2.4261626266790977
COIN,2026-07-08,2,159.97,0.4301056448084095,0.3070079258168482
CVNA,2026-07-08,2,66.9,-0.19999999999998908,0.4232164449818639
HOOD,2026-07-08,3,111.53,0.05055142114229749,0.1532981649307919
SNDK,2026-07-09,24,1842.76,0.34320367275173513,0.09462332845715082
WDC,2026-07-09,9,596.5,-0.09292204526405445,0.16652789342214974
MU,2026-07-09,7,1020.64,0.15494787584260372,0.05018721800441754
VRT,2026-07-09,1,335.23,0.3180085314560044,1.5171425158284504
FIX,2026-07-09,0,1776.05,0.39619830522790167,2.1693452211937103
HOOD,2026-07-09,0,113.2,-0.20000000000000018,0.32966543413374133
CHTR,2026-07-09,0,132.12,0.3061005146836049,3.240303636844286
TER,2026-07-10,1,356.51,0.012751395472765381,1.3280886520323083
KLAC,2026-07-10,15,226.55,0.20968439638047176,0.11991739024226947
LRCX,2026-07-10,0,345.19,0.586395897911296,1.0226956381591505
APP,2026-07-10,0,529.0,0.5036937618147386,0.9519114077669868
FIX,2026-07-10,3,1759.41,0.26456596245330033,1.1024606467011473
MRNA,2026-07-13,0,66.69,0.05440095966413594,0.33167495854062845
COIN,2026-07-13,0,157.23,0.6061184252369234,0.41646644241550906
CHTR,2026-07-13,0,133.33,-0.20000000000000018,2.102376599634362
CSGP,2026-07-13,0,29.17,0.34741172437433576,1.7391304347826086
VRT,2026-07-13,1,313.04,0.29096601073344,0.5210747566453001
AXON,2026-07-14,0,531.94,1.0889160431627465,3.0886944780443946
APP,2026-07-14,0,439.08,1.0932996264917616,0.4608294930875576
GEV,2026-07-14,0,1077.73,0.1055867425050705,0.8415147265077139
VRT,2026-07-14,0,316.67,-0.1936969084536,1.2811706257288427
FDS,2026-07-14,19,253.93,-0.023140235497975947,0.5260555720359983
TTD,2026-07-14,0,19.2,0.05989583333334547,0.26226068712300404
CVNA,2026-07-14,5,67.27,1.120380555968481,0.6648534300393047
AXON,2026-07-15,0,557.01,0.33572108220678576,1.5418601505793166
CVNA,2026-07-15,2,71.55,-0.13025856044723838,0.3223771813021092
CSGP,2026-07-15,0,28.3,0.18791519434628867,0.035707909301915954
GNRC,2026-07-15,0,229.29,-0.18258973352522911,6.493563551689293
CHTR,2026-07-15,0,130.36,0.289966247315121,1.8093249826026472
COIN,2026-07-15,0,166.8,-0.08033573141488226,0.16347289074562418
WDC,2026-07-16,0,492.71,1.0173448884739589,0.9320659426389415
SNDK,2026-07-16,0,1534.27,0.9292197592340345,0.32602504762715423
FIX,2026-07-16,2,1688.4,0.3668573797678265,2.0858358097293306
ERIE,2026-07-16,2,216.36,0.6717970049916699,
PNR,2026-07-16,3,64.18,-0.18444998441884408,0.6938968616937469
CAT,2026-07-16,1,896.12,-0.10645002901396028,0.46375192065932014
ALB,2026-07-16,2,122.19,-0.20000000000000018,0.7640172520024585
CSGP,2026-07-16,2,29.29,-0.16592693752133236,0.6194081211286984
GLW,2026-07-17,1,153.03,-0.056524864405671504,0.36973458338835485
SNDK,2026-07-17,1,1390.39,0.08783147174533656,0.14771048744460857
MRVL,2026-07-17,0,184.28,0.23325374430216428,0.4061025134452909
HOOD,2026-07-17,0,101.07,-0.1703769664588961,0.6368159203979964
APP,2026-07-17,0,423.33,0.7948645264923337,1.7857565781683016
MRNA,2026-07-17,0,62.32,-0.11992939666239932,1.1354420113544248
VRT,2026-07-17,27,280.23,0.6084287906362507,0.161073825503372
GNRC,2026-07-17,28,211.4,0.08325449385051531,0.3049361539927513
COIN,2026-07-17,0,154.4,0.5497927461139973,0.5868927290511937
WDC,2026-07-20,0,495.14,0.128541422627948,0.7462535234116778
TER,2026-07-20,0,340.39,0.7352859954757651,1.1902808645197713
STX,2026-07-20,2,821.53,0.36367022506786917,0.4876967412990513
AXON,2026-07-20,0,510.76,0.14584932257810657,1.2856816397905604
VRT,2026-07-20,0,297.25,0.5554247266610579,1.0118043844856661
FIX,2026-07-20,0,1718.48,-0.20000000000000018,1.530004500013235
FCX,2026-07-20,3,59.27,-0.0821326134638034,0.06763611768684333
HOOD,2026-07-21,0,103.86,1.1452724821875648,0.24329716315507766
VRT,2026-07-21,2,304.17,-0.18359470033203484,0.03279226102640523
CAT,2026-07-21,0,893.02,-0.09047949653983034,1.2436404748445449
GNRC,2026-07-21,1,218.99,-0.20000000000000018,1.1487914713721166
COIN,2026-07-21,0,169.99,0.39296429201716165,0.28564627469649473
ISRG,2026-07-21,0,349.7,0.27659708321419174,1.0369540551797474
APP,2026-07-21,2,424.0,1.1322358490565954,0.7349181244128324
SNDK,2026-07-22,4,1539.99,0.3184449249670429,0.1965810570313642
TER,2026-07-22,0,363.99,0.608840902222596,1.0202674755273649
WDC,2026-07-22,0,534.21,0.5622171056326009,0.13294336612601737
COIN,2026-07-22,0,173.54,0.2945718566324862,0.29027576197387517
HOOD,2026-07-22,0,105.95,0.15794242567248595,0.6413017468293867
GEV,2026-07-22,0,1027.46,-0.10869522901134632,1.6609672691744015
BLDR,2026-07-22,3,71.0,-0.19999999999998908,0.8629836598995535
SNDK,2026-07-23,1,1587.63,0.23436946895685207,0.21264810558550923
RDDT,2026-07-23,10,175.64,0.3227510817581658,0.17172295363479276
ECHO,2026-07-23,0,90.8,0.3605506607929465,1.3870541611624891
META,2026-07-23,11,613.28,0.02294221236629479,0.0393300776769049
SNDK,2026-07-24,4,1565.38,0.29154710038457043,0.19889993530923908
TER,2026-07-24,1,370.13,-0.05439710372030504,0.9129165353035472
NOW,2026-07-24,0,96.14,0.28789265654254326,0.4427110783176997
AXON,2026-07-24,0,501.75,-0.20000000000000018,1.0351075650946544
TTD,2026-07-24,0,17.06,-0.14150058616646533,0.2945508100147317
DECK,2026-07-24,0,94.42,0.053675068841352314,2.095633210999414
VEEV,2026-07-24,0,183.53,-0.14018416607639583,2.185792349726776
CHTR,2026-07-24,0,114.67,2.3152350222377382,0.7181328545780944
GEV,2026-07-24,2,1030.33,0.07024545533953486,0.6429548563611531
WDAY,2026-07-27,0,142.36,0.03134307389713875,0.49417578538650797
ORCL,2026-07-27,5,120.05,0.13252811328614555,0.0930429266229642
HOOD,2026-07-27,5,98.41,0.0839548826338854,0.07202016564638859
APP,2026-07-27,1,406.83,0.33232554138091785,0.5847808310825913
CHTR,2026-07-27,9,126.16,0.3853836398224564,0.3273583775799406
CVNA,2026-07-27,0,63.66,0.6622368834432901,0.593757522265903
CMG,2026-07-27,1,33.04,0.7363801452784591,0.1816530426884719
SNDK,2026-07-28,5,1184.0,0.13716216216217436,0.15468829454018224
GEV,2026-07-28,1,952.59,-0.08475629599302703,0.34308556679938745
MNST,2026-07-28,4,48.92,-0.1489983646770221,0.12295081967212125
CSGP,2026-07-28,1,30.03,0.6308358308358297,0.20134228187919037
ISRG,2026-07-28,0,368.19,0.53456096037372,0.8427734909429169
STX,2026-07-29,2,800.87,0.5626406283167018,0.6179249189371575
FLEX,2026-07-29,0,104.52,0.49703406046690546,1.3606793464766396
CSGP,2026-07-29,0,27.42,0.6007293946024728,1.732435033686234
CHTR,2026-07-29,0,139.81,0.07839210356910264,2.0260492040520863
FIX,2026-07-29,4,1636.9,0.237756735292316,1.4600531322944506
TTD,2026-07-29,0,18.86,-0.20000000000000018,1.8211033743974279
SNDK,2026-07-30,0,1139.07,1.4077414030744473,0.11446886446886048
LITE,2026-07-30,6,665.0,0.4153082706766842,0.14195750336015536
COHR,2026-07-30,17,244.65,-0.16328632740650884,0.08193363375665244
VRT,2026-07-30,8,238.15,-0.1874280915389437,0.1817528583807117
FIX,2026-07-30,13,1708.6,-0.19883179211049873,0.13390161817714522
GEV,2026-07-30,4,964.97,0.1133714001471553,0.1629412993524071
CSGP,2026-07-30,0,28.5,0.3952982456140397,1.023469207693662
VST,2026-07-30,0,149.44,0.007026231263385085,0.9314342047115645
CHTR,2026-07-30,0,141.25,-0.051624778761050205,3.3627814192077508
CVNA,2026-07-30,4,59.42,-0.20000000000000018,0.2778742618964859
SNDK,2026-07-31,0,1397.47,-0.04431579926580387,0.012997422177939307
LITE,2026-07-31,0,763.36,0.4863734018025534,0.5143105233276589
VRT,2026-07-31,3,251.12,-0.013212806626317075,0.5989962765096284
MU,2026-07-31,2,923.27,0.5577393395214791,0.13719960364558847
GNRC,2026-07-31,0,202.48,0.0070130383247768435,3.341721187720189
ERIE,2026-07-31,0,244.02,-0.20000000000000018,7.192555956073433
CSGP,2026-07-31,14,29.25,-0.0976410256410265,0.13740982480247046
RDDT,2026-07-31,4,148.91,1.4554025921697633,0.35967561331478476
SNDK,2026-08-03,5,1184.88,1.6420650192424446,0.1335291761249794
MU,2026-08-03,8,789.78,-0.07363569601660513,0.11566056800777444
LITE,2026-08-03,6,693.97,0.5233655633528844,0.59646707960541
VRT,2026-08-03,0,238.26,0.4031730042810322,1.4567103679777011
FIX,2026-08-03,6,1689.99,0.6007668684430145,0.8492314335578408
BAX,2026-08-03,0,27.1,-0.015867158671600823,2.1481481481481417
AXON,2026-08-03,4,550.4,0.2641860465116386,1.064877283833564
COIN,2026-08-03,23,144.51,0.42154868175212634,0.13909173099658437
RDDT,2026-08-03,5,144.29,0.13891468570241816,0.2391503130055591
COHR,2026-08-04,3,328.0,0.9562195121951333,0.4452414816647078
MU,2026-08-04,0,870.04,-0.066939451059711,0.21145924209772662
HOOD,2026-08-04,0,94.06,-0.09389751222624865,0.14036603142040668
CVNA,2026-08-04,4,67.9,0.5789985272459441,0.2513119964520684
RDDT,2026-08-04,0,155.55,-0.10376084860174162,1.1028934734656917
SNDK,2026-08-05,1,1410.65,-0.0033218728954675925,0.115066163043743
AMD,2026-08-05,2,487.1,0.08479162389651851,0.20295317580301492
GLW,2026-08-05,0,158.26,0.2666498167572362,0.9887640449438333
NRG,2026-08-05,0,121.97,1.0437156677871595,0.34580188082486113
CMG,2026-08-05,4,34.84,0.5734213547646361,0.25985275010826125
BLDR,2026-08-05,0,74.88,0.026575854700872092,3.2085561497326283
SNDK,2026-08-06,0,1188.19,1.046460582903408,0.2728978338734475
WDC,2026-08-06,9,431.97,0.9621038498043744,0.08237329222512996
COHR,2026-08-06,4,318.0,0.35235220125786615,0.3438285950781523
RDDT,2026-08-06,1,152.0,-0.035855263157891226,1.401481186277449
VRT,2026-08-06,0,273.62,0.2048607557927129,0.7484284845244797
PODD,2026-08-06,1,133.51,0.8764137517788928,1.2829324169530192
APP,2026-08-06,0,342.87,2.457491177414184,0.5613827744127574
MNST,2026-08-06,0,47.265,0.35954723368243346,1.6145201287395148
MRNA,2026-08-06,0,58.6,0.24279863481229125,0.38174561860142087
DVA,2026-08-06,0,188.24,-0.19999999999998908,1.4411529223378643
COHR,2026-08-07,0,368.76,0.00027117908667495527,0.5987607045881717
LITE,2026-08-07,0,882.62,-0.025868437153031554,0.5730659025787965
MRVL,2026-08-07,13,220.35,0.3570864533696483,0.07751407792445382
MRNA,2026-08-07,0,55.35,0.34092140921409,1.1315933564519156
TTD,2026-08-07,0,13.08,2.6993883792048923,0.23282887077998557
PODD,2026-08-07,0,138.6,-0.18559884559884443,1.4492753623188406
COIN,2026-08-07,2,149.21,0.0006567924401679193,0.11547736304046184
TTD,2026-08-10,0,13.64,0.16583577712607767,0.07421150278292976
SMCI,2026-08-10,0,32.98,1.0406913280776253,0.21878418502891162
MU,2026-08-10,2,872.23,0.18559324948694833,0.05787572923418835
TPL,2026-08-10,0,347.97,-0.20000000000000018,2.4298524732426894
APTV,2026-08-10,0,49.25,0.10395939086293993,1.7973856209150236
EFX,2026-08-10,2,182.0,0.38125274725275826,1.3974380302778298
GLW,2026-08-11,6,160.67,0.4956868114769586,0.5965650412885734
KLAC,2026-08-11,7,199.9,-0.00030015007503880753,0.16111167052663034
VRT,2026-08-11,1,277.5,0.25314594594594286,0.3698466224301239
FIX,2026-08-11,0,1708.01,-0.11293844883812909,2.0618799771295198
TTD,2026-08-11,1,13.42,0.9154992548435326,0.07567158531971084
GNRC,2026-08-11,3,211.86,-0.20000000000000018,2.911978821972202
DDOG,2026-08-12,0,244.7,-0.08172456068654688,1.865284974093264
DELL,2026-08-12,1,461.83,0.5412121343351561,0.40150126560181004
TER,2026-08-12,5,399.24,0.7374060715359176,0.22762911629318053
FIX,2026-08-12,2,1783.64,0.054586127245404015,0.816949583751469
GNRC,2026-08-12,0,224.29,-0.20000000000000018,2.936525864016264
TTD,2026-08-12,4,13.54,0.09483013293944964,0.07471049682480228
TPL,2026-08-12,0,362.99,-0.20000000000000018,1.662049861495845
DELL,2026-08-13,0,510.53,0.47832644506689004,0.23387604569578443
SMCI,2026-08-13,0,38.62,1.3504919730709553,0.07846214201648002
HPE,2026-08-13,0,61.95,0.3155125100887668,0.3273322422258639
TPL,2026-08-13,0,338.47,-0.13808018435903513,0.5899705014749262
APP,2026-08-13,0,309.87,0.1639397166553591,0.4180957047199182
TTD,2026-08-13,21,13.77,-0.12752360203340807,0.07280669821623434
BLDR,2026-08-13,0,73.79,0.08402222523375968,2.576999931096265
SNDK,2026-08-14,34,1653.41,0.31487168941763954,0.0950576134445694
WDC,2026-08-14,11,505.97,-0.0007826550981304692,0.1701992914959753
STX,2026-08-14,10,946.49,0.5655104649811449,0.21007052367580936
RDDT,2026-08-14,1,177.75,1.035218002812921,0.21060420639212482
COIN,2026-08-14,0,151.86,0.2797445015145339,0.23822128110112073
HOOD,2026-08-14,2,98.4,-0.17971544715447152,0.1434132349928299
STX,2026-08-17,28,997.98,0.24200885789293913,0.1327086642671918
LITE,2026-08-17,0,956.41,0.0859150364383332,0.19849020746449828
WDAY,2026-08-17,0,193.87,0.2735957084644358,0.8754435494314786
TTD,2026-08-17,0,13.84,0.3768786127167578,0.21778584392014055
VRT,2026-08-17,34,299.18,-0.05989705194197059,0.06343377013604799
FIX,2026-08-17,1,1801.25,0.28314004163774165,0.6174628296292953
COHR,2026-08-18,0,327.21,0.2178539775679278,0.5692920776083472
SNDK,2026-08-18,0,1704.4,1.0056336540718025,0.17229404452816605
LITE,2026-08-18,0,926.97,1.6076550481676888,0.5506304718903144
CVNA,2026-08-18,2,67.98,0.16701971167991658,0.25068200250682254
MNST,2026-08-18,1,46.33,0.25236347938699666,0.1741401828471883
PWR,2026-08-18,5,711.18,-0.15790095334513587,0.6274189113929468
SNDK,2026-08-19,1,1694.48,0.007317879231383273,0.0862461226419891
BLDR,2026-08-19,1,71.43,1.1273134537308938,1.0741138560687433
CVNA,2026-08-19,0,66.34,0.747753994573408,1.0905786125416523
RDDT,2026-08-19,3,158.22,-0.20000000000000018,0.30949771100652407
MRNA,2026-08-19,1,117.24,2.1324121460252643,0.1639273542987772
HOOD,2026-08-19,0,93.9,0.31015974440893324,0.24761802228562632
NRG,2026-08-19,2,116.99,-0.15734678177621308,0.6775590720013654
MRNA,2026-08-20,0,152.18,0.13445919306083187,0.18649260690022723
CRWD,2026-08-20,0,198.55,0.8404734323847807,0.7248396989127439
CVNA,2026-08-20,4,69.92,0.04264874141877151,0.5030542579949613
STX,2026-08-21,1,866.78,0.05560811278524369,0.4977241069815401
LITE,2026-08-21,1,906.38,-0.010613649904012146,0.30491536929257507
STLD,2026-08-21,3,227.9,-0.1649670908293155,1.0128037858517025
HOOD,2026-08-21,6,101.58,0.6842291789722399,0.07964161274265635
MOS,2026-08-21,0,23.92,-0.15827759197325486,1.7819261773440886
RDDT,2026-08-24,0,151.05,-0.20000000000000018,0.5915389983716159
TPL,2026-08-24,0,379.32,-0.10528313824739177,4.571353723230071
HOOD,2026-08-24,0,108.29,-0.19999999999998908,0.7382832577916979
COIN,2026-08-24,0,191.48,-0.10618341341132043,0.43932777557232366
