ticker,earnings_date,timing,outcome_date,spot,expected_move,net_credit,short_put,long_put,short_call,long_call,price_09:30,price_09:35,price_09:45,price_10:00,price_10:30,price_11:00,price_12:00,price_close,payoff_09:30,payoff_09:35,payoff_09:45,payoff_10:00,payoff_10:30,payoff_11:00,payoff_12:00,payoff_close
AAPL,2026-04-30,AMC,2026-05-01,271.3500061035156,10.469999999999999,1.76,260.0,255.0,280.0,285.0,278.86,280.68,282.02,283.95,285.34,282.65,284.71,280.15,1.76,1.0799999999999932,-0.2599999999999818,-2.189999999999989,-1.4800000000000002,-0.8899999999999773,-2.9499999999999797,1.6100000000000227
AAPL,2026-01-29,AMC,2026-01-30,258.2799987792969,11.55,1.41,245.0,240.0,270.0,275.0,255.17,254.0,253.5,256.3,254.08,254.92,256.09,258.24,1.41,1.41,1.41,1.41,1.41,1.41,1.41,1.41
NVDA,2026-08-26,AMC,2026-08-27,209.66000366210938,12.45,1.91,192.5,190.0,220.0,230.0,222.86,222.28,224.95,224.24,225.72,226.96,226.19,228.02,-0.9500000000000137,-0.3700000000000012,-3.0399999999999885,-2.330000000000009,-3.8099999999999987,-5.050000000000008,-4.279999999999998,-6.11000000000001
NVDA,2026-02-25,AMC,2026-02-26,195.55999755859375,11.969999999999999,0.89,180.0,177.5,210.0,215.0,194.27,191.01,189.99,189.39,186.1,186.33,185.89,184.87,0.89,0.89,0.89,0.89,0.89,0.89,0.89,0.89
GOOGL,2026-04-29,AMC,2026-04-30,349.94000244140625,19.189999999999998,2.04,325.0,320.0,370.0,380.0,374.08,372.93,370.29,370.45,369.06,372.19,374.64,385.1,-2.039999999999984,-0.8900000000000068,1.7499999999999796,1.5900000000000114,2.04,-0.1499999999999977,-2.5999999999999863,-5.92
GOOGL,2026-02-04,AMC,2026-02-05,333.0400085449219,21.48,2.15,305.0,300.0,355.0,365.0,312.38,314.89,325.71,320.98,316.0,316.53,321.94,331.24,2.15,2.15,2.15,2.15,2.15,2.15,2.15,2.15
TSLA,2026-07-22,AMC,2026-07-23,374.010009765625,22.18,2.24,345.0,340.0,395.0,405.0,341.38,337.85,334.28,326.74,323.86,323.42,324.6,319.35,-1.3800000000000043,-0.5199999999999996,-0.5199999999999996,-0.5199999999999996,-0.5199999999999996,-0.5199999999999996,-0.5199999999999996,-0.5199999999999996
TSLA,2026-04-22,AMC,2026-04-23,387.510009765625,20.81,1.89,360.0,355.0,410.0,420.0,375.28,379.05,379.75,372.35,369.09,376.01,380.84,373.63,1.89,1.89,1.89,1.89,1.89,1.89,1.89,1.89
TSLA,2026-01-28,AMC,2026-01-29,431.4599914550781,24.54,3.0,400.0,395.0,455.0,470.0,437.64,430.39,427.3,423.39,422.26,417.53,420.82,416.44,3.0,3.0,3.0,3.0,3.0,3.0,3.0,3.0
IBM,2026-07-22,AMC,2026-07-23,205.77000427246094,14.1,0.88,187.5,185.0,220.0,225.0,202.64,201.85,201.1,201.79,206.37,205.87,206.92,206.59,0.88,0.88,0.88,0.88,0.88,0.88,0.88,0.88
IBM,2026-04-22,AMC,2026-04-23,251.86000061035156,17.1,1.88,230.0,225.0,270.0,280.0,232.27,228.0,225.61,225.03,228.56,229.74,229.77,231.01,1.88,-0.1200000000000001,-2.5099999999999865,-3.089999999999999,0.44000000000000217,1.620000000000009,1.6500000000000101,1.88
IBM,2026-01-28,AMC,2026-01-29,294.1600036621094,19.25,2.37,270.0,265.0,315.0,325.0,317.86,317.19,317.11,315.55,311.19,311.57,312.28,308.91,-0.49000000000001354,0.18000000000000238,0.25999999999998646,1.8199999999999887,2.37,2.37,2.37,2.37
TXN,2026-07-22,AMC,2026-07-23,294.19000244140625,27.799999999999997,3.9,260.0,250.0,320.0,335.0,277.58,287.33,285.26,284.17,283.02,284.3,284.11,285.27,3.9,3.9,3.9,3.9,3.9,3.9,3.9,3.9
TXN,2026-04-22,AMC,2026-04-23,236.30999755859375,19.97,2.59,210.0,205.0,255.0,265.0,260.31,269.69,273.51,274.63,274.76,276.25,279.85,282.41,-2.7200000000000024,-4.82,-4.82,-4.82,-4.82,-4.82,-4.82,-4.82
TXN,2026-01-27,AMC,2026-01-28,196.6300048828125,15.2,2.84,177.5,175.0,210.0,220.0,203.82,207.49,211.59,211.76,211.38,211.85,213.34,216.23,2.84,2.84,1.2499999999999964,1.080000000000009,1.4600000000000044,0.9900000000000055,-0.5000000000000036,-3.38999999999999
MU,2026-06-24,AMC,2026-06-25,1048.510009765625,117.22,10.99,895.0,875.0,1165.0,1225.0,1234.49,1250.0,1216.69,1138.91,1148.65,1177.26,1194.21,1214.59,-38.019999999999996,-38.019999999999996,-40.70000000000005,10.99,10.99,-1.2699999999999907,-18.220000000000034,-38.599999999999916
MU,2026-03-18,AMC,2026-03-19,461.7300109863281,36.39,3.56,415.0,405.0,500.0,515.0,424.84,427.76,434.86,439.3,449.73,450.69,437.41,444.24,3.56,3.56,3.56,3.56,3.56,3.56,3.56,3.56
MU,2025-12-17,AMC,2025-12-18,225.52000427246094,20.11,2.29,200.0,195.0,245.0,255.0,256.53,260.55,261.63,256.16,250.03,252.32,253.9,248.54,-5.42,-5.42,-5.42,-5.42,-2.740000000000001,-5.029999999999993,-6.610000000000006,-1.249999999999992
LRCX,2026-07-29,AMC,2026-07-30,252.35000610351562,23.39,2.33,220.0,215.0,275.0,285.0,318.29,300.18,304.18,304.69,310.36,304.33,298.11,297.64,-5.34,-5.34,-5.34,-5.34,-5.34,-5.34,-5.34,-5.34
TER,2026-04-28,AMC,2026-04-29,380.1300048828125,44.349999999999994,4.46,320.0,315.0,425.0,445.0,314.59,311.29,318.89,331.27,325.17,319.21,319.77,306.35,3.92,3.92,3.3499999999999863,4.46,4.46,3.6699999999999795,4.229999999999982,3.92
LITE,2026-08-11,AMC,2026-08-12,820.5900268554688,90.2,10.06,705.0,685.0,910.0,955.0,899.95,873.41,845.77,879.23,876.65,922.49,942.75,931.71,10.06,10.06,10.06,10.06,10.06,-2.4300000000000086,-22.689999999999998,-11.650000000000036
LITE,2026-05-05,AMC,2026-05-06,994.5599975585938,114.75,10.48,845.0,820.0,1110.0,1165.0,995.01,1002.18,986.0,938.17,908.67,923.31,915.02,945.82,10.48,10.48,10.48,10.48,10.48,10.48,10.48,10.48
ADBE,2026-06-11,AMC,2026-06-12,218.8000030517578,20.15,1.9,192.5,187.5,240.0,250.0,202.5,197.04,200.37,201.23,203.2,204.36,203.35,204.02,1.9,1.9,1.9,1.9,1.9,1.9,1.9,1.9
ADBE,2026-03-12,AMC,2026-03-13,269.7799987792969,18.65,1.96,245.0,240.0,290.0,300.0,249.0,252.32,255.59,254.77,253.63,253.24,252.14,249.28,1.96,1.96,1.96,1.96,1.96,1.96,1.96,1.96
ADBE,2025-12-10,AMC,2025-12-11,343.1300048828125,24.15,2.95,310.0,305.0,365.0,380.0,341.65,348.95,352.66,348.64,350.6,345.34,344.25,350.44,2.95,2.95,2.95,2.95,2.95,2.95,2.95,2.95
SNOW,2025-12-03,AMC,2025-12-04,265.0,23.9,2.3,235.0,230.0,290.0,300.0,244.0,240.19,238.78,237.94,238.42,235.35,236.11,234.76,2.3,2.3,2.3,2.3,2.3,2.3,2.3,2.0599999999999907
CRWV,2026-05-07,AMC,2026-05-08,128.83999633789062,15.120000000000001,1.49,110.0,105.0,145.0,152.5,118.46,117.0,115.57,115.37,113.48,113.17,110.68,114.13,1.49,1.49,1.49,1.49,1.49,1.49,1.49,1.49
NET,2026-08-06,AMC,2026-08-07,284.42999267578125,33.75,3.1,240.0,235.0,320.0,335.0,318.0,319.2,318.23,323.43,312.81,304.2,304.93,300.27,3.1,3.1,3.1,-0.33000000000000673,3.1,3.1,3.1,3.1
NET,2026-05-07,AMC,2026-05-08,256.7900085449219,29.75,4.34,220.0,210.0,285.0,300.0,217.22,210.27,204.15,203.08,196.77,194.7,194.47,195.81,1.5599999999999987,-5.38999999999999,-1.3200000000000003,-1.3200000000000003,-1.3200000000000003,-1.3200000000000003,-1.3200000000000003,-1.3200000000000003
JPM,2026-01-13,BMO,2026-01-13,324.489990234375,11.51,1.5,310.0,305.0,335.0,340.0,324.62,322.54,319.55,316.7,314.42,315.8,314.84,310.77,1.5,1.5,1.5,1.5,1.5,1.5,1.5,1.5
WFC,2026-04-14,BMO,2026-04-14,86.63999938964844,4.0200000000000005,0.78,82.5,80.0,90.0,92.5,83.02,81.27,82.5,82.62,80.91,81.98,82.48,81.74,0.78,-0.45000000000000395,0.78,0.78,-0.8100000000000034,0.260000000000004,0.760000000000004,0.01999999999999491
MS,2026-07-15,BMO,2026-07-15,227.6699981689453,10.24,1.28,215.0,210.0,240.0,245.0,222.7,227.48,228.14,229.2,230.43,230.22,226.81,228.51,1.28,1.28,1.28,1.28,1.28,1.28,1.28,1.28
MS,2026-01-15,BMO,2026-01-15,180.77999877929688,6.59,0.63,172.5,170.0,187.5,190.0,181.0,187.01,187.38,187.84,189.64,190.13,191.23,191.28,0.63,0.63,0.63,0.2899999999999966,-1.5099999999999865,-1.2400000000000002,-1.2400000000000002,-1.2400000000000002
V,2026-07-28,AMC,2026-07-29,366.5899963378906,12.95,1.4,350.0,345.0,380.0,385.0,357.0,367.03,369.12,368.33,369.57,368.83,372.32,369.0,1.4,1.4,1.4,1.4,1.4,1.4,1.4,1.4
USB,2026-04-16,BMO,2026-04-16,56.369998931884766,1.94,0.72,55.0,52.5,57.5,60.0,55.75,55.64,55.89,55.7,55.32,55.41,55.52,55.45,0.72,0.72,0.72,0.72,0.72,0.72,0.72,0.72
RF,2026-07-17,BMO,2026-07-17,32.400001525878906,1.4,0.02,31.0,30.0,34.0,35.0,31.92,31.88,32.33,32.3,32.35,32.16,31.79,31.66,0.02,0.02,0.02,0.02,0.02,0.02,0.02,0.02
PGR,2026-01-28,BMO,2026-01-28,208.0800018310547,8.18,1.25,197.5,195.0,215.0,220.0,205.92,207.03,206.87,208.78,210.0,212.11,212.17,212.76,1.25,1.25,1.25,1.25,1.25,1.25,1.25,1.25
JNJ,2026-07-15,BMO,2026-07-15,253.85000610351562,8.26,1.51,245.0,240.0,260.0,265.0,250.09,255.47,254.3,254.35,252.56,253.16,251.3,247.07,1.51,1.51,1.51,1.51,1.51,1.51,1.51,1.51
JNJ,2026-01-21,BMO,2026-01-21,218.2100067138672,7.15,1.31,210.0,205.0,225.0,230.0,211.0,216.05,216.71,214.81,214.72,215.7,215.99,218.08,1.31,1.31,1.31,1.31,1.31,1.31,1.31,1.31
TMO,2026-07-23,BMO,2026-07-23,526.4600219726562,29.78,4.18,490.0,480.0,555.0,570.0,573.68,583.18,574.21,576.88,572.83,579.75,578.63,572.04,-6.640000000000001,-6.640000000000001,-6.640000000000001,-6.640000000000001,-6.640000000000001,-6.640000000000001,-6.640000000000001,-6.640000000000001
TMO,2026-04-23,BMO,2026-04-23,513.97998046875,25.380000000000003,2.19,480.0,475.0,540.0,550.0,472.65,465.88,466.69,468.01,472.35,470.72,461.15,466.7,-0.6200000000000001,-0.6200000000000001,-0.6200000000000001,-0.6200000000000001,-0.6200000000000001,-0.6200000000000001,-0.6200000000000001,-0.6200000000000001
TMO,2026-01-29,BMO,2026-01-29,608.02001953125,27.9,3.09,570.0,565.0,635.0,650.0,585.8,575.87,579.54,579.3,586.38,587.67,594.52,592.04,3.09,3.09,3.09,3.09,3.09,3.09,3.09,3.09
CI,2026-07-30,BMO,2026-07-30,296.4700012207031,16.85,0.52,275.0,270.0,315.0,320.0,286.0,283.25,284.5,286.83,288.71,288.06,289.06,287.77,0.52,0.52,0.52,0.52,0.52,0.52,0.52,0.52
CI,2026-04-30,BMO,2026-04-30,292.32000732421875,18.35,2.32,270.0,265.0,310.0,320.0,293.77,284.0,280.92,285.94,287.74,291.11,290.95,290.53,2.32,2.32,2.32,2.32,2.32,2.32,2.32,2.32
CI,2026-02-05,BMO,2026-02-05,271.7099914550781,17.68,2.16,250.0,245.0,290.0,300.0,277.2,275.81,275.47,280.06,281.72,280.12,279.42,284.73,2.16,2.16,2.16,2.16,2.16,2.16,2.16,2.16
VRTX,2026-08-03,AMC,2026-08-04,470.7200012207031,27.28,2.45,435.0,430.0,500.0,510.0,472.33,478.76,483.0,486.16,478.36,479.22,477.31,478.78,2.45,2.45,2.45,2.45,2.45,2.45,2.45,2.45
VRTX,2026-05-04,AMC,2026-05-05,429.8500061035156,26.66,2.73,395.0,390.0,455.0,470.0,431.99,423.87,412.6,417.98,422.65,425.05,418.3,424.21,2.73,2.73,2.73,2.73,2.73,2.73,2.73,2.73
VRTX,2026-02-12,AMC,2026-02-13,465.0199890136719,34.1,2.76,420.0,415.0,500.0,515.0,471.91,490.04,485.55,488.06,491.62,495.93,493.67,491.75,2.76,2.76,2.76,2.76,2.76,2.76,2.76,2.76
MRNA,2026-02-13,BMO,2026-02-13,40.11000061035156,3.5,0.25,36.0,35.0,44.0,45.0,41.85,42.85,43.63,43.37,42.93,43.59,43.65,42.23,0.25,0.25,0.25,0.25,0.25,0.25,0.25,0.25
EW,2026-02-10,AMC,2026-02-11,77.05000305175781,6.14,1.16,70.0,67.5,82.5,87.5,78.61,76.03,75.81,75.83,75.86,77.37,78.66,79.29,1.16,1.16,1.16,1.16,1.16,1.16,1.16,1.16
ALGN,2026-07-29,AMC,2026-07-30,180.0800018310547,19.67,2.69,155.0,150.0,200.0,210.0,180.72,180.75,175.88,173.21,174.4,173.96,176.0,173.4,2.69,2.69,2.69,2.69,2.69,2.69,2.69,2.69
ALGN,2026-04-29,AMC,2026-04-30,178.39999389648438,18.8,1.41,155.0,150.0,197.5,205.0,177.0,170.5,169.5,168.91,171.13,174.59,173.52,176.18,1.41,1.41,1.41,1.41,1.41,1.41,1.41,1.41
PSX,2026-04-29,BMO,2026-04-29,165.1300048828125,6.27,0.74,157.5,155.0,172.5,175.0,165.15,170.03,169.84,171.98,173.0,174.71,174.75,173.48,0.74,0.74,0.74,0.74,0.24,-1.470000000000008,-1.51,-0.23999999999998978
VLO,2026-07-30,BMO,2026-07-30,301.32000732421875,14.07,1.64,285.0,280.0,315.0,320.0,296.41,302.3,299.4,303.83,309.27,308.81,307.36,311.73,1.64,1.64,1.64,1.64,1.64,1.64,1.64,1.64
HAL,2026-07-21,BMO,2026-07-21,35.11000061035156,1.8,0.24,33.0,32.0,37.0,38.0,33.33,32.77,32.77,32.95,32.82,33.19,33.27,33.2,0.24,0.010000000000003118,0.010000000000003118,0.19000000000000283,0.060000000000000275,0.24,0.24,0.24
DOW,2026-04-23,BMO,2026-04-23,38.810001373291016,2.5,0.3,36.0,35.0,41.0,43.0,39.38,38.23,37.98,37.7,37.65,36.91,37.11,38.53,0.3,0.3,0.3,0.3,0.3,0.3,0.3,0.3
ALB,2026-05-06,AMC,2026-05-07,192.61000061035156,13.21,1.28,175.0,172.5,205.0,210.0,207.01,208.15,214.24,217.63,214.74,211.12,207.84,198.33,-0.7299999999999909,-1.8700000000000057,-2.4399999999999995,-2.4399999999999995,-2.4399999999999995,-2.4399999999999995,-1.5600000000000034,1.28
ALB,2026-02-11,AMC,2026-02-12,175.42999267578125,12.059999999999999,0.8,160.0,157.5,187.5,192.5,173.01,179.36,173.03,170.16,167.51,162.89,160.84,158.86,0.8,0.8,0.8,0.8,0.8,0.8,0.8,-0.3399999999999863
COST,2025-12-11,AMC,2025-12-12,884.47998046875,28.259999999999998,2.72,850.0,840.0,915.0,925.0,883.0,879.51,877.15,879.49,876.58,868.79,873.35,884.3,2.72,2.72,2.72,2.72,2.72,2.72,2.72,2.72
HD,2026-08-18,BMO,2026-08-18,337.8800048828125,14.379999999999999,2.28,320.0,315.0,350.0,360.0,337.38,338.84,337.99,339.0,339.6,344.35,340.56,337.67,2.28,2.28,2.28,2.28,2.28,2.28,2.28,2.28
ULTA,2026-08-27,AMC,2026-08-28,540.0999755859375,43.8,4.53,485.0,475.0,585.0,605.0,,,,,,,,,,,,,,,,
ULTA,2026-06-02,AMC,2026-06-03,494.8699951171875,55.54,5.3,425.0,410.0,550.0,580.0,478.74,462.22,471.24,464.46,462.87,466.17,472.93,470.58,5.3,5.3,5.3,5.3,5.3,5.3,5.3,5.3
ULTA,2026-03-12,AMC,2026-03-13,624.7000122070312,50.4,4.56,560.0,550.0,675.0,700.0,566.29,570.11,570.8,565.1,558.94,555.43,547.06,535.61,4.56,4.56,4.56,4.56,3.500000000000054,-0.010000000000050413,-0.8800000000000008,-0.8800000000000008
ULTA,2025-12-04,AMC,2025-12-05,533.9500122070312,37.84,4.56,485.0,475.0,570.0,590.0,578.95,589.14,588.82,593.75,607.56,608.74,609.05,600.1,-4.390000000000046,-14.579999999999988,-14.260000000000051,-10.880000000000003,-10.880000000000003,-10.880000000000003,-10.880000000000003,-10.880000000000003
CMG,2026-07-29,AMC,2026-07-30,34.2400016784668,2.73,0.29,31.0,30.0,37.0,38.0,36.64,38.21,38.96,38.25,38.06,38.28,38.64,38.53,0.29,-0.42,-0.42,-0.42,-0.42,-0.42,-0.42,-0.42
CMG,2026-04-29,AMC,2026-04-30,32.9900016784668,3.4,0.56,29.0,28.0,36.0,38.0,35.1,33.81,33.65,33.58,34.22,34.16,34.19,33.97,0.56,0.56,0.56,0.56,0.56,0.56,0.56,0.56
CMG,2026-02-03,AMC,2026-02-04,39.16999816894531,4.07,0.53,34.0,33.0,43.0,45.0,37.73,38.4,39.22,39.05,39.44,38.61,39.24,39.92,0.53,0.53,0.53,0.53,0.53,0.53,0.53,0.53
BKNG,2026-08-04,AMC,2026-08-05,194.27000427246094,14.02,0.99,175.0,172.5,210.0,215.0,206.7,208.7,205.63,204.78,206.79,206.88,205.1,207.01,0.99,0.99,0.99,0.99,0.99,0.99,0.99,0.99
MAR,2026-05-06,BMO,2026-05-06,354.5199890136719,15.82,2.26,335.0,330.0,370.0,380.0,363.87,356.0,356.67,359.27,358.51,361.66,360.83,358.97,2.26,2.26,2.26,2.26,2.26,2.26,2.26,2.26
LULU,2025-12-11,AMC,2025-12-12,187.00999450683594,21.1,2.3,160.0,155.0,210.0,220.0,204.58,206.49,210.29,209.83,205.38,203.38,205.97,205.03,2.3,2.3,2.010000000000008,2.3,2.3,2.3,2.3,2.3
TPR,2026-08-13,BMO,2026-08-13,153.74000549316406,15.32,1.7,135.0,130.0,170.0,177.5,132.7,128.35,130.74,131.33,129.62,130.68,131.72,128.42,-0.6000000000000114,-1.5999999999999999,-2.5599999999999907,-1.9699999999999875,-1.5999999999999999,-2.619999999999993,-1.5800000000000012,-1.5999999999999999
VFC,2026-01-28,BMO,2026-01-28,20.280000686645508,2.0,0.27,18.0,17.0,22.0,23.0,17.89,18.96,18.64,18.45,18.5,18.51,18.41,19.11,0.1600000000000006,0.27,0.27,0.27,0.27,0.27,0.27,0.27
PM,2026-07-22,BMO,2026-07-22,188.0399932861328,10.15,1.66,175.0,172.5,197.5,205.0,192.03,195.98,193.55,194.96,193.26,192.0,193.37,194.26,1.66,1.66,1.66,1.66,1.66,1.66,1.66,1.66
PM,2026-02-06,BMO,2026-02-06,182.0,9.3,0.52,170.0,167.5,192.5,195.0,179.83,180.89,182.24,182.93,184.45,186.3,184.7,182.77,0.52,0.52,0.52,0.52,0.52,0.52,0.52,0.52
CAT,2026-08-04,BMO,2026-08-04,830.030029296875,61.43,7.09,750.0,740.0,890.0,920.0,922.0,918.79,914.97,885.2,869.26,877.0,878.47,876.21,-15.82,-21.699999999999964,-17.880000000000027,7.09,7.09,7.09,7.09,7.09
CAT,2026-04-30,BMO,2026-04-30,810.0499877929688,45.2,4.8,750.0,740.0,855.0,880.0,853.22,868.99,877.89,885.99,887.55,879.68,892.49,890.62,4.8,-9.190000000000008,-18.089999999999986,-15.399999999999999,-15.399999999999999,-19.87999999999995,-15.399999999999999,-15.399999999999999
CAT,2026-01-29,BMO,2026-01-29,643.280029296875,36.73,3.37,595.0,590.0,680.0,700.0,655.17,656.77,678.76,668.88,653.99,648.41,667.79,664.63,3.37,3.37,3.37,3.37,3.37,3.37,3.37,3.37
BA,2026-07-28,BMO,2026-07-28,211.5,11.45,0.91,197.5,195.0,225.0,230.0,214.0,214.78,217.06,218.9,221.19,216.0,221.12,221.53,0.91,0.91,0.91,0.91,0.91,0.91,0.91,0.91
BA,2026-01-27,BMO,2026-01-27,248.42999267578125,11.98,1.45,235.0,230.0,260.0,265.0,242.5,243.89,243.45,243.29,241.85,247.06,253.33,244.5,1.45,1.45,1.45,1.45,1.45,1.45,1.45,1.45
GE,2026-07-16,BMO,2026-07-16,360.3500061035156,19.64,2.42,335.0,330.0,380.0,390.0,353.22,349.69,347.37,344.28,347.98,346.11,343.7,345.61,2.42,2.42,2.42,2.42,2.42,2.42,2.42,2.42
GE,2026-04-21,BMO,2026-04-21,303.6000061035156,15.94,2.7,285.0,280.0,320.0,330.0,293.57,298.76,296.53,291.41,291.07,289.06,285.18,286.78,2.7,2.7,2.7,2.7,2.7,2.7,2.7,2.7
GE,2026-01-22,BMO,2026-01-22,318.5,15.28,1.56,300.0,295.0,335.0,340.0,305.87,301.35,304.21,302.47,299.35,296.69,299.43,295.0,1.56,1.56,1.56,1.56,0.9100000000000228,-1.7500000000000022,0.9900000000000069,-3.44
RTX,2026-07-23,BMO,2026-07-23,194.8800048828125,9.510000000000002,0.57,182.5,180.0,205.0,210.0,205.0,208.61,208.99,211.77,209.92,210.0,210.42,208.97,0.57,-3.040000000000014,-3.4200000000000093,-3.86,-4.349999999999987,-4.43,-3.86,-3.399999999999999
RTX,2026-04-21,BMO,2026-04-21,195.7899932861328,10.420000000000002,1.33,182.5,180.0,205.0,210.0,194.61,195.57,193.91,194.2,190.36,188.39,187.44,187.2,1.33,1.33,1.33,1.33,1.33,1.33,1.33,1.33
GD,2026-07-29,BMO,2026-07-29,393.19000244140625,19.52,1.37,370.0,365.0,415.0,420.0,398.8,396.33,393.45,392.33,392.99,390.36,390.33,381.32,1.37,1.37,1.37,1.37,1.37,1.37,1.37,1.37
GD,2026-04-29,BMO,2026-04-29,313.67999267578125,17.88,1.18,290.0,285.0,330.0,340.0,338.08,335.0,342.63,341.69,346.64,344.58,345.92,338.9,-6.899999999999984,-3.8200000000000003,-7.640000000000001,-7.640000000000001,-7.640000000000001,-7.640000000000001,-7.640000000000001,-7.7199999999999775
GD,2026-01-28,BMO,2026-01-28,366.6199951171875,14.16,2.29,350.0,345.0,380.0,390.0,349.42,348.06,355.16,349.78,351.93,355.84,357.99,356.67,1.710000000000016,0.3500000000000023,2.29,2.0699999999999728,2.29,2.29,2.29,2.29
FDX,2026-06-23,AMC,2026-06-24,317.239990234375,22.35,2.55,290.0,285.0,340.0,350.0,314.77,312.45,314.35,310.76,314.09,314.63,314.01,316.9,2.55,2.55,2.55,2.55,2.55,2.55,2.55,2.55
FDX,2025-12-18,AMC,2025-12-19,287.11999522399907,17.3,1.98,265.0,260.0,305.0,315.0,219.0899,223.06,228.4072,226.8852,229.1159,229.0837,230.807,232.5867,-1.04,-1.04,-1.04,-1.04,-1.04,-1.04,-1.04,-1.04
LUV,2026-01-28,AMC,2026-01-29,40.86000061035156,2.9299999999999997,0.25,37.0,36.0,44.0,45.0,43.38,44.61,45.9,45.34,46.07,45.74,47.02,48.44,0.25,-0.35999999999999943,-0.5,-0.5,-0.5,-0.5,-0.5,-0.5
T,2026-01-28,BMO,2026-01-28,23.0,1.08,0.25,22.0,21.0,24.0,25.0,23.42,23.89,23.73,24.07,24.01,24.07,24.18,24.07,0.25,0.25,0.25,0.17999999999999972,0.23999999999999844,0.17999999999999972,0.07000000000000028,0.17999999999999972
CELH,2026-08-06,BMO,2026-08-06,29.149999618530273,3.29,0.53,25.0,24.0,32.0,34.0,25.98,25.7,25.29,24.43,24.37,24.16,24.15,23.77,0.53,0.53,0.53,-0.04000000000000026,-0.09999999999999898,-0.30999999999999983,-0.3200000000000014,0.06000000000000005
ONON,2026-08-11,BMO,2026-08-11,38.779998779296875,3.9699999999999998,0.41,34.0,33.0,43.0,45.0,31.59,30.48,30.17,30.78,31.51,31.43,31.42,30.91,-0.1800000000000001,-0.1800000000000001,-0.1800000000000001,-0.1800000000000001,-0.1800000000000001,-0.1800000000000001,-0.1800000000000001,-0.1800000000000001
ONON,2026-05-12,BMO,2026-05-12,34.040000915527344,3.9899999999999998,0.42,29.0,28.0,38.0,40.0,32.12,32.59,32.21,32.23,31.88,31.88,32.56,33.85,0.42,0.42,0.42,0.42,0.42,0.42,0.42,0.42
