ticker,earnings_date,timing,outcome_date,spot,net_credit,price_09:30,price_09:35,price_09:45,price_10:00,price_10:30,price_11:00,price_12:00,price_close,payoff_09:30,payoff_09:35,payoff_09:45,payoff_10:00,payoff_10:30,payoff_11:00,payoff_12:00,payoff_close
TSLA,2026-07-22,AMC,2026-07-23,374.010009765625,1.5255,341.38,337.85,334.28,326.74,323.86,323.42,324.6,319.35,-1.9489999999999998,-1.9489999999999998,-1.9489999999999998,-1.9489999999999998,-1.9489999999999998,-1.9489999999999998,-1.9489999999999998,-1.9489999999999998
TSLA,2026-04-22,AMC,2026-04-23,387.510009765625,2.162,375.28,379.05,379.75,372.35,369.09,376.01,380.84,373.63,2.162,2.162,2.162,2.162,1.251999999999975,2.162,2.162,2.162
AMD,2026-08-04,AMC,2026-08-05,518.5800170898438,3.7517,484.5,494.14,493.25,494.22,486.72,480.83,483.75,481.72,3.7517,3.7517,3.7517,3.7517,3.7517,3.7517,3.7517,3.7517
AMD,2026-05-05,AMC,2026-05-06,355.260009765625,1.4997,409.49,426.8,428.29,411.62,405.9,409.7,414.09,421.49,-2.0006000000000004,-2.0006000000000004,-2.0006000000000004,-2.0006000000000004,-2.0006000000000004,-2.0006000000000004,-2.0006000000000004,-2.0006000000000004
AMAT,2026-08-13,AMC,2026-08-14,534.5399780273438,2.9072,499.4,513.37,517.58,511.79,509.8,508.48,504.75,507.18,2.9072,2.9072,2.9072,2.9072,2.9072,2.9072,2.9072,2.9072
AMAT,2026-05-14,AMC,2026-05-15,440.55999755859375,2.2261,427.44,439.86,431.01,429.91,431.45,434.47,439.01,436.33,2.2261,2.2261,2.2261,2.2261,2.2261,2.2261,2.2261,2.2261
MPWR,2026-07-30,AMC,2026-07-31,1316.1800537109375,5.2734,1499.0,1560.31,1483.92,1455.91,1448.04,1459.07,1433.22,1426.03,-14.453200000000002,-14.453200000000002,-14.453200000000002,-14.453200000000002,-14.453200000000002,-14.453200000000002,-14.453200000000002,-14.453200000000002
MPWR,2026-04-30,AMC,2026-05-01,1614.4100341796875,6.2579,1564.56,1544.75,1580.64,1563.64,1548.68,1550.0,1552.9,1583.03,6.2579,6.2579,6.2579,6.2579,6.2579,6.2579,6.2579,6.2579
TER,2026-07-28,AMC,2026-07-29,320.6499938964844,2.2269,368.26,364.9,358.98,338.14,332.36,337.1,331.38,319.27,-5.546199999999999,-5.546199999999999,-5.546199999999999,2.2269,2.2269,2.2269,2.2269,2.2269
TER,2026-04-28,AMC,2026-04-29,380.1300048828125,2.3515,314.59,311.29,318.89,331.27,325.17,319.21,319.77,306.35,-0.2969999999999997,-0.2969999999999997,-0.2969999999999997,-0.2969999999999997,-0.2969999999999997,-0.2969999999999997,-0.2969999999999997,-0.2969999999999997
CBRS,2026-08-12,AMC,2026-08-13,262.05999755859375,3.0189,218.67,225.9,231.99,227.5,234.99,226.5,226.72,231.5,1.0377999999999998,-1.0810999999999944,3.0189,0.5188999999999999,3.0189,-0.4811000000000001,-0.2611000000000012,3.0189
CBRS,2026-06-23,AMC,2026-06-24,226.72000122070312,2.0468,209.14,200.02,193.08,195.26,190.94,189.9,186.66,182.5,2.0468,2.0468,1.5936000000000003,1.5936000000000003,1.5936000000000003,1.5936000000000003,1.5936000000000003,1.5936000000000003
CRWV,2026-08-11,AMC,2026-08-12,90.31999969482422,1.229,108.47,108.08,107.59,107.09,107.31,106.43,107.36,107.67,-2.542,-2.542,-2.542,-2.542,-2.542,-2.542,-2.542,-2.542
CRWV,2026-02-26,AMC,2026-02-27,97.62999725341797,1.0778,84.22,79.37,83.17,81.21,80.49,79.98,78.82,79.52,-0.3443999999999998,-0.3443999999999998,-0.3443999999999998,-0.3443999999999998,-0.3443999999999998,-0.3443999999999998,-0.3443999999999998,-0.3443999999999998
DDOG,2026-02-10,BMO,2026-02-10,114.01000213623047,0.7278,123.79,125.5,127.79,130.82,131.55,130.82,132.34,129.63,-1.0444,-1.0444,-1.0444,-1.0444,-1.0444,-1.0444,-1.0444,-1.0444
PANW,2026-02-17,AMC,2026-02-18,163.5,0.6349,149.55,148.87,150.08,149.36,152.09,154.11,153.67,152.35,-1.2302,-1.2302,-1.2302,-1.2302,-1.2302,-1.2302,-1.2302,-1.2302
MDB,2026-05-28,AMC,2026-05-29,325.67999267578125,2.3931,350.5,335.5,333.99,319.48,313.49,309.31,310.85,335.58,-5.213799999999999,2.3931,2.3931,2.3931,2.3931,2.3931,2.3931,2.3931
MDB,2026-03-02,AMC,2026-03-03,325.010009765625,2.5259,234.65,230.11,238.76,239.25,241.98,253.2,259.33,252.5,0.05180000000000007,0.05180000000000007,0.05180000000000007,0.05180000000000007,0.05180000000000007,0.05180000000000007,0.05180000000000007,0.05180000000000007
HUM,2026-02-11,BMO,2026-02-11,181.3000030517578,1.4965,170.96,179.83,181.16,178.05,177.43,173.97,177.27,175.42,1.4965,1.4965,1.4965,1.4965,1.4965,1.4965,1.4965,1.4965
ALGN,2026-07-29,AMC,2026-07-30,180.0800018310547,1.0989,180.72,180.75,175.88,173.21,174.4,173.96,176.0,173.4,1.0989,1.0989,1.0989,1.0989,1.0989,1.0989,1.0989,1.0989
GEHC,2026-07-29,BMO,2026-07-29,64.11000061035156,0.7342,68.95,69.67,70.5,71.32,71.46,71.79,71.22,71.94,-1.0316,-1.0316,-1.0316,-1.0316,-1.0316,-1.0316,-1.0316,-1.0316
VLO,2026-01-29,BMO,2026-01-29,184.02000427246094,0.7647,191.77,191.93,189.09,188.07,187.92,189.9,190.18,182.38,-1.0053000000000103,-1.1653000000000069,0.7647,0.7647,0.7647,0.7647,0.5846999999999932,0.7647
SW,2026-02-11,BMO,2026-02-11,45.75,0.298,48.53,49.54,50.22,51.45,50.65,51.33,50.47,50.27,-0.40399999999999997,-0.40399999999999997,-0.40399999999999997,-0.40399999999999997,-0.40399999999999997,-0.40399999999999997,-0.40399999999999997,-0.40399999999999997
HOOD,2026-07-29,AMC,2026-07-30,89.83999633789062,0.6969,90.99,87.18,88.58,89.13,87.81,87.54,87.04,86.61,0.6969,0.6969,0.6969,0.6969,0.6969,0.6969,0.6969,0.6969
HOOD,2026-04-28,AMC,2026-04-29,82.06999969482422,0.8118,72.3,72.46,72.75,72.49,70.89,70.64,70.84,71.21,-0.8764000000000002,-0.8764000000000002,-0.8764000000000002,-0.8764000000000002,-0.8764000000000002,-0.8764000000000002,-0.8764000000000002,-0.8764000000000002
HOOD,2026-02-10,AMC,2026-02-11,85.5999984741211,0.8362,77.88,76.83,76.96,75.55,75.02,75.88,74.87,77.99,-1.2838000000000045,-0.8275999999999999,-0.8275999999999999,-0.8275999999999999,-0.8275999999999999,-0.8275999999999999,-0.8275999999999999,-1.173800000000005
PINS,2026-08-04,AMC,2026-08-05,25.579999923706055,0.3066,23.75,24.25,24.6,24.68,24.51,24.38,23.5,23.37,-0.38680000000000003,-0.4434,-0.0933999999999986,-0.0134000000000003,-0.18339999999999845,-0.313400000000001,-0.38680000000000003,-0.38680000000000003
PINS,2026-02-12,AMC,2026-02-13,18.540000915527344,0.2677,14.25,14.29,14.5,14.89,14.65,14.63,15.18,15.42,-0.46459999999999996,-0.46459999999999996,-0.46459999999999996,-0.46459999999999996,-0.46459999999999996,-0.46459999999999996,-0.46459999999999996,-0.46459999999999996
FSLR,2026-02-24,AMC,2026-02-25,243.2100067138672,1.4275,197.54,208.56,211.41,210.0,209.62,206.62,211.36,210.37,-2.1449999999999996,-2.1449999999999996,-2.1449999999999996,-2.1449999999999996,-2.1449999999999996,-2.1449999999999996,-2.1449999999999996,-2.1449999999999996
