ticker,entry_date,outcome_date,spot,implied_move_pct,net_credit,outcome_close,close_payoff,n_trailing_quarters,trailing_avg_abs_move_pct,trailing_max_abs_move_pct,trailing_blowouts_gt12pct,trailing_blowouts_gt15pct
NVDA,2026-08-26,2026-08-27,209.66,5.94,0.92,227.98,-2.06,8,4.61,8.48,0,0
NVDA,2026-02-25,2026-02-26,195.56,6.12,0.89,184.89,0.89,8,6.9,16.4,1,1
GOOGL,2026-04-29,2026-04-30,349.94,5.48,1.19,384.8,-2.62,8,4.27,10.22,0,0
GOOGL,2026-02-04,2026-02-05,333.04,6.45,1.31,331.25,1.31,8,4.89,10.22,0,0
TSLA,2026-04-22,2026-04-23,387.51,5.37,1.11,373.72,1.11,8,8.75,21.92,3,1
TSLA,2026-01-28,2026-01-29,431.46,5.69,1.32,416.56,1.32,8,9.83,21.92,4,1
IBM,2026-04-22,2026-04-23,251.86,6.79,1.08,231.08,1.08,8,7.37,12.96,1,0
IBM,2026-01-28,2026-01-29,294.16,6.54,1.45,309.24,1.45,8,7.91,12.96,1,0
TXN,2026-07-22,2026-07-23,294.19,9.45,2.23,284.99,2.23,8,8.76,19.43,2,1
TXN,2026-04-22,2026-04-23,236.31,8.45,1.64,282.23,-1.72,8,7.04,13.34,1,0
TXN,2026-01-27,2026-01-28,196.63,7.73,1.09,216.17,-0.08,8,6.1,13.34,1,0
MU,2026-06-24,2026-06-25,1048.51,11.18,5.18,1213.56,-8.38,8,8.61,16.18,2,1
MU,2026-03-18,2026-03-19,461.73,7.88,1.82,444.27,1.82,8,9.78,16.18,3,1
MU,2025-12-17,2025-12-18,225.52,8.92,1.34,248.55,1.34,8,9.58,16.18,3,1
MRVL,2026-08-27,2026-08-28,241.45,10.27,1.3,216.62,1.3,8,13.58,23.19,4,4
TER,2026-04-28,2026-04-29,380.13,11.67,1.86,306.33,-1.28,8,11.69,20.47,4,2
LITE,2026-08-11,2026-08-12,820.59,10.99,5.45,932.47,5.45,8,10.1,23.57,3,1
LITE,2026-05-05,2026-05-06,994.56,11.54,2.77,944.28,2.77,8,10.19,23.57,3,1
ADBE,2026-06-11,2026-06-12,218.8,9.21,1.1,204.02,1.1,8,8.33,14.51,3,0
ADBE,2026-03-12,2026-03-13,269.78,6.91,1.13,249.32,1.13,8,9.09,14.51,4,0
ADBE,2025-12-10,2025-12-11,343.13,7.04,1.2,350.43,1.2,8,9.62,14.51,4,0
SNOW,2025-12-03,2025-12-04,265.0,9.02,1.4,234.77,1.17,8,14.52,32.71,5,3
NET,2026-08-06,2026-08-07,284.43,11.87,1.4,300.27,1.4,8,10.58,23.62,3,2
NET,2026-05-07,2026-05-08,256.79,11.59,2.74,196.13,-4.52,8,9.68,17.76,3,2
MS,2026-07-14,2026-07-15,227.67,4.5,1.28,228.55,1.28,8,4.31,6.5,0,0
RF,2026-07-16,2026-07-17,32.4,4.32,0.02,31.65,0.02,8,2.98,6.12,0,0
TMO,2026-07-22,2026-07-23,526.46,5.66,1.32,572.32,-2.36,8,5.1,9.2,0,0
TMO,2026-04-22,2026-04-23,513.98,4.94,0.78,466.7,-3.44,8,4.54,9.14,0,0
TMO,2026-01-28,2026-01-29,608.02,4.59,0.85,592.16,0.85,8,4.84,9.14,0,0
CI,2026-04-29,2026-04-30,292.32,6.28,1.35,290.58,1.35,8,6.27,17.39,1,1
CI,2026-02-04,2026-02-05,271.71,6.51,1.35,284.53,1.35,8,6.35,17.39,1,1
VRTX,2026-08-03,2026-08-04,470.72,5.8,0.8,478.71,0.8,8,6.44,20.6,1,1
VRTX,2026-05-04,2026-05-05,429.85,6.2,1.7,424.36,1.7,8,6.52,20.6,1,1
VRTX,2026-02-12,2026-02-13,465.02,7.33,0.24,491.47,0.24,8,6.18,20.6,1,1
EW,2026-02-10,2026-02-11,77.05,7.97,0.72,79.33,0.72,8,7.25,31.34,1,1
ALGN,2026-07-29,2026-07-30,180.08,10.92,1.94,173.41,1.94,8,9.05,36.63,1,1
PSX,2026-04-28,2026-04-29,165.13,3.8,0.74,173.49,-0.25,8,3.98,5.5,0,0
HAL,2026-07-20,2026-07-21,35.11,5.13,0.24,33.19,0.24,8,5.5,11.58,0,0
DOW,2026-04-22,2026-04-23,38.81,6.44,0.13,38.53,0.13,8,6.17,17.45,2,1
ALB,2026-02-11,2026-02-12,175.43,6.87,0.42,158.93,-0.65,8,4.96,8.37,0,0
COST,2025-12-11,2025-12-12,884.48,3.2,1.88,884.47,1.88,8,3.45,7.64,0,0
HD,2026-08-17,2026-08-18,337.88,4.26,1.25,337.49,1.25,8,2.76,6.02,0,0
ULTA,2026-08-27,2026-08-28,540.1,8.11,2.35,517.5,2.35,8,9.77,14.24,3,0
ULTA,2026-06-02,2026-06-03,494.87,11.22,2.88,471.21,2.88,8,9.49,14.24,3,0
ULTA,2026-03-12,2026-03-13,624.7,8.07,2.83,535.72,-4.34,8,8.36,13.68,2,0
ULTA,2025-12-04,2025-12-05,533.95,7.09,1.72,601.5,-1.56,8,8.13,13.68,1,0
CMG,2026-04-29,2026-04-30,32.99,10.31,0.32,33.99,0.32,8,7.31,18.18,2,1
CMG,2026-02-03,2026-02-04,39.17,10.39,0.24,39.93,0.24,8,7.74,18.18,2,1
BKNG,2026-08-04,2026-08-05,194.27,7.22,0.99,207.02,0.99,8,4.18,9.17,0,0
MAR,2026-05-05,2026-05-06,354.52,4.46,1.11,359.06,1.11,8,4.28,8.5,0,0
LULU,2025-12-11,2025-12-12,187.01,11.28,1.34,204.97,1.34,8,12.37,19.8,5,4
TPR,2026-08-12,2026-08-13,153.74,9.96,1.11,128.39,-2.78,8,9.08,15.71,3,1
PM,2026-07-21,2026-07-22,188.04,5.4,1.01,194.3,1.01,8,5.77,10.95,0,0
CAT,2026-08-03,2026-08-04,830.03,7.4,3.16,876.54,3.16,8,5.27,11.63,0,0
CAT,2026-04-29,2026-04-30,810.05,5.58,1.63,890.11,-6.74,8,4.91,11.63,0,0
CAT,2026-01-28,2026-01-29,643.28,5.71,1.6,665.24,1.6,8,4.57,11.63,0,0
BA,2026-07-27,2026-07-28,211.5,5.41,0.91,221.56,0.91,8,4.62,6.45,0,0
GE,2026-07-15,2026-07-16,360.35,5.45,1.09,345.73,1.09,8,5.68,9.05,0,0
GE,2026-04-20,2026-04-21,303.6,5.25,1.54,286.73,1.54,8,6.02,9.05,0,0
RTX,2026-07-22,2026-07-23,194.88,4.88,0.57,209.16,-3.59,8,5.42,9.81,0,0
GD,2026-04-28,2026-04-29,313.68,5.7,0.55,338.73,-3.18,8,3.47,6.5,0,0
GD,2026-01-27,2026-01-28,366.62,3.86,1.3,356.68,1.3,8,3.73,6.5,0,0
FDX,2026-06-23,2026-06-24,317.24,7.05,1.72,316.83,1.72,8,6.1,15.53,2,2
FDX,2025-12-18,2025-12-19,287.12,6.03,1.18,288.78,1.18,8,8.08,15.53,3,2
T,2026-01-27,2026-01-28,23.0,4.7,0.25,24.07,0.18,8,3.55,6.25,0,0
CELH,2026-08-05,2026-08-06,29.15,11.29,0.33,23.77,-0.34,8,12.13,27.77,3,3
ONON,2026-08-10,2026-08-11,38.78,10.24,0.23,30.91,-0.54,8,7.88,17.99,1,1
ONON,2026-05-11,2026-05-12,34.04,11.72,0.23,33.83,0.23,8,9.58,18.28,2,2
