hold_bars,ticker,n,mean_pct,win_pct
1,AAPL,91,0.0064,48.35
1,ABBV,118,0.028,50.85
1,ABNB,107,0.0464,52.34
1,ADBE,108,-0.0034,48.15
1,AMAT,99,-0.0548,49.49
1,AMD,90,-0.0436,48.89
1,AMZN,100,0.0157,55.0
1,ARKK,98,0.0335,45.92
1,AVGO,123,-0.0061,45.53
1,AXP,122,0.0053,46.72
1,BA,124,-0.0663,43.55
1,BAC,63,0.0382,52.38
1,BKNG,108,-0.1434,44.44
1,BLK,115,0.0465,51.3
1,BMY,75,-0.0357,52.0
1,C,81,0.0089,46.91
1,CAT,116,-0.0449,50.86
1,CMCSA,83,0.0497,51.81
1,COIN,145,0.0897,53.79
1,COP,92,0.0181,46.74
1,COST,119,0.0051,57.98
1,CRM,112,-0.0486,50.0
1,CRWD,118,0.086,54.24
1,CVX,89,0.0197,51.69
1,DDOG,136,-0.2691,46.32
1,DE,130,0.0477,51.54
1,DHR,123,-0.0234,49.59
1,DIA,116,0.001,49.14
1,DIS,103,-0.0424,50.49
1,FDX,97,0.0377,49.48
1,GE,117,-0.0582,42.74
1,GILD,105,0.0658,59.05
1,GLD,103,-0.0137,50.49
1,GOOGL,103,-0.0795,45.63
1,GS,95,-0.0479,49.47
1,HD,116,0.0086,52.59
1,HON,114,-0.0169,48.25
1,HOOD,131,0.061,54.96
1,IBM,93,-0.001,46.24
1,INTC,108,0.1284,49.07
1,ISRG,124,0.0005,48.39
1,IWM,86,-0.0153,50.0
1,JNJ,90,-0.0261,44.44
1,JPM,94,-0.0226,50.0
1,KLAC,108,-0.0834,45.37
1,KO,91,-0.001,46.15
1,LLY,130,-0.012,45.38
1,LMT,120,0.0097,52.5
1,LOW,134,-0.0187,50.0
1,LRCX,96,-0.1454,38.54
1,LULU,116,0.0406,55.17
1,MA,123,-0.0879,47.97
1,MCD,117,0.0035,51.28
1,META,115,0.022,53.91
1,MPC,108,-0.0165,50.0
1,MRK,83,-0.0287,46.99
1,MRVL,96,0.0402,48.96
1,MS,114,-0.0093,50.88
1,MSFT,103,-0.037,49.51
1,MU,99,-0.0924,50.51
1,NET,111,0.0495,46.85
1,NFLX,89,0.0387,58.43
1,NKE,108,-0.022,52.78
1,NOW,92,0.0042,48.91
1,NVDA,119,-0.0442,44.54
1,ORCL,127,-0.0575,39.37
1,OXY,87,0.0678,45.98
1,PANW,92,-0.0615,54.35
1,PEP,106,-0.0243,44.34
1,PFE,81,0.013,44.44
1,PG,116,-0.0383,49.14
1,PLTR,110,-0.0256,58.18
1,PYPL,98,-0.0853,44.9
1,QCOM,98,-0.0025,48.98
1,QQQ,104,-0.0033,50.0
1,RBLX,124,-0.0022,44.35
1,RCL,123,0.1056,48.78
1,RIVN,85,-0.0305,50.59
1,ROKU,102,0.0307,46.08
1,RTX,115,-0.0434,45.22
1,SBUX,100,0.059,53.0
1,SCHW,85,-0.0053,49.41
1,SLB,77,0.0171,49.35
1,SMCI,79,0.0142,49.37
1,SNOW,93,-0.0767,40.86
1,SOFI,106,-0.0982,45.28
1,SPY,101,0.0184,48.51
1,T,79,-0.02,46.84
1,TFC,85,0.0125,57.65
1,TGT,126,-0.0232,46.83
1,TLT,92,-0.005,40.22
1,TMO,104,0.0701,55.77
1,TSLA,129,0.0002,43.41
1,TXN,125,-0.0199,45.6
1,UAL,98,0.0041,56.12
1,UBER,98,0.0198,53.06
1,UNH,106,0.0353,57.55
1,UPS,88,0.0432,46.59
1,V,121,-0.0122,48.76
1,VLO,112,-0.0556,44.64
1,VRTX,109,-0.0073,43.12
1,VZ,86,0.0615,53.49
1,WFC,94,0.0291,48.94
1,WMT,106,0.004,50.94
1,XLE,77,-0.0213,45.45
1,XLF,61,0.0049,54.1
1,XLI,71,0.0207,47.89
1,XLK,70,-0.174,38.57
1,XLV,112,0.0136,50.89
1,XOM,74,-0.018,50.0
1,XYZ,111,0.0792,54.05
1,ZS,124,-0.0324,50.0
2,AAPL,91,0.043,51.65
2,ABBV,118,0.0787,54.24
2,ABNB,107,0.1181,56.07
2,ADBE,108,-0.0096,50.93
2,AMAT,99,-0.011,53.54
2,AMD,90,-0.0921,46.67
2,AMZN,100,-0.0889,54.0
2,ARKK,98,-0.0127,51.02
2,AVGO,123,-0.0732,43.9
2,AXP,122,0.057,47.54
2,BA,124,-0.1014,41.94
2,BAC,63,0.0374,57.14
2,BKNG,108,-0.0873,47.22
2,BLK,115,0.0714,52.17
2,BMY,75,-0.0127,50.67
2,C,81,-0.0012,48.15
2,CAT,116,-0.0266,48.28
2,CMCSA,83,-0.006,49.4
2,COIN,145,0.1552,46.9
2,COP,92,-0.0339,47.83
2,COST,119,-0.0105,53.78
2,CRM,112,-0.0082,45.54
2,CRWD,118,0.0185,59.32
2,CVX,89,0.0234,53.93
2,DDOG,136,-0.3969,38.24
2,DE,130,0.1221,51.54
2,DHR,123,-0.0534,49.59
2,DIA,116,0.0131,50.0
2,DIS,103,-0.0383,52.43
2,FDX,97,0.05,51.55
2,GE,117,0.0034,49.57
2,GILD,105,0.0532,55.24
2,GLD,103,0.0108,50.49
2,GOOGL,103,-0.0867,44.66
2,GS,95,-0.0161,47.37
2,HD,116,-0.0262,52.59
2,HON,114,-0.0016,48.25
2,HOOD,131,0.1057,51.15
2,IBM,93,-0.0095,50.54
2,INTC,108,0.1673,53.7
2,ISRG,124,-0.0389,44.35
2,IWM,86,0.043,55.81
2,JNJ,90,-0.0179,47.78
2,JPM,94,0.0032,45.74
2,KLAC,108,0.033,45.37
2,KO,91,-0.0044,49.45
2,LLY,130,-0.0094,46.15
2,LMT,120,-0.0018,50.0
2,LOW,134,-0.0417,45.52
2,LRCX,96,-0.1014,47.92
2,LULU,116,0.0135,58.62
2,MA,123,-0.1197,42.28
2,MCD,117,0.0391,48.72
2,META,115,0.0657,54.78
2,MPC,108,0.0251,49.07
2,MRK,83,-0.0435,43.37
2,MRVL,96,0.0554,45.83
2,MS,114,0.0184,51.75
2,MSFT,102,-0.0582,44.12
2,MU,99,-0.0298,57.58
2,NET,111,0.036,44.14
2,NFLX,89,0.011,57.3
2,NKE,108,-0.0124,53.7
2,NOW,91,0.0444,51.65
2,NVDA,119,-0.0355,46.22
2,ORCL,127,-0.0198,46.46
2,OXY,87,0.11,55.17
2,PANW,92,-0.0165,48.91
2,PEP,106,-0.0094,48.11
2,PFE,81,0.0655,55.56
2,PG,116,-0.0905,43.97
2,PLTR,110,-0.0495,52.73
2,PYPL,98,-0.0191,46.94
2,QCOM,98,-0.0162,53.06
2,QQQ,104,-0.0094,50.96
2,RBLX,124,-0.0043,40.32
2,RCL,123,0.1406,52.03
2,RIVN,85,-0.141,38.82
2,ROKU,102,0.0231,50.0
2,RTX,115,-0.0576,46.96
2,SBUX,100,0.0649,54.0
2,SCHW,85,-0.0062,49.41
2,SLB,77,0.0473,51.95
2,SMCI,79,0.0769,48.1
2,SNOW,93,-0.0716,47.31
2,SOFI,106,-0.1424,45.28
2,SPY,101,0.0062,49.5
2,T,79,-0.0634,43.04
2,TFC,85,0.041,62.35
2,TGT,126,-0.0179,44.44
2,TLT,92,-0.0104,42.39
2,TMO,104,0.0787,59.62
2,TSLA,129,-0.1631,41.86
2,TXN,125,0.0155,45.6
2,UAL,98,-0.1204,46.94
2,UBER,98,0.0493,47.96
2,UNH,106,0.0365,60.38
2,UPS,88,0.0059,52.27
2,V,121,-0.0136,49.59
2,VLO,112,-0.0348,47.32
2,VRTX,109,0.0018,47.71
2,VZ,86,0.034,46.51
2,WFC,94,0.0723,53.19
2,WMT,106,-0.014,53.77
2,XLE,77,-0.0112,41.56
2,XLF,61,-0.0155,54.1
2,XLI,71,0.0138,49.3
2,XLK,70,-0.21,40.0
2,XLV,112,0.0192,50.89
2,XOM,74,-0.0228,50.0
2,XYZ,111,0.1397,45.95
2,ZS,124,-0.0942,45.97
4,AAPL,91,-0.0353,49.45
4,ABBV,118,0.1182,59.32
4,ABNB,107,0.1341,56.07
4,ADBE,108,-0.0285,55.56
4,AMAT,99,-0.0561,45.45
4,AMD,90,-0.1534,44.44
4,AMZN,100,-0.1108,47.0
4,ARKK,98,-0.0311,47.96
4,AVGO,123,-0.0724,47.97
4,AXP,122,0.0196,50.82
4,BA,124,-0.2179,38.71
4,BAC,63,0.0779,53.97
4,BKNG,108,-0.0742,48.15
4,BLK,114,0.1037,53.51
4,BMY,75,-0.0574,46.67
4,C,81,-0.0618,40.74
4,CAT,115,0.0338,47.83
4,CMCSA,83,0.0952,48.19
4,COIN,145,-0.0331,46.9
4,COP,92,0.0209,54.35
4,COST,119,-0.016,53.78
4,CRM,112,-0.0056,52.68
4,CRWD,118,0.0062,55.08
4,CVX,89,0.0546,52.81
4,DDOG,136,-0.2915,43.38
4,DE,130,0.2208,52.31
4,DHR,123,-0.069,49.59
4,DIA,116,0.045,44.83
4,DIS,103,-0.091,48.54
4,FDX,97,0.0366,45.36
4,GE,117,-0.0552,50.43
4,GILD,105,-0.0006,51.43
4,GLD,103,0.0354,53.4
4,GOOGL,103,-0.0602,54.37
4,GS,95,-0.0524,50.53
4,HD,116,-0.0886,49.14
4,HON,113,0.0517,47.79
4,HOOD,131,0.0113,48.09
4,IBM,93,-0.0203,44.09
4,INTC,108,0.349,51.85
4,ISRG,124,0.0007,42.74
4,IWM,86,-0.0283,46.51
4,JNJ,90,-0.0146,46.67
4,JPM,94,-0.0114,41.49
4,KLAC,108,-0.0676,46.3
4,KO,91,-0.0111,46.15
4,LLY,130,0.058,49.23
4,LMT,120,-0.0285,48.33
4,LOW,134,0.0138,56.72
4,LRCX,95,-0.2124,42.11
4,LULU,116,-0.0252,47.41
4,MA,123,-0.0966,43.9
4,MCD,117,0.0165,52.14
4,META,115,0.0802,48.7
4,MPC,108,0.1104,49.07
4,MRK,83,0.0099,43.37
4,MRVL,96,-0.0037,45.83
4,MS,114,-0.0665,45.61
4,MSFT,102,-0.0643,42.16
4,MU,99,0.0634,53.54
4,NET,111,0.0039,47.75
4,NFLX,88,0.0172,51.14
4,NKE,108,0.0704,49.07
4,NOW,91,0.2221,57.14
4,NVDA,119,-0.0604,47.06
4,ORCL,127,-0.1399,44.88
4,OXY,87,0.1061,51.72
4,PANW,92,-0.0347,56.52
4,PEP,106,-0.0195,54.72
4,PFE,81,0.0241,53.09
4,PG,116,-0.0723,45.69
4,PLTR,110,-0.1024,48.18
4,PYPL,98,-0.0833,43.88
4,QCOM,98,0.0053,45.92
4,QQQ,103,-0.0148,48.54
4,RBLX,124,0.0375,45.16
4,RCL,122,0.1937,48.36
4,RIVN,85,-0.0715,44.71
4,ROKU,102,0.0577,52.94
4,RTX,115,-0.0912,40.0
4,SBUX,100,0.0488,55.0
4,SCHW,84,-0.0749,40.48
4,SLB,77,0.1491,61.04
4,SMCI,79,-0.0312,43.04
4,SNOW,93,-0.0558,46.24
4,SOFI,106,-0.1453,41.51
4,SPY,101,0.008,51.49
4,T,79,-0.0711,43.04
4,TFC,85,0.0635,55.29
4,TGT,126,-0.0443,46.03
4,TLT,92,-0.0235,39.13
4,TMO,104,0.0773,55.77
4,TSLA,129,-0.2375,43.41
4,TXN,125,0.013,48.0
4,UAL,98,-0.025,51.02
4,UBER,98,0.1006,53.06
4,UNH,106,0.025,52.83
4,UPS,88,-0.0293,43.18
4,V,121,-0.0082,47.11
4,VLO,112,0.0605,50.0
4,VRTX,109,0.0212,49.54
4,VZ,86,0.028,40.7
4,WFC,94,0.0408,57.45
4,WMT,106,-0.0302,49.06
4,XLE,77,0.012,50.65
4,XLF,60,0.0028,43.33
4,XLI,71,0.0347,39.44
4,XLK,70,-0.2841,35.71
4,XLV,112,0.0176,50.89
4,XOM,74,0.0111,54.05
4,XYZ,111,0.0799,51.35
4,ZS,124,-0.1303,43.55
8,AAPL,90,-0.0851,50.0
8,ABBV,118,0.1271,59.32
8,ABNB,107,0.2612,57.01
8,ADBE,108,-0.0341,53.7
8,AMAT,99,-0.032,53.54
8,AMD,90,-0.0405,46.67
8,AMZN,100,-0.0926,49.0
8,ARKK,98,0.0793,50.0
8,AVGO,123,-0.128,49.59
8,AXP,121,-0.0299,50.41
8,BA,124,-0.2032,41.13
8,BAC,63,0.1973,61.9
8,BKNG,108,-0.0696,48.15
8,BLK,114,0.2098,55.26
8,BMY,75,-0.1304,45.33
8,C,81,0.2102,49.38
8,CAT,114,0.154,48.25
8,CMCSA,83,0.0559,49.4
8,COIN,145,-0.0613,42.76
8,COP,92,0.1004,55.43
8,COST,119,-0.0221,54.62
8,CRM,112,-0.1265,45.54
8,CRWD,118,-0.043,44.07
8,CVX,89,0.0824,50.56
8,DDOG,136,-0.3146,41.18
8,DE,130,0.3021,53.08
8,DHR,123,-0.1273,46.34
8,DIA,116,0.1202,56.9
8,DIS,103,-0.0724,46.6
8,FDX,97,0.0896,54.64
8,GE,117,-0.0469,47.01
8,GILD,105,0.0428,47.62
8,GLD,103,0.094,58.25
8,GOOGL,103,0.0798,59.22
8,GS,95,0.1001,49.47
8,HD,116,-0.1042,48.28
8,HON,111,0.1255,53.15
8,HOOD,131,0.0548,54.96
8,IBM,93,-0.165,49.46
8,INTC,108,0.3679,53.7
8,ISRG,124,-0.1287,40.32
8,IWM,86,0.0796,53.49
8,JNJ,90,-0.1498,50.0
8,JPM,94,0.0134,51.06
8,KLAC,108,0.1792,46.3
8,KO,91,-0.0056,46.15
8,LLY,130,0.1869,47.69
8,LMT,120,-0.0659,45.0
8,LOW,134,-0.0047,47.01
8,LRCX,95,0.0415,43.16
8,LULU,116,0.043,51.72
8,MA,123,-0.0551,47.15
8,MCD,117,-0.071,46.15
8,META,115,-0.12,43.48
8,MPC,108,0.1968,58.33
8,MRK,83,0.059,48.19
8,MRVL,96,0.1777,52.08
8,MS,114,-0.0147,45.61
8,MSFT,102,-0.0888,48.04
8,MU,99,0.3378,60.61
8,NET,111,-0.0023,45.95
8,NFLX,87,0.0409,56.32
8,NKE,108,0.1616,50.93
8,NOW,91,0.289,54.95
8,NVDA,119,0.0119,50.42
8,ORCL,127,-0.1698,45.67
8,OXY,87,-0.2163,47.13
8,PANW,92,-0.0695,51.09
8,PEP,106,-0.0994,43.4
8,PFE,81,0.0969,54.32
8,PG,116,-0.0076,47.41
8,PLTR,110,0.1482,46.36
8,PYPL,98,0.0923,50.0
8,QCOM,98,0.1511,44.9
8,QQQ,103,0.099,51.46
8,RBLX,124,-0.2348,48.39
8,RCL,122,0.253,56.56
8,RIVN,85,0.0904,47.06
8,ROKU,102,0.1065,55.88
8,RTX,115,-0.0536,42.61
8,SBUX,100,0.1861,57.0
8,SCHW,84,0.0076,54.76
8,SLB,77,0.1599,55.84
8,SMCI,79,-0.0738,50.63
8,SNOW,93,-0.0587,53.76
8,SOFI,106,-0.1686,48.11
8,SPY,101,0.0298,45.54
8,T,79,-0.054,44.3
8,TFC,85,0.1059,56.47
8,TGT,125,0.0501,44.8
8,TLT,92,-0.0434,42.39
8,TMO,104,-0.0782,52.88
8,TSLA,129,-0.1579,44.19
8,TXN,125,0.094,49.6
8,UAL,98,0.063,44.9
8,UBER,98,0.1213,57.14
8,UNH,106,-0.0242,50.0
8,UPS,88,-0.0508,47.73
8,V,121,0.0641,54.55
8,VLO,112,0.1109,52.68
8,VRTX,108,0.0951,54.63
8,VZ,86,0.1479,55.81
8,WFC,94,0.1733,57.45
8,WMT,106,0.0076,45.28
8,XLE,77,0.0097,54.55
8,XLF,60,0.0491,53.33
8,XLI,71,0.169,53.52
8,XLK,70,-0.1778,41.43
8,XLV,112,0.0185,51.79
8,XOM,74,-0.1111,41.89
8,XYZ,111,0.021,54.95
8,ZS,124,-0.0799,47.58
13,AAPL,90,-0.1315,48.89
13,ABBV,118,0.1972,51.69
13,ABNB,107,0.1854,57.94
13,ADBE,108,0.0742,50.0
13,AMAT,99,0.2137,54.55
13,AMD,90,0.2366,46.67
13,AMZN,100,-0.1432,49.0
13,ARKK,98,0.1973,54.08
13,AVGO,123,-0.0159,44.72
13,AXP,121,0.0226,52.07
13,BA,124,-0.1596,40.32
13,BAC,63,0.2442,66.67
13,BKNG,108,-0.1718,50.0
13,BLK,114,0.1238,55.26
13,BMY,75,-0.1726,50.67
13,C,81,0.235,53.09
13,CAT,114,0.0552,47.37
13,CMCSA,83,-0.0369,48.19
13,COIN,145,-0.1277,44.83
13,COP,92,0.1145,54.35
13,COST,119,-0.0453,51.26
13,CRM,112,-0.1182,48.21
13,CRWD,117,0.3399,53.85
13,CVX,89,0.1385,56.18
13,DDOG,136,-0.5147,38.24
13,DE,130,0.4283,56.92
13,DHR,123,-0.1429,52.85
13,DIA,116,0.1099,57.76
13,DIS,103,-0.0444,49.51
13,FDX,97,0.1115,54.64
13,GE,117,-0.0408,48.72
13,GILD,105,0.0204,49.52
13,GLD,103,0.0633,54.37
13,GOOGL,103,0.1663,55.34
13,GS,95,0.1917,48.42
13,HD,116,-0.1674,45.69
13,HON,111,0.1393,52.25
13,HOOD,131,-0.0033,48.85
13,IBM,93,-0.337,41.94
13,INTC,108,0.7967,59.26
13,ISRG,123,-0.0432,44.72
13,IWM,86,0.0762,54.65
13,JNJ,89,-0.1074,48.31
13,JPM,94,0.0092,46.81
13,KLAC,108,0.5718,53.7
13,KO,91,0.0688,56.04
13,LLY,129,0.0513,46.51
13,LMT,120,-0.0703,41.67
13,LOW,134,0.0301,44.78
13,LRCX,95,0.3933,49.47
13,LULU,116,0.0196,46.55
13,MA,123,-0.0197,52.03
13,MCD,117,-0.1348,39.32
13,META,115,-0.3033,46.96
13,MPC,108,0.1284,48.15
13,MRK,83,0.0153,49.4
13,MRVL,96,0.1527,48.96
13,MS,114,-0.0348,46.49
13,MSFT,102,-0.1571,38.24
13,MU,99,0.4824,56.57
13,NET,111,-0.0681,43.24
13,NFLX,87,-0.019,51.72
13,NKE,108,0.0658,51.85
13,NOW,91,0.2161,52.75
13,NVDA,119,0.0779,51.26
13,ORCL,127,-0.1281,48.82
13,OXY,87,-0.2097,44.83
13,PANW,92,-0.059,47.83
13,PEP,106,-0.0782,43.4
13,PFE,81,0.0984,54.32
13,PG,115,-0.0366,46.96
13,PLTR,110,0.0164,46.36
13,PYPL,98,0.0793,46.94
13,QCOM,98,0.1792,52.04
13,QQQ,102,0.0415,57.84
13,RBLX,124,-0.2329,50.0
13,RCL,122,0.2772,51.64
13,RIVN,85,-0.0516,42.35
13,ROKU,102,0.3974,56.86
13,RTX,115,-0.0698,46.96
13,SBUX,100,0.1633,59.0
13,SCHW,84,-0.0034,51.19
13,SLB,77,0.1423,54.55
13,SMCI,79,0.5231,48.1
13,SNOW,93,0.1668,49.46
13,SOFI,106,0.0998,50.0
13,SPY,101,0.024,50.5
13,T,79,0.0092,49.37
13,TFC,85,0.0848,52.94
13,TGT,124,0.0653,47.58
13,TLT,92,-0.0914,41.3
13,TMO,104,-0.133,48.08
13,TSLA,129,-0.0132,45.74
13,TXN,125,0.1808,52.8
13,UAL,98,0.0671,44.9
13,UBER,98,0.2224,62.24
13,UNH,106,0.0498,57.55
13,UPS,88,-0.0393,50.0
13,V,121,0.0485,50.41
13,VLO,112,0.2511,50.0
13,VRTX,108,0.1429,52.78
13,VZ,86,0.0912,53.49
13,WFC,94,0.1494,54.26
13,WMT,106,-0.0306,50.94
13,XLE,77,-0.048,54.55
13,XLF,60,0.1382,56.67
13,XLI,71,0.1405,49.3
13,XLK,70,-0.15,47.14
13,XLV,112,-0.0237,52.68
13,XOM,74,-0.1332,41.89
13,XYZ,111,0.1513,55.86
13,ZS,124,-0.1262,41.94
26,AAPL,90,0.1454,61.11
26,ABBV,118,0.2382,52.54
26,ABNB,105,0.3482,57.14
26,ADBE,107,0.0107,56.07
26,AMAT,99,0.7505,53.54
26,AMD,90,0.8935,52.22
26,AMZN,99,-0.0325,49.49
26,ARKK,97,0.6059,60.82
26,AVGO,122,0.2867,59.84
26,AXP,120,0.0212,50.83
26,BA,123,-0.2473,37.4
26,BAC,63,0.2111,60.32
26,BKNG,108,-0.3225,43.52
26,BLK,114,0.2688,52.63
26,BMY,75,-0.0646,45.33
26,C,81,0.533,55.56
26,CAT,112,0.4976,52.68
26,CMCSA,83,-0.1024,55.42
26,COIN,144,0.207,48.61
26,COP,92,0.164,52.17
26,COST,118,0.0771,51.69
26,CRM,112,0.0914,53.57
26,CRWD,116,0.7024,60.34
26,CVX,89,0.3293,58.43
26,DDOG,136,-0.1117,41.91
26,DE,130,0.8503,55.38
26,DHR,123,-0.4391,41.46
26,DIA,116,0.1166,49.14
26,DIS,103,-0.1185,42.72
26,FDX,96,0.385,56.25
26,GE,117,0.0703,52.14
26,GILD,105,0.1611,55.24
26,GLD,103,0.0405,63.11
26,GOOGL,101,0.2989,51.49
26,GS,94,0.2837,51.06
26,HD,115,-0.1202,46.09
26,HON,109,0.0746,44.95
26,HOOD,130,0.3065,49.23
26,IBM,92,-0.1021,52.17
26,INTC,108,0.9245,53.7
26,ISRG,123,0.0009,48.78
26,IWM,86,0.2293,59.3
26,JNJ,88,-0.1909,46.59
26,JPM,94,0.0616,53.19
26,KLAC,108,1.1043,57.41
26,KO,90,0.181,56.67
26,LLY,129,0.0847,48.06
26,LMT,117,-0.2374,42.74
26,LOW,134,-0.0427,44.78
26,LRCX,95,0.837,54.74
26,LULU,116,-0.6188,42.24
26,MA,122,0.0209,48.36
26,MCD,116,-0.1276,44.83
26,META,115,-0.3071,46.09
26,MPC,108,0.2907,54.63
26,MRK,82,0.0105,48.78
26,MRVL,96,1.1674,59.38
26,MS,114,0.1383,56.14
26,MSFT,101,-0.4149,37.62
26,MU,99,1.635,60.61
26,NET,111,0.1188,47.75
26,NFLX,87,0.0149,49.43
26,NKE,108,0.0013,48.15
26,NOW,90,0.0928,55.56
26,NVDA,116,-0.0719,47.41
26,ORCL,127,-0.4929,48.03
26,OXY,87,-0.1565,47.13
26,PANW,92,-0.1458,51.09
26,PEP,106,-0.0581,50.94
26,PFE,81,0.169,48.15
26,PG,113,0.1008,52.21
26,PLTR,108,-0.393,38.89
26,PYPL,96,-0.4507,46.88
26,QCOM,98,0.3452,51.02
26,QQQ,102,0.2436,59.8
26,RBLX,124,-0.2862,46.77
26,RCL,121,0.208,48.76
26,RIVN,85,0.3698,45.88
26,ROKU,102,0.3238,49.02
26,RTX,114,-0.0962,47.37
26,SBUX,100,0.244,52.0
26,SCHW,84,0.0192,53.57
26,SLB,77,0.1746,45.45
26,SMCI,79,0.5304,46.84
26,SNOW,93,0.4369,53.76
26,SOFI,106,0.0642,48.11
26,SPY,101,0.0923,50.5
26,T,78,-0.2288,42.31
26,TFC,85,0.1332,58.82
26,TGT,123,0.2325,51.22
26,TLT,91,-0.1328,43.96
26,TMO,104,-0.3398,50.96
26,TSLA,129,0.0109,44.96
26,TXN,125,0.433,58.4
26,UAL,98,0.0326,44.9
26,UBER,97,0.3076,62.89
26,UNH,104,-0.0931,48.08
26,UPS,87,0.1358,51.72
26,V,121,0.042,52.07
26,VLO,112,0.3734,56.25
26,VRTX,108,0.1342,42.59
26,VZ,86,0.2853,55.81
26,WFC,94,0.2733,58.51
26,WMT,106,-0.0559,46.23
26,XLE,77,0.2647,58.44
26,XLF,60,0.1872,55.0
26,XLI,70,0.2812,54.29
26,XLK,70,0.0993,51.43
26,XLV,112,-0.0119,44.64
26,XOM,74,-0.0545,54.05
26,XYZ,111,0.2026,54.95
26,ZS,124,-0.1207,49.19
