signal,hold_days,baseline_mean_pct,dip_n,dip_mean_pct,dip_p,dip_sig,run_n,run_mean_pct,run_p,run_sig
"Nday_ret(n=1,thresh=3%)",1,0.263410958983171,173,0.017108139853149844,0.47876629081544364,False,228,0.05348707429771069,0.37268101762011224,False
"Nday_ret(n=1,thresh=3%)",3,0.8018865405227369,173,-0.02081435035104537,0.13770602132737872,False,227,1.1144230719766903,0.48358692241308593,False
"Nday_ret(n=1,thresh=3%)",5,1.3462903642522814,172,0.7197218943763869,0.36856315139904633,False,227,1.4519636587071547,0.8657080519331427,False
"Nday_ret(n=1,thresh=3%)",10,2.7026901898155673,172,2.992954576858299,0.7843322776136162,False,224,3.1424693124544554,0.6043841599543521,False
"Nday_ret(n=1,thresh=3%)",20,5.461749835098581,169,4.502459930994982,0.4769575487400089,False,222,7.64191096368847,0.1405573483442792,False
"Nday_ret(n=1,thresh=5%)",1,0.263410958983171,52,-0.008780224756319652,0.7203289951655599,False,93,-0.0017399124576438552,0.503156699162232,False
"Nday_ret(n=1,thresh=5%)",3,0.8018865405227369,52,0.6189267620304607,0.8716522154246277,False,93,0.9778190103648631,0.7948858248506773,False
"Nday_ret(n=1,thresh=5%)",5,1.3462903642522814,51,2.508609787949486,0.3974975846134445,False,93,1.2801255228530157,0.9482581463238368,False
"Nday_ret(n=1,thresh=5%)",10,2.7026901898155673,51,5.968208023189014,0.1780760770280192,False,93,3.350594677230795,0.6156849594331778,False
"Nday_ret(n=1,thresh=5%)",20,5.461749835098581,48,4.121596702917157,0.6551166615092696,False,91,8.368284594182155,0.2361443236465796,False
"Nday_ret(n=1,thresh=8%)",1,0.263410958983171,17,0.020523445710067943,0.8966124658450351,False,28,-0.3464418041251864,0.4271550493948037,False
"Nday_ret(n=1,thresh=8%)",3,0.8018865405227369,17,2.250490034264806,0.49655402751520933,False,28,1.4375385207919569,0.647883027285619,False
"Nday_ret(n=1,thresh=8%)",5,1.3462903642522814,17,4.7740443114826485,0.14942321473947515,False,28,1.8141649698571694,0.8117246471304936,False
"Nday_ret(n=1,thresh=8%)",10,2.7026901898155673,17,6.297337784234147,0.4704979709839427,False,28,4.938875474341414,0.3457760003233506,False
"Nday_ret(n=1,thresh=8%)",20,5.461749835098581,15,8.612474389271329,0.5741555269974822,False,27,10.198908974046144,0.3538096046450598,False
"Nday_ret(n=2,thresh=3%)",1,0.263410958983171,257,0.3331167661598028,0.7948450737061286,False,326,0.3099166438273584,0.8051750713457818,False
"Nday_ret(n=2,thresh=3%)",3,0.8018865405227369,257,0.8600138639011335,0.893217421660281,False,324,1.0654305768350703,0.4657151326219135,False
"Nday_ret(n=2,thresh=3%)",5,1.3462903642522814,255,1.5216277580124464,0.7606138102644896,False,324,1.4596219650041578,0.8199716504846051,False
"Nday_ret(n=2,thresh=3%)",10,2.7026901898155673,255,2.601306846127666,0.9037693203316496,False,320,3.2073230118973153,0.4305770574641929,False
"Nday_ret(n=2,thresh=3%)",20,5.461749835098581,252,4.6500827618152805,0.43756131182443314,False,316,7.019327476122665,0.18679751879582626,False
"Nday_ret(n=2,thresh=5%)",1,0.263410958983171,128,0.2589758495380628,0.992020441396831,False,185,0.6350118031875607,0.161051213836837,False
"Nday_ret(n=2,thresh=5%)",3,0.8018865405227369,128,0.6939346924365215,0.8694718218352883,False,185,1.353668743773203,0.25140532140631744,False
"Nday_ret(n=2,thresh=5%)",5,1.3462903642522814,127,1.8539252857567579,0.5535477629400394,False,185,1.6194293036276106,0.6946316250886959,False
"Nday_ret(n=2,thresh=5%)",10,2.7026901898155673,127,4.291569635931905,0.2189096977582876,False,181,3.1311276968382438,0.6441013718751525,False
"Nday_ret(n=2,thresh=5%)",20,5.461749835098581,124,6.328583076489175,0.6042199778710062,False,177,8.782178071648692,0.05170679699535266,False
"Nday_ret(n=2,thresh=8%)",1,0.263410958983171,45,-0.05846780428094858,0.7155232267228587,False,93,0.6830094585876212,0.2982688820130716,False
"Nday_ret(n=2,thresh=8%)",3,0.8018865405227369,45,1.4411448711960433,0.572347642993024,False,93,1.8956703190112314,0.12091162467708534,False
"Nday_ret(n=2,thresh=8%)",5,1.3462903642522814,45,2.756480631944483,0.3756786168026226,False,93,2.0721555966703153,0.5022797529870194,False
"Nday_ret(n=2,thresh=8%)",10,2.7026901898155673,45,8.460545396162747,0.018911624044352236,False,92,3.1520418633561578,0.7536753655061095,False
"Nday_ret(n=2,thresh=8%)",20,5.461749835098581,43,11.83137143584124,0.0311100289347569,False,90,10.618888328081683,0.045002203519492384,False
"Nday_ret(n=3,thresh=3%)",1,0.263410958983171,290,0.12156291885198221,0.562356149063952,False,389,0.5459251356352417,0.13530220571576085,False
"Nday_ret(n=3,thresh=3%)",3,0.8018865405227369,289,0.7818113463771771,0.9568622590765784,False,389,1.0859851027416452,0.4028721694977757,False
"Nday_ret(n=3,thresh=3%)",5,1.3462903642522814,288,1.4764199816868186,0.8004677636799076,False,389,1.4489113220515835,0.8202644531970902,False
"Nday_ret(n=3,thresh=3%)",10,2.7026901898155673,288,2.6144287984612204,0.907576124585612,False,385,3.3609160158473754,0.2927651410717731,False
"Nday_ret(n=3,thresh=3%)",20,5.461749835098581,285,5.028758440132013,0.658365720477186,False,382,7.716938661331521,0.03764535244653102,False
"Nday_ret(n=3,thresh=5%)",1,0.263410958983171,168,0.02245545950040908,0.4889556337152184,False,261,0.7197368402476803,0.053833529542338984,False
"Nday_ret(n=3,thresh=5%)",3,0.8018865405227369,168,0.7360330362383469,0.9024329876129462,False,261,1.185270459555966,0.37814339037902533,False
"Nday_ret(n=3,thresh=5%)",5,1.3462903642522814,168,1.2349878803611223,0.8812222740077361,False,261,1.1653210196630357,0.750962254175295,False
"Nday_ret(n=3,thresh=5%)",10,2.7026901898155673,168,2.5876825014273566,0.9148258958985062,False,258,2.972218594999464,0.7210864899864822,False
"Nday_ret(n=3,thresh=5%)",20,5.461749835098581,166,5.433340997732614,0.9829415493216958,False,255,8.499097207364706,0.02938758508283438,False
"Nday_ret(n=3,thresh=8%)",1,0.263410958983171,67,0.06250345901167774,0.7592772934244311,False,134,0.6119272264170765,0.27653341521729985,False
"Nday_ret(n=3,thresh=8%)",3,0.8018865405227369,67,0.8195601972417348,0.9845268053493983,False,134,1.095919820073701,0.6421626530018766,False
"Nday_ret(n=3,thresh=8%)",5,1.3462903642522814,67,2.4489376919264085,0.3863817847325487,False,134,0.8783427875247163,0.59101398119242,False
"Nday_ret(n=3,thresh=8%)",10,2.7026901898155673,67,5.689829614638333,0.12824896698027727,False,131,2.5414039550402183,0.879656413266682,False
"Nday_ret(n=3,thresh=8%)",20,5.461749835098581,65,8.968647791815236,0.13025208321841286,False,129,9.911181517529823,0.03614404887945958,False
"Nday_ret(n=5,thresh=3%)",1,0.263410958983171,338,0.32957159652694346,0.756119973757112,False,468,0.34020557034475085,0.6468415665932018,False
"Nday_ret(n=5,thresh=3%)",3,0.8018865405227369,338,0.8764214538465381,0.8335370486151913,False,468,0.7375399753143866,0.827746217974714,False
"Nday_ret(n=5,thresh=3%)",5,1.3462903642522814,338,1.6139660032975407,0.5707055536700912,False,467,1.3736791767985792,0.944504958883437,False
"Nday_ret(n=5,thresh=3%)",10,2.7026901898155673,338,3.2487771805319072,0.4308933387683378,False,464,2.716585876333683,0.9797879309732238,False
"Nday_ret(n=5,thresh=3%)",20,5.461749835098581,333,5.2014135254638365,0.7679186352231588,False,460,7.130317230356745,0.08608568773353803,False
"Nday_ret(n=5,thresh=5%)",1,0.263410958983171,212,0.34743344716918095,0.7768258906686676,False,356,0.3394232276782791,0.6919444897620648,False
"Nday_ret(n=5,thresh=5%)",3,0.8018865405227369,212,0.9306393036438235,0.7915897268976523,False,356,0.5891625668770789,0.5413280538101102,False
"Nday_ret(n=5,thresh=5%)",5,1.3462903642522814,212,1.8308486712355445,0.44952010958718164,False,355,1.1592914762013664,0.6914376120268221,False
"Nday_ret(n=5,thresh=5%)",10,2.7026901898155673,212,3.3989190043779303,0.4509067526106633,False,352,2.9457917656914243,0.7184491776713663,False
"Nday_ret(n=5,thresh=5%)",20,5.461749835098581,207,5.352904431887009,0.9236528875826588,False,349,8.383235504966724,0.01589475470372226,False
"Nday_ret(n=5,thresh=8%)",1,0.263410958983171,118,0.46532875282925085,0.6534903867463239,False,220,0.3243734996371653,0.8184789942166932,False
"Nday_ret(n=5,thresh=8%)",3,0.8018865405227369,118,1.1810825797301285,0.5860429991683095,False,220,0.351090459426952,0.33678822277526405,False
"Nday_ret(n=5,thresh=8%)",5,1.3462903642522814,118,2.4155707736274485,0.24971118402217587,False,219,0.8539842753292318,0.436027491605,False
"Nday_ret(n=5,thresh=8%)",10,2.7026901898155673,118,5.103233789932538,0.0726302250948689,False,217,2.6073777327307255,0.9121678963082082,False
"Nday_ret(n=5,thresh=8%)",20,5.461749835098581,114,7.584593591701118,0.17468181177167552,False,215,9.641229894355426,0.012674648654692859,False
RSI14(<30/>70),1,0.263410958983171,110,0.6156548485603314,0.33434770746456666,False,231,0.37244900920689833,0.6302201511792312,False
RSI14(<30/>70),3,0.8018865405227369,110,1.666624468051199,0.13464067546303038,False,230,1.1269400270941443,0.440310826611562,False
RSI14(<30/>70),5,1.3462903642522814,110,2.4290401417421768,0.12029284759262736,False,230,2.154166803065133,0.14928659676998535,False
RSI14(<30/>70),10,2.7026901898155673,110,5.139480210811944,0.0047045488147668645,False,230,5.47039105961064,0.001031922947078054,False
RSI14(<30/>70),20,5.461749835098581,110,8.044651855553134,0.02449029525235061,False,230,11.999246357983369,2.1200881053109748e-06,True
"Zscore(SMA20,thresh=1.0)",1,0.263410958983171,265,0.46982425562187974,0.35890579412698925,False,402,0.2523683179842543,0.9499954933936996,False
"Zscore(SMA20,thresh=1.0)",3,0.8018865405227369,265,1.0211757505398142,0.5487440830119028,False,400,0.5929091269170391,0.5050501752542818,False
"Zscore(SMA20,thresh=1.0)",5,1.3462903642522814,265,1.527585574101534,0.6905466054482748,False,400,0.9584723145542605,0.3557303548453053,False
"Zscore(SMA20,thresh=1.0)",10,2.7026901898155673,265,3.3701849704498645,0.2934873359923461,False,397,2.7685566710555363,0.9145216075476249,False
"Zscore(SMA20,thresh=1.0)",20,5.461749835098581,261,5.599478288843241,0.8633128065290311,False,397,7.582116223223611,0.03684577895847718,False
"Zscore(SMA20,thresh=1.5)",1,0.263410958983171,141,0.10008452816123614,0.632186019104654,False,246,0.19488954276218082,0.7622048252152485,False
"Zscore(SMA20,thresh=1.5)",3,0.8018865405227369,141,0.8348173387238864,0.9468839581441437,False,246,0.6643491815596094,0.7323796985412206,False
"Zscore(SMA20,thresh=1.5)",5,1.3462903642522814,141,1.7206977861349706,0.5665003781756816,False,246,1.0795046557091283,0.6246749336180608,False
"Zscore(SMA20,thresh=1.5)",10,2.7026901898155673,141,3.3719894107718384,0.4611221784463559,False,245,2.312714078759345,0.5753742197230334,False
"Zscore(SMA20,thresh=1.5)",20,5.461749835098581,139,6.7757562267037805,0.22358426323256445,False,245,7.922643883978125,0.043230329452978326,False
"Zscore(SMA20,thresh=2.0)",1,0.263410958983171,46,0.6852811917618601,0.506455227969532,False,94,0.09247298985189768,0.6118933906700519,False
"Zscore(SMA20,thresh=2.0)",3,0.8018865405227369,46,1.217452722385206,0.6679494854030006,False,94,0.5753788651610048,0.7438759210789097,False
"Zscore(SMA20,thresh=2.0)",5,1.3462903642522814,46,1.4462672533967766,0.9286532422360753,False,94,1.069978687349645,0.7708673764095177,False
"Zscore(SMA20,thresh=2.0)",10,2.7026901898155673,46,3.5399403968247185,0.6052161540232844,False,94,1.863915903876893,0.4355141424914399,False
"Zscore(SMA20,thresh=2.0)",20,5.461749835098581,45,8.57941316344136,0.1126736470008454,False,94,6.985835517423694,0.4529393763868286,False
